"Data Source","World Development Indicators",

"Last Updated Date","2024-06-28",

"Country Name","Country Code","Indicator Name","Indicator Code","1960","1961","1962","1963","1964","1965","1966","1967","1968","1969","1970","1971","1972","1973","1974","1975","1976","1977","1978","1979","1980","1981","1982","1983","1984","1985","1986","1987","1988","1989","1990","1991","1992","1993","1994","1995","1996","1997","1998","1999","2000","2001","2002","2003","2004","2005","2006","2007","2008","2009","2010","2011","2012","2013","2014","2015","2016","2017","2018","2019","2020","2021","2022","2023",
"Aruba","ABW","Inflation, GDP deflator (annual %)","NY.GDP.DEFL.KD.ZG","","","","","","","","","","","","","","","","","","","","","","","","","","","","3.59197006924308","3.10843920500336","3.96254301219474","5.76986990463084","5.61485981621823","3.82233511678332","5.30031405765243","6.28797536126895","3.37583749127457","3.25948642303557","3.70423775271973","6.59295050184228","2.19006066092493","1.03610080269524","-2.83550241253081","4.43468813342022","3.04904620110997","2.80990970893053","5.06749722968669","3.48434619543613","5.16689296887391","4.26244900176589","1.70328044813839","-1.22340655068425","4.00567421402882","0.184032701346126","-1.99594849465619","3.95889741019282","6.831286936157","-1.00279969703662","-3.17816679833555","3.47754664397004","6.0942074938599","-0.871324635946181","-4.99016807951267","3.41284225233898","",
"Africa Eastern and Southern","AFE","Inflation, GDP deflator (annual %)","NY.GDP.DEFL.KD.ZG","","1.93394652607388","0.596607182700296","3.15005277433811","3.72697762319505","2.96282611249301","3.44451811181899","1.77938414859143","3.22709425782522","4.66069283727156","4.9375235930307","3.27935307114228","9.81457603484399","12.2244749029127","15.1283461293648","11.8844308780282","9.53063246939575","10.4081011819647","10.5402897346018","14.571237401444","19.2052947583143","10.8584883696807","7.69747177597073","11.5568417279521","12.7347557638561","16.1443312605572","13.9165769085529","12.6940698239433","20.1526012639735","14.8392839097246","11.9939039078829","14.9789364247387","14.6406552101884","13.8705025937681","17.0164147872542","16.1027117424962","15.1761803358905","10.5450486551459","9.10917293901807","8.00681329656179","11.1173058824862","8.31282499951298","8.91492825675004","7.8067408729751","9.60039256006742","7.62368935878268","7.65225430526529","8.24576476611674","10.961412407556","8.28143239119239","5.88302203486953","9.74570998523772","6.2038885361032","6.18855482573186","5.40353537265564","5.54529642817306","7.00282332300992","5.2174308654151","4.32175652594989","4.44437946494116","5.08964070914836","5.5355212940521","8.56298470417367","8.77082256021921",
"Afghanistan","AFG","Inflation, GDP deflator (annual %)","NY.GDP.DEFL.KD.ZG","","","","","","","","","","","","","","","","","","","","","","","","","","","","","","","","","","","","","","","","","","-11.7745360343304","6.12552203654018","11.655238221181","11.2714320572149","10.9127735503048","7.19975129292388","22.5277562007029","2.09628875042125","-2.16340442746143","3.81463031545211","16.5933467401627","7.30175646760432","4.82278547876986","0.56694454253261","2.44756300147404","-2.19752646733461","2.40365618765746","2.07134857783487","6.52147984832531","6.9629462552564","2.83899625081041","9.40623933931322","",
"Africa Western and Central","AFW","Inflation, GDP deflator (annual %)","NY.GDP.DEFL.KD.ZG","","3.2784459977796","2.4859555087185","2.78147914636031","3.38106058115134","2.40502608843418","4.13875252313607","1.22775183399891","1.62794933907504","4.21395854255844","3.35065176133496","4.18919648768647","5.14581077272575","7.61859794290713","13.4226391288569","8.58677208918515","11.3197643284874","10.8719879829449","6.61649466282473","10.7617886745716","11.0012811856239","10.0100209398595","13.8205590460171","9.92793639852341","11.315050030616","5.29721350555086","0.326064111948192","2.35651163978967","3.69277055172387","3.50011875822426","4.82244315626079","3.31280575359608","0.482938222012713","2.80670798967146","24.7941952455715","7.39692068899853","6.18642412010941","2.96013877018808","5.30948306910901","4.5010973040581","4.815430261735","3.86179519435659","2.67339738740157","1.71882163202884","5.68195133906449","6.68893394628957","4.64332213979795","5.47702897735707","9.11699967501008","1.48940427014475","5.42967319893799","8.51666047274573","4.73009483577319","1.55401804733171","0.731853329618588","1.9115594158738","1.736323129284","1.7591057757006","2.15033893298982","1.73901363347114","1.71555846221028","4.64220334647923","8.09469401890426","3.38669113752862",
"Angola","AGO","Inflation, GDP deflator (annual %)","NY.GDP.DEFL.KD.ZG","","","","","","","","","","","","","","","","","","","","","","-2.1003061669614","0","0.0127635583866379","0.0011881098994877","19.0352057407944","-9.01306191994358","9.8233113499663","2.21377444948736","16.2796626853837","14.0074398272592","106.309982268478","476.51575086326","917.783468411763","2175.97895508759","1825.49514900731","4800.53164415744","95.4530221791129","39.3593483252693","557.501113091215","418.018991534099","106.352125501451","196.984099399931","93.9265669067308","33.4435947900255","42.3742492617284","17.1156651448542","4.30843221207182","19.3657735558326","-16.7621402901592","32.2704691224412","31.7714601558986","7.25574990943825","2.83972412637765","3.56088477205805","-3.51838534598478","21.7743125582849","22.6144365241349","28.1670932554891","19.1870038271785","10.7631052824799","38.8237218374918","13.7098475207842","17.6477569319598",
"Albania","ALB","Inflation, GDP deflator (annual %)","NY.GDP.DEFL.KD.ZG","","","","","","","","","","","","","","","","","","","","","","-2.13957198618188","-0.0177190996205354","-0.0167551716364898","-0.0283602576437829","0.35122234783789","-2.41730042881588","-0.000306092920837386","-0.00057857927218663","0.0036791601611128","-0.431368812605911","35.5142469575829","232.984658866956","125.650814219817","35.8424752083078","9.9706626786687","38.1720581994814","11.2396444802125","6.73085990507577","2.10284998886902","5.6474714679938","3.81085737408868","3.6474762708812","5.19863530307683","3.15236892537025","3.30681814689954","2.47818888688769","4.3867093833438","4.11708542559394","2.41833605890835","4.49314320031891","2.31474379699794","1.04271460643407","0.288745964127756","1.54991706986272","0.563991350160876","-0.632653419095547","1.45073158124514","1.47295348748196","1.25702482876329","0.696542442312051","3.45443198973012","9.86601343108215","4.55308281133995",
"Andorra","AND","Inflation, GDP deflator (annual %)","NY.GDP.DEFL.KD.ZG","","","","","","","","","","","","7.84587099183875","8.51807771346922","11.8494338560781","15.9452012982009","16.7817954074984","16.4898572156615","23.3830925565265","20.6310414051034","16.9316890728162","13.3548138415481","12.3511732151061","13.5823498320276","11.8842352506624","10.8647343748366","8.59546375990811","10.8788152586437","5.94419880985619","5.93612498887575","6.89620714121754","7.32624365834135","6.93514836160884","6.71076896051142","4.53723214675858","3.87985832158631","4.93312104936552","0.797177729321263","2.22816030666122","1.49955384331271","2.73197952535102","28.7415528975991","3.08053517916559","3.23953176987777","3.17748421556476","3.04242399802695","3.39610212995052","3.45718408670396","3.21122734131436","2.27433831984322","0.132136132405464","0.374313758110119","0.196764152031051","0.174556905779482","0.448492200194735","-0.0840193165570753","0.660588959137868","0.347795381575793","1.13650934319639","1.01247848005298","1.37475350829189","1.11378607410401","2.55955652556359","4.23599022878203","5.85990550303667",
"Arab World","ARB","Inflation, GDP deflator (annual %)","NY.GDP.DEFL.KD.ZG","","","","","","","2.75119762095611","2.38960219713318","2.75484921913684","1.06482413716915","3.91033373592991","7.3570935534278","2.68384905866503","15.246408122544","34.6065505522966","5.59914413189657","8.6297822168616","10.3700771762445","6.46492999055477","19.271855817196","24.1580814737482","10.609536687547","6.37204866176813","6.88749696084821","6.18040856864218","4.23208188472633","2.96400555028975","9.36808988992183","4.17732529981258","8.40158927355475","9.70274861422615","7.44099981033727","5.71674375897769","3.86316291751921","7.60245225222924","7.76719773181837","6.65755752496982","3.45976737901772","-3.13108869741959","8.44337746020058","10.9479190755594","1.86769984238948","4.17065591684414","5.11182917627502","10.991084622511","14.5852591731795","9.09650632380644","8.26411313377069","15.9501259770903","-2.78022303939403","11.1033505813839","13.1672193726198","4.66181078103054","1.75215703553242","1.04867463772903","-2.11493646984442","0.920589535113145","4.96211021928811","7.04476653822132","1.65625304344088","1.22373908004261","11.6549513236373","13.2415371807134","-0.240072212350519",
"United Arab Emirates","ARE","Inflation, GDP deflator (annual %)","NY.GDP.DEFL.KD.ZG","","","","","","","","","","","","0","-5.40012479177676E-13","54.2528270000002","138.263492563892","19.000916","11.7743313549637","5.25575609125775","-3.66111149543976","7.05102054449347","9.51597603475082","7.05448398235433","1.31286872877219","-3.61801721852338","-6.09746718633868","0.740532889900194","-1.69848529741974","3.68558480261687","2.38104573165347","1.75127660936027","3.33590049399264","0.810848722867902","1.80682612323693","1.27803631115864","-0.262474925014473","3.90747975797208","5.77304389866605","-0.952300713494253","-4.25444531455858","8.44337746020058","11.4595357939894","-2.34930767820795","3.77083954826043","4.07240679733007","8.50142205885294","16.5263069327845","11.9621492865846","12.5339606714946","18.5333530849246","-15.1829798865339","16.5278863640702","13.1672193726198","4.67972512554906","-0.949325324877421","-0.668049355690627","-16.2670060257069","-5.52947861264578","4.9862131440172","7.93674803319826","-3.19440940446903","-12.0313053012111","13.8437703409675","13.2415371807134","-3.84309355244665",
"Argentina","ARG","Inflation, GDP deflator (annual %)","NY.GDP.DEFL.KD.ZG","","20.3106975290508","28.8718416496811","25.5911543466798","28.7746173194355","21.2329349264853","25.603462425178","29.0182629355813","10.2753105598205","7.79583003393792","6.46787463920629","31.2710638842292","64.2447859149364","65.535287370144","30.630441370412","197.697364543187","438.322779739816","159.42717769645","161.372172004157","147.377044034473","95.7904246128352","105.276366380064","194.535299663443","380.158528521919","611.196303891913","607.447497830085","77.2922366864133","127.539918059086","381.24634440952","3046.09115201119","2078.31681806978","140.502378661012","16.0719935356945","-3.56109557576575","2.84933971509302","3.16512339016516","-0.0523754965904146","-0.46391313116429","-1.70527962400085","-1.83655839220664","1.03728710073175","-1.09576771833679","30.555204053903","10.4957030215496","18.3633542492033","10.3175111982406","13.7410524859152","14.9399250245835","23.1711649813124","15.3776493708921","20.915124272047","23.7034721839593","22.3148806733049","23.9487984162746","40.2829716315506","26.5799916024707","41.1193799882279","26.0063792819079","42.0336689575031","49.1955790596612","40.0830878011993","53.8404499043736","69.4712395512144","133.839867291437",
"Armenia","ARM","Inflation, GDP deflator (annual %)","NY.GDP.DEFL.KD.ZG","","","","","","","","","","","","","","","","","","","","","","","","","","","","","","","","79.386104296155","568.807295439343","1391.16654315168","4107.29676994743","161.163917579159","19.5917703052133","17.7359944945837","10.6984977562983","0.0538040809325366","-1.37367599828147","4.02796948177824","2.35739901911141","4.5985157283794","6.27859410767147","3.20875666635281","4.61801250818827","4.2778755387818","5.98956236068734","2.49725307891563","7.76871548067652","4.28154999826118","5.34580441814725","3.36682464224465","2.30918242990974","1.21390990471085","0.268575076501392","2.15064189848613","2.78770951425761","1.06562263923419","1.80659270159933","6.90051365787157","7.98570196971615","2.83212316008338",
"American Samoa","ASM","Inflation, GDP deflator (annual %)","NY.GDP.DEFL.KD.ZG","","","","","","","","","","","","","","","","","","","","","","","","","","","","","","","","","","","","","","","","","","","","1.36505293715847","-3.25907462221531","-1.36558343263874","2.81367521367521","3.16061220726536","11.0593351972663","25.776397515528","-15.3648895532304","-0.52356020942409","17.3684210526316","2.24358974358974","-0.962160294226521","1.4697327650683","1.40582171236608","-1.94089005769675","1.69536107125778","1.74828930007058","6.72878072142282","4.8425556863277","14.1527648578811","",
"Antigua and Barbuda","ATG","Inflation, GDP deflator (annual %)","NY.GDP.DEFL.KD.ZG","","","","","","","","","","","","","","","","","","","8.82645062612013","15.1750067607584","11.7375182480628","8.64343267249721","11.5067195282661","5.41509007725438","4.20075189943394","7.85084492490826","8.32931416017392","9.32656261851652","12.7288317145654","5.11981109118966","2.09841051655768","3.10653747347762","2.93123372538055","2.31585364144694","3.58924100547307","3.0463687910141","3.41240765944926","2.53062058558473","2.68151672210762","2.01084703483052","1.48825220695463","2.08478316538981","1.29268465711701","-0.483244128267359","2.34982330100517","4.67677680492626","1.12406956736658","4.37354365910269","4.73737157423442","1.11082507238632","1.60551428909972","0.668645512053459","0.192742785601624","0.476877446195644","1.77839219993881","2.78817037438111","-0.468201309637678","0.312054499370376","1.46029012290431","0.718452311457611","0.800069551909715","4.91376057826946","6.49885619566375","4.80547577274675",
"Australia","AUS","Inflation, GDP deflator (annual %)","NY.GDP.DEFL.KD.ZG","","3.22201774548103","-0.07557197331937","1.79018372872166","3.28816176279243","2.979837731991","2.6838955101632","4.86779595966141","2.25260162684928","4.75318884966782","5.1325972312376","5.18626692479558","6.18906658979155","8.98231455048804","16.3800698199525","16.4893087422911","14.0196954581721","11.4176535070475","8.23752135525382","8.63362931129114","10.0167434019287","9.52508346300174","11.7089791217615","10.1584080262034","7.86270632515709","4.68050647305103","6.54847472633129","7.02710487150895","7.17978708491135","9.22822867055184","6.09217934670514","3.01908496413586","1.48017322275567","0.869228963623428","1.01998540532091","2.29317756099394","2.71139730513055","1.27284722377543","1.13560612644123","0.475401012985117","2.55075058049891","4.63071823972064","2.84030689376995","2.98561973643889","3.23226279973214","3.82550912709019","5.11538874013277","4.98597993495113","4.56982224937894","4.94916075711996","1.15185881776235","6.20209860660222","1.80516406122744","-0.163781510862393","1.40489309838073","-0.622921248890535","-0.655771897383389","3.65123280881308","1.87881043499081","3.46372273602202","2.11382544142691","3.07877416395633","7.12307572259287","6.55737568511417",
"Austria","AUT","Inflation, GDP deflator (annual %)","NY.GDP.DEFL.KD.ZG","","5.08715371681984","3.34020321438659","3.67826612051878","3.18378821910508","5.32141544871342","3.12236608115583","3.24776256800803","2.83803195138819","2.73357287683811","4.74209753751802","6.20437457520968","7.59993159536006","8.04554191115825","9.50213951366192","6.45777589211261","5.62491943497632","5.19871214776761","5.99301661592722","4.11437117122129","5.58062916847484","6.71666766232339","5.35528941725865","3.472783369453","4.94977340821654","2.96299580426029","2.95099701537751","2.43694818761719","1.52685544235396","2.96476055578965","2.99968060930622","3.64187153111726","3.47909329454419","2.75708463928996","2.52494261860797","1.81391819271643","0.986205502429385","1.26699553666487","0.441905227151835","0.256349694475659","1.36404091396398","1.94710539424338","1.14559566666318","1.30755257860011","1.73971884960345","2.53779415754438","1.89216106882701","2.22117586707647","1.95632228093217","1.88926417785875","0.873054962177932","1.83341024455663","2.05423568508493","1.62388806972808","2.17570723682326","2.30097866680524","1.84829469843848","1.0055341594591","1.83806444755734","1.60787622974401","2.71949516223945","2.06821009880306","5.29728373412017","7.60697136979398",
"Azerbaijan","AZE","Inflation, GDP deflator (annual %)","NY.GDP.DEFL.KD.ZG","","","","","","","","","","","","","","","","","","","","","","","","","","","","","","","","83.5495126683364","1065.32923018531","747.12452012683","1386.06739767987","545.656352266205","26.4191629382316","9.24250444099582","-0.96513336719066","2.16214167529371","12.4927738128452","2.51501022581932","4.21438623360075","6.96146570847378","9.25196510735844","14.7234965182528","11.3012191438311","21.0293287543152","27.777459536561","-18.8449572890202","13.5458167908374","22.524361140543","2.88293295403217","0.445064509020867","-1.28499552026639","-8.84969256895297","14.6714002511137","16.1724003104411","12.1848769569655","-0.241307927446329","-7.39596582740913","21.5888241949245","37.2705611565603","-9.20663944963042",
"Burundi","BDI","Inflation, GDP deflator (annual %)","NY.GDP.DEFL.KD.ZG","","20.0774363431424","-3.56741645307069","4.68714930026979","5.4172175752595","-1.02936377839632","3.15203396174695","-5.31798617192774","3.05681315002275","5.36187983493693","5.18451180666659","1.38021894639897","4.29080997127038","5.51044247050103","12.4551776403177","21.0869057883016","8.0749482461168","14.3041256060103","12.5077052224577","26.1307076116281","16.3840243620867","-6.0633150865134","5.67202154795532","6.4285488030003","17.2161949890367","5.06883898015293","-4.25741423815771","-3.41779507858824","3.49122270126601","14.7571848169704","5.98556154520156","4.09314079275475","5.40176069954681","7.74264567579905","6.63844545647953","16.1027117424962","14.4531114060499","32.3977892307747","11.4505560048054","14.9541402608853","38.9448932030909","13.7164067920133","1.02785857373888","11.9457486448591","13.1461593314354","18.8415894769233","2.84566633376673","8.27337562886336","24.2157937434401","10.4587965254196","8.56155516425477","8.36425019828808","14.294071682425","7.9531039994456","5.30565602774391","21.3187470230149","0.97317644189674","11.4491826066034","-2.85085930198137","0.851867434051655","5.9665023314011","8.51671971494707","18.3317223148693","11.3760314899613",
"Belgium","BEL","Inflation, GDP deflator (annual %)","NY.GDP.DEFL.KD.ZG","","1.3154686942771","1.66769194647074","3.02579670028425","4.64242655848687","5.10071293696259","4.08601493307347","3.19343093712618","2.62028927660249","4.02382631115408","4.54619573897254","5.35821781358092","6.31781921413838","6.80698643069657","12.1683402618302","12.889722807014","7.57526311441308","7.47805996825544","4.42325033736731","4.50524137462662","4.12659696911626","5.13919666132385","7.57041624863626","5.61285036609959","5.43871724274632","4.62774213948016","2.7967811357781","1.68411087935741","2.16898990310955","4.79745736166764","2.81240371323102","2.87662448038799","3.42452455952036","3.99323192277686","2.09430477567447","1.22076958003412","0.476619740910181","0.757624410107738","1.80564350098564","0.598897782801686","2.01461738713986","1.98280272084908","1.64000779519797","1.85008868250355","1.91499094831144","2.08307421275387","2.26470714433403","1.93172111672469","1.90884542543854","0.533179397971551","1.89207786027008","1.8072994675872","1.9611193413831","1.27125815498337","0.982645554501687","1.33038612835179","1.92085069495049","1.83027279601211","1.54983152485374","1.76809741631743","1.59949090729611","3.17199355026897","5.89170297905721","4.07987410659135",
"Benin","BEN","Inflation, GDP deflator (annual %)","NY.GDP.DEFL.KD.ZG","","1.04143567396571","3.7805611339427","2.54904113694245","-0.363671991954803","2.05762046368159","1.13666559901029","0.141072430094951","3.27352495312587","3.4541955241058","5.04704693755775","1.57328377262995","5.31722607727731","4.82273994136393","14.9207099075904","14.2469357612696","14.0354300183818","5.17688681033776","12.3344589560374","13.0046858245988","10.1878198573196","7.4689482651344","16.148284015281","4.74620974295648","1.95358095750957","-4.8769817363666","-3.6041725823892","3.02845985259779","-0.610506907481181","2.2249344566343","2.17659692554506","0.756620150311463","3.0251344649124","2.37832182418319","35.0301127836754","15.0994519080227","6.90729366487193","3.66750917412438","5.23160474756106","48.3425433908146","4.3410556635676","1.97028558167254","3.55421325456054","3.06170412441227","0.769711003809874","4.29366413526147","2.09431707279076","0.390153238195737","6.43415220578032","2.53969206095486","0.880885670477909","3.73308304042652","7.69890807691425","1.39729839455183","-0.247782653882282","0.85150426118021","0.683591111274652","-0.367897725119164","0.670447614217636","-0.39755379308734","2.87803228859791","1.61872506665755","4.13878000011482","3.38546435195668",
"Burkina Faso","BFA","Inflation, GDP deflator (annual %)","NY.GDP.DEFL.KD.ZG","","1.90060824059779","2.01037157042501","5.14752475383766","1.8122165810679","-0.656072018182812","2.30311694399366","-4.41100840434797","-0.263878695591529","6.91315419325167","1.78342721857652","3.37747532556914","7.29664525500058","2.67785896654267","11.0147093853435","8.1761559668212","6.72550567482627","18.6619763309535","14.5323255016216","7.7535255123222","8.69436852095804","13.584619381945","9.0465164203043","5.40931696202939","6.50108528918713","0.757066710315698","-6.34567686458379","1.23732316838962","3.40855660018133","4.83162041216929","1.81001541960049","-3.96778074755804","0.227059619996879","-1.44183978328999","14.6389618841227","6.76956903796038","0.348705151128442","1.55619984983713","7.94031603070835","17.3908245064623","-0.819773185220825","3.96155291715017","3.05698609068348","1.48472881492427","0.0906485898375564","3.73938539728054","-0.662826822466556","2.49234918341701","9.15980043749074","2.40550487042772","3.77961872815705","6.73800480732596","5.82399948795916","-2.12917117768745","-0.620386925840478","-2.22395417919314","2.60429919226561","1.41629727998107","1.07396688968345","0.512900505072309","6.46559578871972","-0.160222634994554","5.8891253677839","1.99804549909113",
"Bangladesh","BGD","Inflation, GDP deflator (annual %)","NY.GDP.DEFL.KD.ZG","","6.25748157866572","0.0222234958286265","5.16405902180735","-8.74322462412965","7.93170495658858","6.2961888340664","14.7919634515429","-5.76958438106553","11.8277158013046","0.510309048647599","2.96325493219116","4.40201965201383","61.4057832766472","44.5427168978641","80.5697564038146","-17.6304192925942","-3.21015592853855","25.6188855872346","12.5645059899549","17.5550670900907","9.89469031189954","9.85581246335163","8.48775587837083","7.8755663490862","18.4951156996505","8.25440489427083","11.1196311686084","7.49583529709692","8.33797324985537","6.53273529225511","2.72953199539077","2.58216189991052","0.155518172723973","3.96621631555998","7.14493870340395","19.1432131128285","3.80023220091314","4.73621256184072","3.78103773665002","3.44665934914798","3.26116013222439","3.8928674350377","5.81581664789621","4.5621363796936","4.58636070641845","5.87593581109938","6.47126010502515","7.86096609394262","6.76435468091874","7.14466302810841","7.85945085272492","8.16457367624635","7.17495343232414","5.66878852513904","5.87277704102323","27.8507377248339","5.04759758203714","5.80553876704575","3.65813755162172","3.84106338588026","4.1211747067957","5.04902187883131","6.89712404003441",
"Bulgaria","BGR","Inflation, GDP deflator (annual %)","NY.GDP.DEFL.KD.ZG","","","","","","","","","","","","","","","","","","","","","","2.82093836829875","1.91647280459254","-0.645271729639873","2.73674849638195","0.229177128441037","1.34548961532433","0.0638388002033707","-5.38974383656904","6.72968413426919","26.188000659147","226.537859856257","59.5786493866893","51.0910538964772","72.7049682379488","135.955619033173","62.9662443201069","913.213099580718","33.9510285620481","3.31913959417606","7.38083746669133","6.11773279178804","3.84838024147479","2.18941022702408","5.58155742621396","6.59425858739591","6.75647428628594","11.0514317081502","8.10345623202093","3.93801932553089","0.76412999957472","6.11282991673312","1.11217894674517","0.0719515178029013","1.34078333993489","2.94774587270894","3.32355974481327","4.81312048422326","4.23460549792284","5.23925655379578","4.26010568588524","7.13449171826458","16.1819558948452","7.51053660155243",
"Bahrain","BHR","Inflation, GDP deflator (annual %)","NY.GDP.DEFL.KD.ZG","","","","","","","","","","","","5.7996483478308","5.21139974308282","13.9800996795761","24.6854163481353","15.9057994289581","10.3223719329067","11.2976030321677","7.68712134418432","13.5122278263836","24.1580814737482","18.9117650564629","13.7239941504404","-3.6899671582767","-0.418480067619569","-1.8249945256708","-17.3926503062921","0.659048470559156","2.00942770331545","3.97466036499881","4.82669556670419","-1.88252399514947","-3.53265287221507","-3.02581476787165","7.33118744403292","1.09067017528857","0.196720000526042","0.931716358623419","-7.05741107773439","2.65643643982582","14.3225233904653","-3.363827919977","3.41434955563086","8.60258061783622","10.991084622511","13.7349678263372","8.84243671557729","8.43563269466982","11.3650919229748","-12.9939412103815","7.44112596625766","9.7367534959574","3.01476585183988","0.384140010808977","-1.67088300426047","-9.36933214101725","0.133884876592631","5.80724132200565","4.32556001878106","0.0832617803389297","-6.06707692867674","10.6141874282184","7.69906735801398","-5.01191901802746",
"Bahamas, The","BHS","Inflation, GDP deflator (annual %)","NY.GDP.DEFL.KD.ZG","","1.1606012622369","1.08963254049117","1.34376418850665","1.50530105179342","2.01172771867087","3.77131854952945","4.71307254427329","5.16348079264377","8.92537279385365","6.14534567353972","4.58255158002414","6.78665889377336","5.55102348016221","13.2327069707826","10.656378273571","2.38966527079236","1.72870302662741","2.24788378499659","8.55409653526438","10.006865620159","17.6883277052724","3.69500753937939","5.97696702362265","3.17143546967425","8.46072714215906","4.66038702945271","6.58634765221417","1.48431064359704","1.81317133576107","5.0737110468758","2.55653988633048","3.90556543657969","-0.851983747862761","2.18336657794642","0.802435337290049","0.984243640773144","73.2294702373079","3.04892132747692","4.95093892443033","0.92270742527738","0.353150704560917","3.96047432502201","1.15487905427804","1.19499759116476","5.05600839849254","0.828194507426659","2.94796581175521","1.48861068805519","-1.03638031397996","-0.392565565624793","-0.858605322784499","3.35649662686548","-0.170344886524703","3.64817136334401","5.30893214629577","1.60448975573296","1.34831042029538","0.456170832413122","4.59340787218045","-2.6348030197491","-1.07183744667745","4.30104615816353","6.34442014479342",
"Bosnia and Herzegovina","BIH","Inflation, GDP deflator (annual %)","NY.GDP.DEFL.KD.ZG","","","","","","","","","","","","","","","","","","","","","","","","","","","","","","","","48.4724077601571","1362.0287835516","7544.81368150569","49.1182675614766","13.3824463507885","1.63963391457347","11.1492939468364","-2.4396946739963","8.43332373993806","30.3325930267657","4.72611761621648","5.00786637251515","1.41086147967751","2.16197157775764","6.18901576798206","7.80012735973601","6.19756939107606","7.33535128597794","0.18546652937485","1.40629396620604","2.43252790824482","0.795773347301477","-0.224122003175367","1.00033721930362","1.36573070914964","1.33330596746471","1.77870702677497","2.79162490401892","2.47150468459363","0.0621425496305932","4.96460441570017","11.8088401064015","5.53050196861275",
"Belarus","BLR","Inflation, GDP deflator (annual %)","NY.GDP.DEFL.KD.ZG","","","","","","","","","","","","","","","","","","","","","","","","","","","","","","","","110.376705259848","1030.7768106265","1058.7144977475","1945.7486042475","661.504077120537","53.7143273468706","71.6495747331926","76.5804464542023","316.7934348252","185.290760909447","79.5345724468493","44.8937388361963","30.6853215603655","22.6751225041151","18.9721605296379","10.7486157350723","12.8727022297203","21.2135361351524","9.25866190364002","11.2904747190259","71.0388215239761","75.2773691775824","21.2572956942507","18.1049633990999","16.0232393330965","8.34100450279709","8.62353504522142","12.1392366758709","8.57690850921516","11.8778791076959","15.3264151844105","14.884680385365","7.36823053571227",
"Belize","BLZ","Inflation, GDP deflator (annual %)","NY.GDP.DEFL.KD.ZG","","1.76302684361021","1.35696458794028","0.937659292385334","2.1361710102157","5.61061426992472","5.77393377768026","3.12244371070869","1.67935812072308","0.215932233217899","7.36964239731709","5.06390365570977","-1.23523514874448","14.6762708750828","21.7106229615321","16.8772913604421","1.15748445446403","2.24249544860146","7.34918198462597","3.58543421304765","14.9487836690943","-2.04440241965011","-6.97999438217143","7.74075518403565","9.43907991513977","-1.80503650789562","4.20236122243575","9.58153706474552","3.72633554051913","2.04538601534058","35.03477000449","-2.45678809966383","3.4099064324646","1.87716544555549","2.63788116462433","5.31571545617044","2.74845225915072","-1.50006216898456","2.40801255959535","-1.6723132151743","1.41409767562723","-1.9551084747207","0.719909277622293","-4.15704407383359","2.09284342286597","3.01220304566084","3.24734573122349","3.8360883062072","3.51756129902832","-2.47330116344131","2.15866630194867","4.89924322019193","0.746406422695472","1.91355295724019","1.06482027122048","0.0473144417774591","2.10194111830788","3.03193300945088","0.0958549199362864","-0.130661894485968","-0.549657420797431","0.458796254775649","7.36483425999626","10.8967479288795",
"Bermuda","BMU","Inflation, GDP deflator (annual %)","NY.GDP.DEFL.KD.ZG","","0.939036517496291","0.976544538669174","1.27080143296934","0.461053035901188","1.46112299618156","2.60861101120594","3.480335621725","8.98161460999496","6.28106312607204","6.26951940434624","9.5462115639538","9.52577076094168","12.8122096515393","14.9839477291005","6.35702720628426","2.78364919926506","9.26910109674546","4.91871025580943","6.41536340126774","9.85408706983225","17.7093912972892","12.2085919666699","10.9973810786129","10.2965524912566","7.61408816829676","5.83513671421576","6.4881541787956","4.8930139730095","5.6367131469639","6.03357230876908","6.43059116866058","2.81388110098526","5.19630458908094","1.95956796770183","4.17846351515574","29.3646976052491","4.02390310161174","2.74155110645576","2.7121512028961","-4.23635614734731","-1.36919574128204","8.58044229104615","2.82473952065922","4.6921425981385","6.7623747376536","19.5791618081038","6.57489483173077","5.10891410236363","1.04358316995928","2.23622200255707","-1.15125598094265","6.69820369155734","1.65727319420499","3.01189087721518","2.95202006984243","4.37320384221451","-0.094833735989738","1.6111169764896","2.41935194490377","-0.409804359592485","0.361400030497762","0.938226826481198","",
"Bolivia","BOL","Inflation, GDP deflator (annual %)","NY.GDP.DEFL.KD.ZG","","6.54817331849735","3.56147105600473","0.824214662302779","8.3859430532427","5.89102517358364","3.31587642820679","6.23245861722945","4.5884842403546","3.71900826476657","3.96056114698928","2.53863226297418","18.9777488047166","42.9445090900202","61.5459604674601","6.69527765368763","8.5989208742604","12.5406184290034","14.1038108089384","19.7971736389825","25.0489435882232","29.4860358871244","158.282749784618","265.197960314747","1443.39728586554","12338.6602150646","230.105222284287","14.5841938238962","17.5233370962606","13.1864212740411","16.2679419846371","17.6894402203167","13.1992044095149","6.5571581914609","7.95220772509668","11.4272817104485","11.5802068693934","5.70504335822339","7.05112676533632","2.41156588906529","5.19540520801752","1.87009365776751","2.82075739734616","6.32999229252485","7.96770950924268","5.94079763021928","13.6636795403543","7.37335386111839","10.381181762675","-2.41989432827502","8.77750811554523","14.6023542400665","7.10027550115058","5.99538836854924","2.04949772560468","-4.62060225845632","-1.35487058059017","6.06139996218435","3.05626575345299","-0.693003271755344","-1.8543866829455","3.95611968532512","5.12446443182509","1.69955321481343",
"Brazil","BRA","Inflation, GDP deflator (annual %)","NY.GDP.DEFL.KD.ZG","","34.6178049419981","50.2494544807889","78.4174334561054","89.5336653268287","58.9331842000454","37.9360979573494","26.528941929666","26.7067163627493","20.0517842311481","16.2551115402188","19.3845851134334","19.867091675534","29.5803566969394","34.6058549964615","33.9294367418917","41.2036240161754","45.3980562145509","38.227611227227","54.365960027812","92.1419446109039","100.528877121889","101.034394745721","131.484045057202","201.740282133397","248.543659125921","149.179318289698","206.208708657138","627.951470204274","1304.42420943485","2736.97067768831","416.678093932004","969.012962839962","1996.15024717719","2240.16886623198","93.9780430551367","18.4562437687673","7.72902341184411","4.92436158488788","8.0105008831072","5.60606514085735","8.22509432125631","9.79811223755975","14.0910215230394","7.75206076321267","7.43122475252851","6.77427411913297","6.43903808702757","8.7785527236756","7.31348274592885","8.42333833667878","8.3185922188201","7.9431269413538","7.50456453292993","7.84670974352809","7.56617501207116","8.10360435870246","3.67138451275035","4.49353433137021","4.22425886899158","6.47249960755747","13.047270877833","8.5702819532232","4.65899475870381",
"Barbados","BRB","Inflation, GDP deflator (annual %)","NY.GDP.DEFL.KD.ZG","","-0.947999324570716","-4.63572086413262","18.5347350852015","-5.37745217743186","-5.04522776825925","3.63346666424809","1.64735579002824","7.77304229045117","4.59091116320371","7.34403645440042","6.81246043330559","9.89330321021806","22.7741343668197","31.4213941468281","29.3607284869703","3.02098256500241","9.75033574482947","6.71750617089262","12.378333452445","44.6781020465745","12.2002890324816","9.84576708393026","5.66428865895918","5.18324310134044","3.5143272425249","4.47349515734055","7.33777019238279","2.75735511474133","6.82357775062108","3.72830835473781","4.49528291877913","2.12239358977178","5.19536641314413","2.20984265586846","1.01614920853133","2.53841641959507","0.91689849789374","8.70325615354071","4.43342351579929","-1.32283915072385","2.25538925187499","0.907856236699956","1.11587216720585","5.82814413602438","6.66772455718502","4.09637073569363","8.61226108302513","1.8069348739949","-1.82970441549432","3.82403073677413","3.61347390236885","-0.602948866437217","2.88222433090117","0.450286493615408","-1.8109976553294","-0.234639823278556","2.61208254190022","3.32871024274044","4.26027852762194","1.82438234111835","4.70175451426489","4.07580648343971","4.73582804327133",
"Brunei Darussalam","BRN","Inflation, GDP deflator (annual %)","NY.GDP.DEFL.KD.ZG","","","","","","","","","","","","","","","","5.51896385125062","5.62712678034218","8.38109941297269","-2.17142932533825","12.6718897423209","86.113967266102","9.0215950239773","-4.8384433326173","-11.4200353159013","-1.27417156323988","-2.46494104730081","-31.9047475758694","10.72996071346","-7.66907302175964","8.69804995888532","8.40996376629131","-2.83728082295565","1.72687535623919","-2.95148952716741","-8.7636265269017","2.87299753220067","4.48875581511778","8.58485338489292","-11.6485735659254","11.5939764773489","29.0157091741674","-5.59189804976488","0.374209528530272","6.10461106430277","15.8861646575306","18.7663191432748","10.0477214755424","1.12044769381039","12.6927299583618","-22.091416476352","16.6882828463997","20.1805054151625","1.21870268728608","-2.82132116989543","-1.84645728365686","-17.6128031341262","-9.16786161646344","4.95369028901914","9.21586313276943","-3.3341833764367","-10.8637596350162","15.4659287021718","24.2367268387765","-12.8961958316631",
"Bhutan","BTN","Inflation, GDP deflator (annual %)","NY.GDP.DEFL.KD.ZG","","","","","","","","","","","","4.45844437560898","5.89793368064259","13.0176970347093","17.1703296981095","-0.0768639447330344","0.0416224474352447","0.0107594045297219","-15.878062947844","6.00618391022034","12.5171777630606","3.46255526569963","7.28714922985733","7.15835941036811","10.1636890224142","6.50861470043431","7.1854379022555","1.10117268532612","14.9648718212948","5.60791537798187","6.20535307307131","8.94128431788887","8.92328953891732","8.5134507279827","12.3412551003855","8.28438271093883","8.11263265655306","12.9068748124847","10.6962672170804","6.17025899588326","16.5271466683627","5.33733054010726","5.16519301584202","3.62430623598662","4.34588162820633","6.47920240255652","6.57512374147187","4.68817791946596","5.60618091108023","4.42409941744582","6.08189139722215","9.15856197668302","9.02008280823424","6.39092760581912","5.94053682261877","3.31620739595171","4.15140396040216","4.45816252837969","1.1508586850934","3.10800221433527","5.28736805563814","7.62802009633363","5.79486005151392","",
"Botswana","BWA","Inflation, GDP deflator (annual %)","NY.GDP.DEFL.KD.ZG","","1.93394652607388","1.3607353246847","1.17682676236394","2.54749887093","3.84627563234521","5.7887420057326","7.58155107415146","2.16614944830191","1.58435525756155","5.97859337961172","4.66418002291394","10.7754221870034","9.90661234182461","12.7969241426477","16.4672818581188","11.3155298862756","4.93738331217833","12.4668113543472","21.8563617415505","10.1902825259392","-0.0883228372840534","3.69541837451474","8.74548539531783","15.4269850662799","22.8936594351147","14.0612498745981","12.6940698239433","22.6970595684823","13.6487772589783","6.30001828407154","5.17770993692341","6.63928085355347","13.0647004889209","9.46380470158942","7.15529485253452","16.1121954488091","4.99060848779871","9.96727081881656","14.2352084945169","14.1709669143697","8.31282499951298","1.18737069613121","3.25908437200664","10.0787886535731","15.4717065693105","5.1543983602337","6.02919765064402","9.37273025563468","15.1089337480839","7.6830614533247","12.6533215833519","3.01184160842378","1.5321209980109","9.60400220258751","3.73031737555105","11.9049111318198","-2.64991927643297","0.0571969585408283","0.507585435653098","4.37899382741232","8.38144972399829","14.6175509748138","2.12586024418459",
"Central African Republic","CAF","Inflation, GDP deflator (annual %)","NY.GDP.DEFL.KD.ZG","","4.63501852407487","4.88874686844647","4.67447570130837","7.54197105015557","5.03913870121602","4.47541104842317","-0.774417229772368","16.1724010608566","-3.85268771319454","4.49087969968032","4.93826828935202","4.64423708915463","2.19949026241304","5.38099970484274","19.3262162143988","25.9966269302932","11.3724628206274","9.22839370206516","10.9266339771195","18.2653791713287","13.8727460514407","20.9142340489744","11.1028813560158","1.41940106495943","34.1451753514768","-3.42903722815151","-2.30335118277361","2.62405594015438","2.45620480015998","1.83664510564687","-0.389815607540783","2.78264702243938","-3.43302031766279","24.4125696821529","9.89797585830159","-3.54304573295389","0.823381000647387","-0.414154094982351","4.08471548975844","8.5066010783456","0.425938675009292","-2.37188170574854","1.33641863140784","-4.43978593836373","4.18843708159385","3.33404593869069","1.83823165042337","7.07707072361423","0.711628390754186","4.21130931097511","4.00911505710052","6.18103617692616","2.48748677760067","11.8938033016777","2.70826310785282","2.98011408445534","6.44370628779525","-1.22411715845705","2.32783705140642","1.98216055627785","3.18576646900353","5.9679244498741","3.39995299007134",
"Canada","CAN","Inflation, GDP deflator (annual %)","NY.GDP.DEFL.KD.ZG","","2.44442707980437","1.30987461608481","2.18222642526791","2.83181940854789","3.7750321193182","4.92090461079211","4.45413882488484","4.06513392892218","4.82678269131655","4.72201383000848","4.93143997588837","5.82604410879335","9.92880660941735","15.5694800549171","10.997734532867","8.78342642035651","6.71753507741943","6.82659461471485","10.0700506013902","10.0558897409454","10.8709573442936","8.8270784009845","5.82447504958721","3.54539026295097","3.33838918991506","3.13237904093367","4.79160141366921","4.53999817633812","4.68125324002972","3.35230172492575","3.05676989607522","1.47085083373742","1.28904288219367","1.45563096077591","2.26332573160717","1.67527501989628","1.14412830670354","-0.176225256269674","1.92385564173627","4.37419903079417","1.5736767667921","1.25752345524339","3.24973700697623","3.26087389828982","3.11663850487676","2.57017267466084","3.30054564423155","3.99631645542576","-2.32492207227941","2.84863776634425","3.24445517550211","1.21844370738719","1.74073790573416","1.94119897748668","-0.867651312323389","0.716978140660657","2.57101465425282","1.6511181981862","1.54607075438069","1.07081026807496","7.66486542253131","7.65381992676227","1.60524180977552",
"Central Europe and the Baltics","CEB","Inflation, GDP deflator (annual %)","NY.GDP.DEFL.KD.ZG","","","","","","","","","","","","","","","","","","","","","","","","","","","","","","","","99.2954227330503","199.858895609549","51.0910538964772","37.234034809391","27.9376478302075","17.9523422828688","9.9224728330009","8.17760236408833","6.1645095253735","5.56526765538521","5.12148751647621","3.93782252221926","4.3003787301563","4.91662799719515","3.115914979951","3.88021393036246","5.44367721666583","5.51094593665616","2.97975458150135","0.929960423928904","3.116063878264","2.22424772645388","1.36470473782452","1.34078333993489","1.00504348534045","1.14145060120347","2.94787720841359","3.52717427534756","3.60594797650113","2.3708060097013","5.26096004030063","11.8012689904466","8.55531034033403",
"Switzerland","CHE","Inflation, GDP deflator (annual %)","NY.GDP.DEFL.KD.ZG","","4.05828923728673","5.8270682242229","4.84776024217327","5.3107281269253","3.79724141899177","4.8050096929547","4.45331556147023","3.0811057929822","2.57439164656685","4.71275554296899","9.15112371907077","9.80195916958131","8.14042509758283","6.93261888069129","7.13294120114362","2.72985453980796","0.25801177789846","3.61276500844454","1.988368644864","2.70668273781347","5.66110770362236","7.34804061217811","2.3668842526853","3.75963798821918","2.27073072584507","3.03459397604009","2.19348208822963","2.79023880959011","3.45846016176607","4.60362132287064","5.40910475702043","2.12463504318221","2.32202399254446","1.18438713620428","0.737757710726214","0.280022460607341","-0.476483336948348","-0.189259059141946","0.0437705570972611","1.36728550428708","0.974383320001323","-0.249463899497144","1.17975924142517","0.296627279296985","0.924638291551645","2.15025798459116","2.37706132688891","1.44992801006573","0.457543979622471","0.312736574258764","-0.0204529167059491","0.0637202631572649","-0.0868426404352363","-0.653123803620176","-1.2650568747671","-0.583291591583972","-0.367869216813958","0.764289197175742","-0.103895158007788","-0.699187622738137","1.24619196669597","2.4971595038279","1.02331402592833",
"Channel Islands","CHI","Inflation, GDP deflator (annual %)","NY.GDP.DEFL.KD.ZG","","","","","","","","","","","","","","","","","","","","","","","","","","","","","","","","","","","","","","","","","","","","","","","","","","","","","","","","","","2.26960343211655","3.56982668918671","1.91332900538812","1.9787662245762","-3.31337678422426","4.33644677454623","",
"Chile","CHL","Inflation, GDP deflator (annual %)","NY.GDP.DEFL.KD.ZG","","6.56898159256187","12.9485164298049","43.8204273483921","47.934362079969","38.8400953747234","28.5813608055731","25.1448875388211","33.4686701543952","40.1605325593821","40.5757859262563","17.6716716514348","87.5948636847114","414.810311002201","678.608462183602","347.201209420559","247.308508558592","101.773621844756","56.2846405522628","47.9776851024257","29.1176599025143","11.5688525347474","7.65634725512152","30.9636724868069","15.7375320928942","41.6819057285706","21.4548966568028","25.8484189824577","21.7178811867141","13.756031768695","22.4709370974082","21.3909823000844","13.4643770215386","12.1644196722728","14.4639849515997","11.6807181078817","4.07977619624471","3.33058050494175","0.778990205960753","2.18776787056487","4.56004348689325","4.27714698160932","3.34066036755067","4.30030088589093","7.02476170687822","7.12031535651923","12.3498959180141","5.08875706456591","0.31113250293626","3.57779503707295","8.85744149583176","3.26051486014924","0.76346667921203","2.26077061226466","5.85289162817273","4.95436552710441","4.56065604390805","4.82819188168904","1.59019973757384","2.56778721379496","9.66572269693961","6.9147558846894","7.91378346570282","6.59951204566833",
"China","CHN","Inflation, GDP deflator (annual %)","NY.GDP.DEFL.KD.ZG","","15.2539937422838","-0.114964918333001","-2.62161065089663","-0.362038483146961","0.869780803466895","-1.56207082781846","0.813497276303423","1.36357574817218","-3.79252871733334","-2.61457045012541","0.665937402342948","0.0741856162123327","0.208465019329097","0.277735670864217","-1.13117515358849","-0.106286227875046","1.09377177567144","1.6751424983774","3.60005477154243","3.75177705666638","2.3578714211681","-0.140355089607652","1.15679526219297","4.94416271275","10.209399044134","4.66902079732996","5.08251646765456","12.1076614989561","8.60246513372107","5.7112241686844","6.7145369584825","8.19032302163217","15.1858645089504","20.6169888119177","13.6656964001969","6.50673063542777","1.61656874206059","-0.900251628944076","-1.26305893875535","2.06279261346987","2.04704945728633","0.602099078250106","2.60317771902103","6.95199268086466","3.90374426907985","3.92654939643413","7.74968649303898","7.79534603698191","-0.209533361180647","6.88138025334055","8.07568446704094","2.33121757581199","2.16337002665455","1.03106368780396","-0.00294409364951775","1.40734602732051","4.2326819752236","3.49974763567195","1.28670040766232","0.49249391805742","4.55232657897571","1.78570164213482","-0.535569713948448",
"Cote d'Ivoire","CIV","Inflation, GDP deflator (annual %)","NY.GDP.DEFL.KD.ZG","","2.99006346469766","3.0048198149284","3.01391715577817","2.906177950873","3.07886780467852","0.0416032240180328","1.22775183399891","5.79379997879829","1.85391784764981","2.99084831038685","-0.941093871223046","2.51161642845075","13.2279689683128","26.6941713348517","4.31395366224771","18.2229732475378","28.7512918339878","4.43330463446982","6.54139713343109","24.1436771091168","2.97699115837639","8.301317589562","9.0467819094663","17.9098958917756","0.343657064772017","-2.0204048360965","-4.07520680060972","-0.380926014955392","-1.01240652384017","-4.52327354283084","0.663489267146474","-0.0238371372650903","6.15419429089883","46.386069435419","11.0437898513941","56.2837762738966","3.9214742013522","5.38736139065696","-0.775911929443382","1.60101728726917","6.87596879742645","4.58213735216555","3.27812069285412","-2.50335752004385","1.21513493970562","1.3595382596009","3.08854944572292","5.37293348500339","1.20777929723688","1.5162179241976","5.70932050005679","-0.404098360740875","2.87673042852516","4.40733235572075","4.77568237270827","-1.17983243565696","-1.04167724810101","1.68197647164214","1.98335249250374","1.82838309396156","3.93013137532301","2.08589858906348","2.48517710316098",
"Cameroon","CMR","Inflation, GDP deflator (annual %)","NY.GDP.DEFL.KD.ZG","","5.06444908786447","3.10995906856846","-0.264119025473548","4.42103332668367","2.75243171318678","0.188376713871548","23.6291850819427","5.75072991629206","5.30196140186696","7.88400335930839","3.44012468602091","7.97638345748406","6.52953303975295","10.6560928613066","5.99007282435463","19.6744435133242","5.88477383366055","3.409806634349","12.8527667500476","14.2458946461921","8.80019382633151","12.4819514530964","12.76307193047","13.5521917921707","11.1871278834318","0.179235683877991","-2.39230914632165","0.813898665359304","-1.81908316337979","1.64309843091495","3.56871352957361","-1.27767102935427","55.7553793703876","5.88247234703603","6.63451403710884","0.410559080515867","6.16381105450779","1.0658698782603","2.18778850065175","1.53156295867964","2.46935891471448","2.77449284953897","1.95291444913342","0.139487834807241","1.35714195904053","2.29967497786163","0.490708034705946","4.94053681167803","3.60351518418189","0.688187082777645","2.58904424747894","1.94228536388823","3.05345916925037","2.01421263022257","0.309791677780538","0.661808977155886","1.02514116066253","1.89699162266248","1.16977181911541","0.705572037621721","2.87893161741704","5.33661200458351","2.72600955064017",
"Congo, Dem. Rep.","COD","Inflation, GDP deflator (annual %)","NY.GDP.DEFL.KD.ZG","","6.09947816091348","21.2407719665047","87.8492013040613","3.54797755518112","38.952121511214","4.9738205992077","58.5744103434969","59.8827848538422","17.7310618338502","-2.83694889969371","8.20369678861258","10.1813984597602","17.8870494878738","18.238322992894","12.2654179764006","57.3954283832357","37.2716487302664","28.4142985200925","101.770036243828","51.4075541678595","33.2302221107946","43.4852835595133","78.2154728988511","89.6032215574207","25.8109093935625","28.4532565060463","73.7673978894286","91.5861854921035","110.262247988577","108.955307114497","2338.44967014418","3855.30764107058","1657.64158865772","26765.8582518855","466.40735862755","638.188824345878","192.642834535714","26.9353763603477","441.902491875352","2630.1226744224","73.059711361527","31.7194612289405","13.4154535204973","6.36545826266112","29.8695466222574","13.3252253838394","20.2714649760467","20.4653166179567","32.6579291552673","20.7863251488693","13.791660106755","5.93999221193936","2.7712914145543","0.99363066697174","-1.15587859287012","4.34922894475879","43.0686597641677","30.998612148703","5.89540537440325","3.90154957064527","14.9754345531209","10.1064172353738","13.1719312218565",
"Congo, Rep.","COG","Inflation, GDP deflator (annual %)","NY.GDP.DEFL.KD.ZG","","6.29395669501037","4.25381991126226","7.77389718077983","3.85594321142968","3.02548541053081","10.0273582948359","5.51605231020179","-1.04473179463645","2.99689342172202","3.71045521228307","8.31301862214025","7.42777407746635","7.83857867735158","8.11374127939854","8.30480454769906","8.67575133556515","14.5245314547647","-0.828343082522863","17.1015978757543","20.1440085365646","27.789126916474","6.04473816531285","6.3383715278553","12.1113946169474","2.4985401529201","-29.1726624817288","7.62652157852142","-6.22635298391708","12.744060178845","-1.02906827090958","-1.48063569515986","-1.56926841264638","-1.13082861109129","36.752825653822","3.39592951039056","17.9919240267205","4.96451768202839","-18.2220896614549","29.3553419281933","47.0400830761822","-13.9252081683231","-1.7389275602747","-4.2515369203041","16.807238305785","32.4987395105464","11.3803017625706","6.74011713181295","16.2692034276536","-21.1652331128962","29.4176837966296","10.953325511462","11.3640902368718","-1.10456218926858","-6.46456331292119","-17.2539875449458","-3.50248728902629","12.3656768528042","22.2344412921584","-1.31737273450356","-13.9995548995065","23.2907071662308","18.2608987808466","-7.56770228699291",
"Colombia","COL","Inflation, GDP deflator (annual %)","NY.GDP.DEFL.KD.ZG","","8.22936825024104","6.64803608111191","23.2206195373512","16.3398794061627","8.6044794525011","15.1273473150005","10.7301835265463","8.47237596534688","8.44465758616299","11.8858042457372","10.8074005790019","12.9723107821429","20.1610993858631","25.3771500046661","22.8069631296826","25.4575581616927","29.1528170739333","17.0999313637889","24.0406255399567","27.6159360336757","22.7658772988937","24.7664573136336","20.4025756995262","22.1802266995958","24.8835080388417","29.1689263673813","23.3769365166645","27.7500562450254","24.6858161399076","52.3361031682038","27.0057740412053","22.6643849525912","24.8415782780257","22.0963782592104","18.8509572575761","16.8683787889766","16.8398529341085","14.7730454103545","12.6229408327015","33.6753705095567","6.51844829184243","5.96819057183866","6.82901484222947","7.28303340681478","4.75319610754772","5.80766087330451","5.20203381220657","7.67738291518265","4.06422546745486","3.80486029146383","6.38680337285275","3.61665506268434","1.90767643221177","2.23563237643134","2.44932842052006","5.14833430514592","5.13373589963344","4.63057967327829","4.0026205429365","1.48172462037539","7.80211309545898","14.8665745551143","6.34773346130497",
"Comoros","COM","Inflation, GDP deflator (annual %)","NY.GDP.DEFL.KD.ZG","","","","","","","","","","","","","","","","","","","","","","14.5675192620638","6.52970585465911","15.2074662235769","6.15966369910024","7.07135475892422","7.39227630448525","3.2232204203781","1.93730618696644","5.9606552478372","2.17591230027585","8.11890514430118","-6.76452931008099","2.83282370712936","9.41691926921528","8.32097449521858","3.19870033913645","0.924366549607996","1.34665437141399","5.81136042283326","-4.46002451335903","8.62998398922237","4.17065591684414","5.11182917627502","3.38836173249462","0.315881658228534","3.11076370928964","3.5449226957637","3.14428979865365","0.986041110949643","1.6751524700268","3.04568880149402","4.27048256936031","1.75215703553242","0.835044861947765","-0.522859922969374","1.71498680821954","0.40249413511539","1.8356679398124","4.20910596809098","0.669668394306555","0.0595773973808775","5.16263689431344","3.21329226844571",
"Cabo Verde","CPV","Inflation, GDP deflator (annual %)","NY.GDP.DEFL.KD.ZG","","","","","","","","","","","","","","","","","","","","","","9.57797517986813","17.3933487053747","10.5638181107377","8.7665938941019","3.66665785541345","17.6933959232735","6.96238514949022","5.4116078710972","3.58485904083881","2.34531032204417","4.79241883781489","-4.11584470732596","49.3540866011071","-29.1724621557525","-1.54689929900537","-0.546135979433259","-0.835291448659234","-0.335990589768613","7.61207827777595","-7.90110347163402","5.15533499557392","-0.363208871086854","4.92109973715145","-6.3325469946369","-1.79488316970148","4.63977091870937","18.5684167934982","3.712743703679","1.95455824513613","0.654415406092099","2.74704089816066","0.677607456621359","1.42476019715654","-0.100319979407018","1.62040755881043","1.67992479299215","1.2969136763507","1.70417116849104","0.694871205774092","0.366160446728813","1.34990112907356","7.54711051559526","3.8572990772237",
"Costa Rica","CRI","Inflation, GDP deflator (annual %)","NY.GDP.DEFL.KD.ZG","","0.51621359451255","3.16880591763069","-0.0657907081124165","2.25117671768882","0.634499412707342","2.04911821248874","2.27780069623213","1.99252866901941","4.56806155593893","7.31747346139713","2.44354972167015","6.41308916654143","14.8404211422096","23.213026722833","24.540889814963","16.6017816978669","16.9387781438869","7.90848153079263","9.14996821966803","18.8295804083122","41.1021486140467","84.1718893960475","28.9315076925816","16.6945063131047","20.5452146631639","18.0499235187227","10.1443832689497","18.8392734281974","15.2483194530395","18.547900299178","64.7746866232908","19.7288531343743","10.4355721703213","15.6704773391234","21.2362437856018","15.0750668353899","14.6798929254666","11.938194929588","11.0294713554238","9.38971354904071","9.72093790592623","9.78688628402089","10.6482369899355","13.3503494295112","13.0133254437489","12.9843104895786","10.516785943754","11.423785789757","9.70133091343581","6.62884491215073","4.5932251422024","4.73363296842541","4.59021167268916","6.20692042541053","3.95521539612993","1.95876479850916","2.85888372957956","2.1924784282276","2.56679211775625","0.772593246751626","2.37413082554063","6.28038513680281","-0.087922596921004",
"Caribbean small states","CSS","Inflation, GDP deflator (annual %)","NY.GDP.DEFL.KD.ZG","","2.13265751667336","1.22329856421572","2.01533165639977","0.850777996901769","1.74264702417779","3.70239260688877","4.07121651656522","4.23705264011924","3.7702638523544","4.61760514848132","4.82322761786696","6.57492372169829","12.7431839644705","23.5791241420419","15.06364582386","1.77357486262819","5.99641559671547","8.19050329952947","10.1235568911448","11.7581557473054","7.35599941278882","4.71487274431162","5.41509007725438","5.18324310134044","4.45086845341632","4.58356264544078","7.33777019238279","4.4988593545862","5.68893659993266","7.47199039979414","4.82665636462241","3.90556543657969","1.99085029890244","3.19076291832734","3.0463687910141","2.74845225915072","1.49369976851179","2.80018158531561","2.53638991143232","1.41409767562723","2.08478316538981","0.907856236699956","1.11587216720585","3.74722621391517","4.67677680492626","4.09637073569363","4.37354365910269","2.53277352430888","0.318436532246153","2.15866630194867","1.6853218819098","1.09274185566588","1.91355295724019","1.06482027122048","2.78817037438111","1.20132522527356","2.17154353020716","0.456170832413122","2.96118846307267","-0.866950860241658","3.02596515876192","4.30104615816353","4.73582804327133",
"Cuba","CUB","Inflation, GDP deflator (annual %)","NY.GDP.DEFL.KD.ZG","","","","","","","","","","","","11.8571828061156","6.95865374747314","3.25154395706649","11.8588811241342","4.32920623109206","0.523193938382221","-4.19392437746914","9.3212150510618","2.92801401942519","5.39532857189846","-2.53694771408304","-2.22754954724427","1.59660388711069","2.58438977543176","-2.15753517247596","-3.91406104200459","0.610485387429534","1.23322040459593","0.62484395052293","5.26127457206044","-7.3878434552455","3.74572134364692","18.9754918350441","26.2820317225224","10.5086672297491","-2.67161698785632","-1.35258712629232","1.29910517759338","3.78909596351069","1.74116374187059","0.454939112139584","4.53317575927858","2.97351054323785","0.605978559202327","0.380080608067871","10.3655613337117","3.58977546191458","-0.344532566813086","0.634175020657153","1.20204852948169","4.32376713223725","2.91405780485152","2.65783023966264","3.46337574129474","3.43904876302352","4.32834924313741","4.11359090116285","1.03226933491902","3.54474299448344","16.5559626167225","401.591191263656","14.1554019623172","",
"Curacao","CUW","Inflation, GDP deflator (annual %)","NY.GDP.DEFL.KD.ZG","","","","","","","","","","","","","","","","","","","","","","","","","","","","","","","","","","","","","","","","","","1.78999857118836","0.410001233829732","1.61999985788088","1.38000006901808","4.1000007530757","3.13000095849051","2.99999676544999","6.900002850503","1.79999792995866","2.77999992864359","-1.22227291824896","3.18400059113418","1.3323001564294","1.49869869811268","-0.476487692925147","-0.0472619991623873","1.58549917027221","2.58479965749217","2.6259017492585","2.17999840045206","3.74280230326296","3.98517145505097","",
"Cayman Islands","CYM","Inflation, GDP deflator (annual %)","NY.GDP.DEFL.KD.ZG","","","","","","","","","","","","","","","","","","","","","","","","","","","","","","","","","","","","","","","","","","","","","","","","3.0728466209937","3.04772724533456","0.610378542408881","-0.206404074749727","-0.460453499189185","1.26141088558276","1.37820598591605","0.886725093632236","0.341901493935652","1.00009178898281","1.98679741737303","2.6628025702239","3.39630978234517","0.139370172086672","2.14533253032269","3.58324800679313","",
"Cyprus","CYP","Inflation, GDP deflator (annual %)","NY.GDP.DEFL.KD.ZG","","","","","","","","","","","","","","","","","8.02874440722006","8.89688573739764","11.0730442626764","13.1367049795793","14.1533434528551","12.3888523083059","10.3526003696009","5.04460410471562","8.18191973445197","5.66770862761656","4.15066893987617","3.86184870693562","3.19369265857632","4.75174392512687","5.43312495060673","3.8880061610584","6.04138227637534","4.80313298735663","5.27098234276015","13.5978068425104","2.64101112214834","2.23690735679089","1.96567971118537","2.30199201920756","2.74340599040788","3.66030474513524","0.296405181775867","5.38767398576752","2.7092681879025","2.01949511307544","3.0862300370277","4.13820846878632","4.73484012051601","0.263119072444255","1.88028235720469","1.61624900011381","1.67877921551435","-0.937733917292277","-1.33826248205131","-0.754234116436621","-0.574732598335757","1.03697633344262","1.00409204386018","1.32263514010805","-1.30984368921828","2.68580243158314","6.06563368693452","4.72552213033732",
"Czechia","CZE","Inflation, GDP deflator (annual %)","NY.GDP.DEFL.KD.ZG","","","","","","","","","","","","","","","","","","","","","","","","","","","","","","","","36.1923883751988","12.3572625666754","21.0088028948592","12.3419666441486","8.82112081344162","9.9050939276059","8.31150714911068","9.80796368629828","3.04179627426102","1.84213372780377","4.88928495770533","2.72434939525772","1.29272263147209","4.04904531903559","0.0949442696762048","0.654105320869675","3.5403818069683","2.00958123723267","2.58782068092624","-1.42531399212487","-0.02057195800937","1.45092107055808","1.36470473782452","2.57853631569476","0.992276160290274","1.14145060120347","1.30694431650136","2.56757397075347","3.88895344602105","4.31840283925935","3.32780959196783","8.54735078948028","8.55531034033403",
"Germany","DEU","Inflation, GDP deflator (annual %)","NY.GDP.DEFL.KD.ZG","","5.06399483595199","3.95726648204955","3.16247041794713","3.04656689764451","3.83413668141029","3.42040623547904","1.58905537961998","2.08783593508866","4.20898794994777","7.63243443776042","7.62133652424353","4.53185709981516","6.29951371846744","7.27529030261664","5.66662353874467","3.3061945276439","3.1007182024763","3.54584189663728","4.27814065591545","5.45118938878677","4.1752387882334","4.5810585318544","2.80793853884778","1.98914634165675","2.12472570836948","2.99954311462282","1.27966355384072","1.69046127693917","2.87906682729412","3.39664344990658","3.08507976027413","5.30619664154659","3.88366391994282","2.05160802865106","1.98132464852524","0.602279503049189","0.272816321974162","0.688465401249033","0.343135141558832","-0.489389005327581","1.30499491007868","1.37812582409744","1.32125352370875","1.11559586662639","0.405207331851614","0.397281154893903","1.77027320694081","0.909330422301522","1.84189163776318","0.645275771121817","1.06948374534943","1.49648883779834","1.95939168302444","1.87793985374911","1.85367882408802","1.32775222269545","1.50373898915133","2.00749244131613","2.13030905148273","1.87258564805592","3.01963807375267","5.26832542370153","6.62800806894128",
"Djibouti","DJI","Inflation, GDP deflator (annual %)","NY.GDP.DEFL.KD.ZG","","","","","","","","","","","","","","","","","","","","","","","","","","","","","","","","","","","","","","","","","","","","","","","","","","","","","","","1.26230441351029","1.80710082094966","0.302782333572253","0.562231530282162","0.656016212542539","0.449797430981619","1.77780976577866","1.70103136920274","4.61922015773493","4.56452579428684",
"Dominica","DMA","Inflation, GDP deflator (annual %)","NY.GDP.DEFL.KD.ZG","","","","","","","","","","","","","","","","","","","12.6695271595764","17.9587701987641","16.7098741061009","1.75796262964309","4.71487274431162","7.45947474408364","6.17790856600695","7.93420858401659","5.6414789547043","5.69387004819293","4.4988593545862","8.40741173892205","3.20835532688079","7.65072819464874","4.38687659058799","2.67971049935618","7.63952702514015","0.783933916986541","3.26494808236369","1.44486820365744","2.54011293205791","2.53638991143232","-1.78273060588339","2.08434537110425","0.790588617204534","-3.11927298068933","3.79200651376708","-1.4482278443829","2.36708049903913","1.52504863379201","1.50837811577367","8.00391387466848","0.296969744927253","1.6853218819098","-1.96154334602758","3.56648686732856","-0.297826834035376","6.81983377311113","3.69789870271713","-3.07331479794894","2.72491582561258","4.48328635371882","-1.13372148579388","3.02596515876192","3.56303629768684","2.86621599756806",
"Denmark","DNK","Inflation, GDP deflator (annual %)","NY.GDP.DEFL.KD.ZG","","4.30662538245004","6.63590469250524","5.77348480270355","4.61103122256736","7.43646978605695","6.8326587228801","4.45422074864572","5.63259141810089","7.16190192984214","9.03134457765047","7.44578703467536","9.60114968259647","10.6203007974787","13.2664429605712","13.3558082970887","9.38008848840026","8.87587397328853","8.95473534755011","7.06854493242651","8.81054959661496","10.6939576076586","10.1445361919353","7.3858405220416","5.9593906660545","4.29095396373941","2.31558594575361","4.75468874973275","3.94457902469824","4.96528514735091","2.60244721924072","2.65945274364057","1.65591108674465","0.579917803734673","1.56550235871995","1.28239062894038","2.01418362468388","2.01391957101438","1.23214285936466","1.68475372464907","3.01797428833477","2.51841422592467","2.34764746386243","1.48182980917917","2.09573309263418","2.90642404916615","2.07617957165436","2.43228058523555","4.13469296938067","0.529022254242335","3.224072873962","0.638643467690599","2.37518362751084","0.888170882360484","1.03210857831324","0.433060802052097","0.25459516653126","1.18466161152733","0.747856838144173","1.04879424424314","2.92632531177568","2.85668370046885","8.06696246588223","-3.47786549603028",
"Dominican Republic","DOM","Inflation, GDP deflator (annual %)","NY.GDP.DEFL.KD.ZG","","-0.417940393839757","7.64018892884329","7.19040312070491","2.10625591237041","-1.05685933961431","-2.3587100387178","1.78630754240605","4.03252788669886","2.83048390810596","2.11170632360151","1.18423942482401","8.02738223520296","4.50639675396074","17.7091773935642","16.9467888939135","2.86725144986883","10.5763558516076","1.04805886434811","11.1107841154809","13.8844044227522","7.24221926680188","7.5120252384536","6.59639825173402","24.1842904668865","38.3672891395716","9.38727107753951","14.4229487541989","43.5358714924251","23.6088104242026","50.4592630804603","102.961441237933","5.56829005918074","4.98376306166659","10.1358756655482","9.65238600151766","3.66973684319389","9.45133281239818","6.50470125160993","3.83415440241939","7.20776279717097","6.04073883566554","6.92066884933828","33.4615406633308","45.166310045594","5.78125184255491","6.64124477285613","7.63662743651099","10.3916875139185","3.49814656597557","5.44341331542486","8.06075517514766","5.09818154500647","4.69281914231266","4.32128893767675","2.47188597709767","1.99367846452935","4.18137503365021","4.12148968696981","2.52561865647056","4.72350401957794","7.77715811136834","10.7141556508469","6.42391980187598",
"Algeria","DZA","Inflation, GDP deflator (annual %)","NY.GDP.DEFL.KD.ZG","","3.47172028312725","2.35127905147381","0.549331893073372","1.69518281504151","1.5013314568521","1.81781454209209","1.31204101873136","3.14205629858233","1.92108454416066","4.94044573034897","17.1519638475744","-4.60646101677466","9.62761164531798","48.8965904234608","5.91402210987908","10.8405927239796","11.9270994216272","10.0851210706577","13.9878379189218","25.862038763111","14.3539994913206","1.93979420752319","6.80479588678415","8.43350556202354","4.97252640228353","2.40534325293611","8.84202042232309","9.06096347700635","16.0113735157279","30.2595985375201","53.7886041732582","21.9261145250847","13.6244246595528","29.0776473235512","28.5770375307282","24.0219040663613","7.00196304817172","-3.13108869741959","10.8563363102204","22.6780091898695","8.01436296032372","1.37285594173106","8.94246223948028","11.4465037893231","12.3615933413092","10.7811837490163","7.09551578776291","15.1178821648974","-7.37374817585696","15.5569181225381","16.9087083623518","8.00244653856141","0.892752993605541","1.45036466053507","-4.98674479503909","0.856688224295937","4.93800729455901","6.16467836467673","0.882992828155892","-4.71138391622451","15.9538980487654","22.8860752407762","-2.25825427168107",
"East Asia & Pacific (excluding high income)","EAP","Inflation, GDP deflator (annual %)","NY.GDP.DEFL.KD.ZG","","","","","","","","","","","","3.41352952874581","6.8233689677481","15.9974511872759","14.7826791281454","8.37841157571751","8.14049941162406","7.16604788917191","5.84005462885501","11.0274033820766","12.6684655251679","7.25655428405551","7.44084756033506","6.88343794375761","4.87981927443486","3.6601992108485","2.97161708424584","7.58192030213397","8.49671042224198","6.62688138601819","7.84295443597471","7.24567442012017","7.44750453397872","6.4906547671219","7.70059550868136","5.74023614562722","6.50673063542777","5.95127542037173","7.44795342675249","6.12145266042883","2.9988881954024","3.36684864796393","4.69892816201967","5.48742913580284","4.82373796461634","6.07667882342086","5.1042132730291","6.51803350732712","7.79534603698191","1.82670368400657","4.37088435978275","5.41240809007968","3.57651352093811","2.34629009874605","3.05305530800513","2.34849600685918","2.43892408688207","3.34104215841538","3.62664730027259","1.49948619479095","0.890825244312992","3.71344836687553","5.63837728809762","4.40000061489081",
"Early-demographic dividend","EAR","Inflation, GDP deflator (annual %)","NY.GDP.DEFL.KD.ZG","","2.18302615562614","1.38092060422252","2.68689912429289","2.82428523661385","2.99457829980032","3.92852439861293","2.6048964078521","2.30406297998919","2.79636838523355","3.83445708460624","5.38437111275978","6.53921567860355","14.5007748307022","21.7106229615321","10.9448052413917","9.81121462135265","10.5763558516076","8.45185106051358","14.4533868449465","14.8820201167283","9.97891438716847","7.50330402055583","8.25705979617679","10.1636890224142","6.85120007248187","7.76430528268186","11.0120446456462","9.79605539362043","8.99639074391456","12.2477472947643","13.6221175973015","10.2347484772893","10.9994310522994","10.5531512046486","9.58688163953974","8.90000450953323","7.2790929776352","6.87811071735234","6.88883410122743","7.20776279717097","6.01279243381738","5.13193992154596","5.75974076655675","7.61152431608578","6.81473142832525","8.40093821740371","7.11535054335639","11.3650919229748","4.87312691925838","6.8992650940543","8.06075517514766","5.00323590794862","4.33767609515789","4.04671089085824","3.07265440345287","2.64424525750435","4.18137503365021","3.88424027193912","3.06187945458328","3.21740233241114","4.84715643244118","8.14782622798106","4.54464467578065",
"East Asia & Pacific","EAS","Inflation, GDP deflator (annual %)","NY.GDP.DEFL.KD.ZG","","","","","","","","","","","","5.11710708916895","6.70010048007236","12.2750284505755","15.5491260842907","8.37841157571751","8.37620065154336","7.71891282635916","6.6039471276772","10.6430028347029","12.5988724107745","9.0660607413485","7.68423517021106","6.95012054198814","4.94416271275","3.83560688578299","4.66902079732996","7.49712585351415","7.32801561467528","6.44866188713229","6.67946936887009","6.41295533409865","6.79776411697502","4.37172476589621","3.90916759410418","3.11914424137106","3.86705814818455","3.38620278878702","3.64521182843302","2.87366048690364","2.87077422928446","2.72943890799584","3.12888319863409","2.79439872772996","3.40076111288106","3.94943882991434","4.05395790024828","3.16937484521209","6.7968663608289","2.08722446916398","2.92904485434095","3.82048193673727","2.73065726422514","1.93675619578249","2.27264477705273","2.43548208594505","1.90278721662632","2.88732098024997","3.20664527462094","1.49948619479095","1.22360923994052","3.16447494183977","5.51810234091468","4.1452036840903",
"Europe & Central Asia (excluding high income)","ECA","Inflation, GDP deflator (annual %)","NY.GDP.DEFL.KD.ZG","","","","","","","","","","","","","","","","","","","","","","","","","","","","","","","","93.9213213804937","1030.7768106265","1078.88285465085","952.307149668942","161.163917579159","40.9649508237348","17.9048949754432","9.46173017171613","23.0053043870684","27.1617380473374","10.200915874305","5.80322409676619","8.32077420436579","8.4336944783275","7.93510297063291","10.7486157350723","12.8727022297203","12.046153593928","3.26627847024425","8.90130951132168","9.04040451049498","5.77257168704256","3.49991704639481","3.5876437102495","2.11149688920487","3.50806334370899","6.28980617702843","3.33677576027664","3.82718214785177","2.12750441740759","8.47251160639347","12.082081128641","6.44936625216251",
"Europe & Central Asia","ECS","Inflation, GDP deflator (annual %)","NY.GDP.DEFL.KD.ZG","","","","","","","","","","","","","","","","","","","","","","","","","","5.32211609473356","4.14012803358206","4.45240608912238","3.19354699630276","5.90482796847916","5.43312495060673","35.5142469575829","14.7988143017242","21.0088028948592","13.4484864487778","11.4890031346056","4.52304043331321","6.21115466455426","4.2698191487698","3.34483358567937","4.47385483707973","4.06810094453658","3.49812358430123","3.44036377874905","3.49543763545523","3.25778740662618","3.60897403829189","4.27625321004966","5.14866635179049","1.86557790781097","1.89207786027008","2.6235333499222","2.10827297466658","1.51917712692085","1.34078333993489","1.33038612835179","1.32775222269545","1.84340692134573","2.11196528972201","2.21257993563162","1.88227520408287","4.02938120037157","8.06696246588223","6.27789650046299",
"Ecuador","ECU","Inflation, GDP deflator (annual %)","NY.GDP.DEFL.KD.ZG","","-11.320442963687","-9.99376530941581","17.6854254318372","14.5277813328623","2.99457829980032","2.11715397114864","0.473187460475515","-0.775245444753921","15.1482025792393","-13.9363806349477","-9.47897032339384","10.1496458021336","7.19748416465144","52.4795588797227","5.57582893748749","9.49371359594686","19.3607180667517","2.28989724406476","14.6144609501441","21.6356921889667","15.4914458591028","-9.18217401724411","-13.644825263768","-3.92135491716482","-2.44013963945849","-13.6904243950232","-8.70101398503682","-11.6138011997672","5.36797841354645","5.81362920255559","6.8893203828776","4.30322942836239","2.64177088971908","15.0087193477125","5.22255322839011","1.4901548145118","7.00617304202626","-3.78267923541847","-26.2999928320854","-11.6834508543","26.5982167835475","11.4865624240994","11.2472798399136","6.39061997126917","8.5829912693266","8.71658582881744","7.06342171694234","15.0941160082403","-2.76912594900325","9.01371738601253","6.83751222954146","5.00323590794862","2.66686728017176","2.05296051570632","-5.47563265671535","1.17114450392724","0.932031656124835","1.81939670683758","-0.0565751872692744","-1.82595644256135","2.04901082789537","2.19571108300103","-0.408196858042402",
"Egypt, Arab Rep.","EGY","Inflation, GDP deflator (annual %)","NY.GDP.DEFL.KD.ZG","","1.60997143800815","0.396026870406871","0.915371108477771","0.862295139733064","5.46455767954484","2.75119762095611","2.83201329337138","1.80143115333173","0.80631020465411","12.5161736901833","1.32672970158035","3.39909361926729","7.35261504268527","9.42497991712456","9.66387925082606","11.5332789915052","12.3379171369614","9.54762169159649","23.4998656373929","12.4308665172346","-2.19823538127083","24.7308589705854","12.7118644063538","8.24745260848205","11.5760417629859","12.8751716472175","12.4693725365314","13.4175543444963","19.1374048493222","17.7430513642448","16.1252711751256","18.350780681308","8.42910538832268","8.44887156388798","11.399741499736","7.10766744856119","9.87627742790933","2.37768148920179","0.919435418300225","3.9444069943829","1.86769984238948","3.16557906647942","6.77749360596222","11.6699083416978","6.21272950687732","7.35997773068566","12.5957398239341","12.2039844619929","11.1855422667248","10.1068646296619","11.6629763517622","19.4828774699412","8.7126745748715","11.2476245030618","9.93088973044884","6.24566313330115","29.5184798350164","21.1748208165379","13.6180959117792","6.17693409774895","4.84715643244118","10.4257892435745","24.8006095387905",
"Euro area","EMU","Inflation, GDP deflator (annual %)","NY.GDP.DEFL.KD.ZG","","2.65304048912666","3.96560573546805","3.42036826923296","5.23837536263557","4.13759353077759","4.26410191645942","3.21766060934395","3.5173471976326","4.67111929587971","5.53481751062529","6.20437457520968","6.80497858429369","9.46627675078291","12.8956534527392","13.120019411896","11.4824514521938","8.83602163497334","8.36679704253684","9.30747869536806","12.0397527346589","11.662889445927","10.5819866498518","7.50455930888116","6.72340032300077","5.20145926011197","4.45042252621894","2.75366544112054","3.19354699630276","4.77460064339726","3.27384664392877","5.41157291211211","5.67378945896097","4.98944256740015","3.72079299435377","4.92918715260373","3.05055118381057","2.63116778994475","2.83226962023584","1.91906023314793","3.03658034958247","3.56752866436165","3.31155638907574","3.28748082909414","2.67599044557902","2.38905677782325","2.99265202625097","2.65495885927515","2.94765586584585","0.701933650744792","0.759165366649874","1.61171299180363","1.61304032794585","1.28065964076939","0.769094216788666","1.02074215778326","0.723620788594381","1.27995949563481","1.91995036202719","1.88027600009521","1.65930481722376","2.52714069704315","5.78762480611449","5.70005911798589",
"Eritrea","ERI","Inflation, GDP deflator (annual %)","NY.GDP.DEFL.KD.ZG","","","","","","","","","","","","","","","","","","","","","","","","","","","","","","","","","","-1.38317062735574","10.4321476871899","9.81004035440252","9.07483488878513","3.89715179110848","9.10917293901807","2.31856149221601","24.9775947531466","15.0772695786828","16.1486673617657","21.8728417590652","24.7992856783348","7.62368935878268","11.3940039534664","7.28820826067988","16.0762200958727","29.5045071421789","-16.2281996990874","19.5382281454081","","","","","","","","","","","","",
"Spain","ESP","Inflation, GDP deflator (annual %)","NY.GDP.DEFL.KD.ZG","","2.46638975371522","6.09584162348544","7.84537469002127","6.25431961479728","9.16486664704041","8.17374335983234","8.53771908824055","5.91113010893463","5.13325064181164","5.94258632000265","7.84602416077047","8.51792319133997","11.8495945524739","15.9451123890719","16.7817817436917","16.4899215859322","23.383070108338","20.631041966911","16.9316307910368","13.3548272350913","12.3511924880062","13.5823233971235","11.8842454447262","10.864733440409","8.59547948982571","10.8788168280312","5.94419802288706","5.93612636857472","6.89619417555912","7.32625092001946","6.93513966316581","6.71077117808312","4.53724126311641","3.87984191925736","4.93312981120783","3.4600912454728","2.355985604347","2.5666017086474","2.54111013269167","3.32975470875705","4.10823240729492","4.08467462706628","3.93350333888964","3.88222500847937","4.10099214935586","3.97962663984784","3.41639675931501","2.2543271978751","0.143775339270547","0.153479379550461","-0.0197393356852871","-0.114607765550261","0.397676429490559","-0.223722667699661","0.545318262109149","0.32209801213854","1.29921183318382","1.24555241777706","1.44735843001939","1.13764340211205","2.65632420170878","4.14232319860571","5.92778493198469",
"Estonia","EST","Inflation, GDP deflator (annual %)","NY.GDP.DEFL.KD.ZG","","","","","","","","","","","","","","","","","","","","","","","","","","","","","","","","132.570428952056","873.642867607688","84.8055269927091","39.6690078143542","31.4085715427654","22.5394844498351","9.9224728330009","6.8945046911586","6.46101754257364","3.6847064485182","6.80047303674228","4.8576630322936","3.88861391039359","4.69046936929665","5.92374959466473","8.9785794608664","12.3583881840857","6.80252342949264","-0.388681742671537","1.82235230425346","5.4737367852274","4.07217562273708","4.03124999019823","2.91561332318757","1.03644083022607","2.18730990746438","3.59036501479098","4.83777941523971","3.60594797650113","-0.907453812185892","5.95032268914049","16.0703251349216","7.88362866045038",
"Ethiopia","ETH","Inflation, GDP deflator (annual %)","NY.GDP.DEFL.KD.ZG","","","-0.342655699426302","-0.0806776373981677","5.09651004406548","2.92315375094078","0.333460215924219","1.77294448604333","2.192742374896","4.2410525615208","6.27937726743484","-0.869609637157112","-3.37743356198423","0.383063670281558","7.39299891005196","-1.2342925259788","7.85249114057034","11.2882833978352","3.58654676475385","10.7131309289007","0.0490553727543102","2.56587809063713","4.27053150972296","2.70287831975608","-2.73397994490327","31.787763181203","-5.27315545584258","-6.11949199510413","3.10550371318045","5.58473190142553","3.27137460830585","19.0842902306079","15.5322258683715","13.3768642296366","2.93108171424225","12.706369018741","0.239138038731895","0.20665555091621","-0.150146937642802","2.22272309261969","6.79999995365581","-5.7553353403771","-3.62143421303298","12.7679783276093","3.91136245621962","9.87551191119556","11.5523498044968","17.2205794805554","30.3116730814218","24.1464152909465","1.44457231740674","20.061875081957","33.5414050179965","4.90197929907841","10.9817882908686","10.8365427789744","10.3979255406466","6.67685508319342","12.3822948123876","12.8603968185939","18.2545902876571","21.7632640675501","34.6673530169267","33.0206928816945",
"European Union","EUU","Inflation, GDP deflator (annual %)","NY.GDP.DEFL.KD.ZG","","2.78215888207636","3.97394498888654","3.16247041794713","4.61103122256736","4.19704019609371","4.44218889984536","3.24189028156172","4.196662443877","4.20898794994777","5.4247392538376","6.65733140447919","6.8890718370571","9.07652741951224","12.5319968572847","13.2379138544923","10.7492087804188","8.87587397328853","8.95473534755011","7.94320829170123","11.686937368809","9.73064989177783","9.59816586067227","7.10226421548315","6.35544799952519","5.20145926011197","3.94646516426936","3.45665930254483","3.2200025079115","5.2435255241389","4.29602293846317","8.24678891530533","6.71077117808312","5.97276445786341","5.27098234276015","8.82112081344162","3.78355783251419","3.88520763490376","3.35143703021137","2.54111013269167","3.32975470875705","3.66030474513524","3.27434188043023","2.18941022702408","2.7092681879025","2.54310499263167","2.89907401547424","2.96634549274198","3.23523527997193","1.67883895982297","0.929960423928904","1.61624900011381","1.67877921551435","1.27998705426134","0.982645554501687","1.13824878533235","0.874115426326341","1.4640640238877","2.00749244131613","2.29485081978052","1.92857201636885","2.68580243158314","6.48269750268742","6.62800806894128",
"Fragile and conflict affected situations","FCS","Inflation, GDP deflator (annual %)","NY.GDP.DEFL.KD.ZG","","","1.09981704943868","4.68081250078908","3.73869606779783","2.72828750444384","4.7166480930889","2.32317681578646","2.36764213969136","3.58935608902033","4.3582631784284","5.97597045631835","5.55368367597131","10.0048319720947","12.8537552682615","8.22070051410586","8.44952547852462","8.68652911686623","7.24822462274497","11.4887631446863","14.5016530267492","10.0478587441753","7.50330402055583","7.79998461098248","10.9223176277395","3.68577832531385","2.45388054898268","7.18936131386035","7.11941093014335","5.9606552478372","7.60211265142119","7.84519753162868","13.1643989740148","7.74264567579905","22.0801504946047","10.288490712873","10.8147673197391","6.5777461890281","6.00135089576668","7.78968762544267","9.77706144512396","6.55411843600844","5.25374127819229","6.80044175915803","5.79426460544603","10.072132103637","7.46134453965777","7.03666107458216","9.32400932400932","1.86213189302369","6.39240138953099","8.58039895814788","5.89315892251292","3.05345916925037","2.01421263022257","2.87358724902536","2.35601152773487","3.65309990208228","5.17787620899259","3.97214622860132","3.11766553045547","7.84164800196264","10.1064172353738","6.0741695225585",
"Finland","FIN","Inflation, GDP deflator (annual %)","NY.GDP.DEFL.KD.ZG","","5.34177802217057","3.97394498888654","5.14661010790782","7.17576838987191","5.02328993982657","4.72384362627123","7.36206437144877","12.0637665122273","4.15032590096335","3.84859317127186","7.3641024345628","8.24407157835874","13.7720394901564","22.0713973185512","13.5679900509908","13.1246817549321","9.41866428619961","7.45418931310637","8.30498173809038","9.63558250145027","11.6338064306176","9.05179552940922","8.19043070883762","8.44239528234074","5.2165893358119","4.75017611256172","4.28408406721748","7.683148334733","6.5301393538038","5.19540242701977","1.51176606854524","0.887746783677983","1.76590123152506","1.84541095651166","4.20111318922798","-0.0782759655458847","2.08042177103114","3.09793753182429","0.927035885223574","1.63783143233083","3.30338088882533","0.944264297601578","0.189923706229408","0.602661249044417","0.928941215438584","0.920723414612866","2.7532807031041","3.03723677240961","1.77390522146771","0.322930666499261","2.6235333499222","2.97397234009919","2.55829450973857","1.63162333665335","1.61674649704926","0.0874254582934526","0.819262897258781","2.00183627649704","1.49655419230197","1.63467899810999","2.39795719237752","5.3837965244615","4.79759368690171",
"Fiji","FJI","Inflation, GDP deflator (annual %)","NY.GDP.DEFL.KD.ZG","","0.608978733654794","1.40252482103691","-0.969269479836214","3.14074265589306","7.95093464298624","2.48287671232876","-3.5982175359765","3.29113482495367","6.49423182862949","6.83128780571272","3.35926063688791","14.7253719319039","15.9974511872759","29.6457126753187","24.3186486148759","7.91144721339761","-0.0320297650197574","4.43188463496504","8.14135031586258","17.3117044776921","0.959090000662115","12.1398728861628","6.81675534552708","3.00749629855395","8.21525469136621","3.05129778035746","7.34001036756355","7.32801561467528","2.84829648400174","6.67946936887009","5.99313163820196","6.30667197803403","7.23734503815423","0.828038046046402","1.1304145642476","2.86844229991495","3.2900559949147","7.44795342675249","6.73182094422087","-4.71987387917059","3.24539621003876","3.2664474825379","7.70277935731754","2.19400859215372","6.64518598144788","3.74675881881485","3.02445641038638","2.15811881653597","1.39069502079087","4.22978499907929","9.39134051859072","3.57651352093811","3.62129654202479","12.505405677962","2.53089804690228","2.63332664334581","1.69845757051993","1.42571800764148","1.54654908439484","-1.48255052739259","-2.51306217431772","2.47256172027861","4.40000061489081",
"France","FRA","Inflation, GDP deflator (annual %)","NY.GDP.DEFL.KD.ZG","","3.27177683893834","4.89629357019552","5.52601762825935","3.99390633347076","3.00188343800714","2.97187107212457","3.04136785437488","4.39927407203979","7.39598361334299","5.4247392538376","5.90026526066174","6.80497858429369","7.85970148200248","11.8329583085402","13.7528569272881","10.7492087804188","8.77515753254904","9.27940477196731","10.3099756526457","11.686937368809","11.6919724612365","12.0947649780686","9.65034494199786","7.06752895253651","5.45375855690344","5.05517163446163","2.45586098408704","3.1934013340292","3.28524754798478","2.65716286284953","2.54708482952901","1.96705575674531","1.62350295323319","0.924864157993113","1.12478837456173","1.35807806646662","0.878201639970939","0.950262691440912","0.203811154729848","1.5532902530466","2.00833418538838","2.0674257413845","1.85936824410877","1.62267544006134","1.93634141901367","2.15532739127715","2.5566370154462","2.36707384043675","0.0666274760496037","1.06969747621216","0.947960225382971","1.16182503173519","0.778100531144062","0.576944232991778","1.13824878533235","0.522559343400445","0.521577263305687","0.9922245663778","1.27859214632949","2.83987619551208","1.42394826984793","2.94721692911406","5.47233330398709",
"Faroe Islands","FRO","Inflation, GDP deflator (annual %)","NY.GDP.DEFL.KD.ZG","","","","","","","","","","","","","","","","","","","","","","","","","","","","","","","","","","","","","","","","","","","","","","","","","","1.32875341247043","7.16067235902477","-1.08746001985222","-2.34099847443396","1.51917712692085","2.67118030216858","4.85946280055664","7.77765788528224","0.373671978191965","-0.394209932660289","3.64703843550345","-0.115762810210043","1.81983254734442","3.8890421268988","",
"Micronesia, Fed. Sts.","FSM","Inflation, GDP deflator (annual %)","NY.GDP.DEFL.KD.ZG","","","","","","","","","","","","7.07613651375976","14.0144607942395","3.58083207823019","14.7826791281454","-0.0221856123684177","1.14441469205717","-1.34188712650753","7.37016185327879","9.99533008108718","14.7553922363893","8.5826009601293","7.50330402055583","3.07542974526933","4.81547583611972","3.28435921201424","1.94843641617626","2.76845107987515","4.19924612786107","4.72750458162685","4.94965000222929","5.10137122070229","3.0305665110865","3.01222130656562","2.61503131184722","2.247767526139","1.86960440830831","0.651203193092726","2.9912468251144","-0.784597582283723","1.07890621048246","1.10884683902268","0.0941828893132595","-0.364125356444902","0.99330611340207","2.0969946720524","1.38470893905473","3.17445993547543","5.00497828605305","5.36161961358638","3.60298457333592","1.59563243436212","7.12250101573797","0.636944648983501","3.02389423731965","-5.25035878326008","2.19417711945734","9.55981161695448","9.19220055710306","-3.4313725490196","-3.69543147208122","1.98318062005774","11.1211664152841","6.1442403402407",
"Gabon","GAB","Inflation, GDP deflator (annual %)","NY.GDP.DEFL.KD.ZG","","3.2784459977796","1.38092060422252","-20.3428071749175","33.5405931722289","-3.05910721320468","4.13442612556352","6.22473460273211","6.46087509519637","4.95912491167516","-0.420199476219523","6.50416559795792","-7.27696861270599","34.7576540074799","65.4104680346323","4.3722451913092","14.6649351885911","9.7956800306458","2.8590740843683","18.9830160347647","36.7811019659279","10.4420666998509","16.9036292452086","2.92484211564717","12.0102171085344","-1.27605176980616","-20.8098140654884","0.993283233261138","2.61513440157093","7.72802479114524","15.3581413902885","-11.3661025319168","0.213866958889213","-0.509480779167674","46.5514429443013","1.33911548793357","13.5626767433953","0.946536838356195","-17.7864014784402","19.191335888387","28.0893435970034","-0.168658932431669","0.855807814236272","-0.217120395730603","7.7652785346058","20.0944728946612","9.86813727770777","4.23136164247251","20.4789590409741","-18.0745351045978","16.5643202141089","12.68122777311","-2.9419027036061","-6.15792493444491","-0.851390333321461","-8.92717245327955","-4.26975397974572","3.82030214446843","7.17665749439934","1.54748519798422","-9.17390572382459","25.3483072915005","13.855464991116","-7.41533221979608",
"United Kingdom","GBR","Inflation, GDP deflator (annual %)","NY.GDP.DEFL.KD.ZG","","3.36343947570103","3.37351341889492","1.60352402770505","3.28496289157792","5.60679439609957","4.98153638787313","2.77946176966131","3.93129967111207","6.02203758367557","9.24855094062475","7.98562442112912","7.18825186457408","8.41487860225737","15.0592124546754","25.7707280121695","15.1135673262926","13.7104941110843","11.4575469659795","14.0665413229029","19.7037946740421","11.5692629023131","7.41877484088562","5.12280953941455","5.03004750192821","5.51169793393198","4.33535597868099","5.4405491149796","6.13317332745231","7.93586214956308","7.88621807339653","6.41908648099007","3.32097929584225","2.733044224669","1.39362358599935","11.4890031346056","4.13727652976044","-0.147098031242621","1.27228495808586","1.37313866999524","1.14388786538939","1.50534861378814","2.12273820234752","2.39277613949882","2.62009638067519","2.9353281399213","2.78683364495735","2.25251537935698","3.40328007531652","1.89111193473404","1.58374132668224","2.18918472084017","1.53880362771224","2.11706397502103","1.31777821360919","0.660990521413524","1.96479827407785","1.85654104667935","1.92205239358366","2.11573274293868","5.08362342906076","-0.120427085491656","5.14631509041294","7.11947741650367",
"Georgia","GEO","Inflation, GDP deflator (annual %)","NY.GDP.DEFL.KD.ZG","","","","","","","0.14566752903869","0.837410987786939","-0.0106638229805469","3.56390422509287","-0.256461059994521","2.72449479437995","-1.1375281329311","0.0702757785212498","1.80084073887738","0.887410272694041","0.292860905022494","1.44014680217985","0.324135498273108","2.73690991898667","0.985910021413702","3.40369780204088","3.61619906876633","-2.64918456639917","0.600071265570406","-4.70854690666349","6.56995289492231","2.33819091494621","-2.59442058355651","6.27535526821148","22.2452545991635","62.2303650365593","1310.30881561465","15444.4204230537","6041.47404707409","162.73388551076","43.0302705009227","6.53497517117418","6.94032134027844","9.72884175944706","4.67821081510431","5.37434640155622","5.91907467017472","3.42601021010252","8.4336944783275","7.93510297063291","8.44730526034763","9.46750810327333","9.5923273865413","-2.13576824299331","15.9058283591544","9.17171128297396","0.291166471422628","-0.650965016455302","4.58990448370156","5.37742167651898","2.27481842989697","7.54674499838114","3.48481628679124","3.99568034557234","6.84793338769904","10.229587650373","8.13545014384806","2.477583932711",
"Ghana","GHA","Inflation, GDP deflator (annual %)","NY.GDP.DEFL.KD.ZG","","3.47084986522219","1.94014981856301","6.74564909494586","9.93481623446407","17.0065952727131","8.15251497850737","-3.87835660497238","12.6165172380079","11.0368168556395","2.88915449133818","5.18201257417248","15.4725593609425","20.8824921164568","24.5687337447089","29.4635236965055","28.0486497318527","67.2507824057327","73.3066945801153","37.9494781749506","51.1261350102795","75.6335657777325","27.8905790691127","123.0612136164","35.312424343661","20.6484149868503","41.7057955236849","39.201496901411","33.4028541879545","28.2943110771731","31.1665867346186","20.041359240014","11.150082868787","31.7572123690249","30.1289269685464","43.0453305777804","39.8377428094835","19.4581675889703","17.0484652451336","13.971165047912","27.230113843564","34.8179440663303","22.8185847230637","28.7044072059077","14.3501511250415","14.963718404163","84.6834718225876","16.1042405872748","19.4102710868683","15.6665686221496","16.5956447322347","13.9148221759821","15.2052787396605","54.0129117583926","23.9399587593999","13.2529666807363","15.7486203078991","10.6773082339139","10.5684824952629","8.48107029698721","9.36557496583738","12.1061016311773","28.1682478691229","33.0798250532954",
"Gibraltar","GIB","Inflation, GDP deflator (annual %)","NY.GDP.DEFL.KD.ZG","","","","","","","","","","","","","","","","","","","","","","","","","","","","","","","","","","","","","","","","","","","","","","","","","","","","","","","","","","","","","","","","",
"Guinea","GIN","Inflation, GDP deflator (annual %)","NY.GDP.DEFL.KD.ZG","","","","","","","","","","","","5.62234594322541","5.57738405592573","9.96406676362386","4.14811388241225","4.8221835061655","6.19921193318793","4.61392584301564","2.16033425878544","7.63474575157272","6.23678176977027","8.6376317870082","29.6656631159753","29.3191781681998","25.2464475436228","19.0000467262405","69.6611853546114","27.2599901134191","21.6536391309226","22.3155734208327","17.2791811684895","25.8186705671098","26.220213626085","0.673757277386372","1.42800163986341","5.95133830053159","1.54596823705317","1.43412666636782","3.32464044488574","4.2276753067021","6.30012395836252","1.75242631853581","0.43277237665886","15.9106965575684","16.5215833233368","27.3908453723395","37.5840418218552","13.6188759426292","16.7051243996574","1.77102924305261","16.10261759621","8.99929083812954","11.5159706830517","4.32935157395693","2.61589668293773","2.97228935440204","5.6689484503468","10.3565023612758","7.0590844257119","9.40290765798821","4.69393802898557","11.4999999994591","10.9921489980271","7.39320302655362",
"Gambia, The","GMB","Inflation, GDP deflator (annual %)","NY.GDP.DEFL.KD.ZG","","","","","","","","8.54971500949966","-8.68601514005815","7.12847090828797","9.06913662712363","5.16335836017031","3.15677866701627","-1.04550819494324","20.9372251362204","13.0485860750663","11.6931910052415","22.5954017819315","6.46035740736792","10.5969433720237","-0.177584651213067","1.56352687341406","14.487418403339","2.68309207939261","9.00160635068991","39.419110439818","40.5167890980445","18.4980118983013","9.70614941350554","13.7365724207038","11.9645333920464","134.035872371748","1.95003083677199","5.14232248435012","3.77739655145763","3.9632505001165","8.36856956528243","-5.96911945125618","5.41182120304006","-2.43549436370589","2.2169826127346","1.80543765163377","10.3913445898093","12.8939411821531","94.1901141376152","4.11380528257159","1.30320399765218","4.41482490193262","2.47584586803727","4.51330535299645","5.64433086097335","4.57212350369147","3.84516021372072","5.93313138058191","5.21172310682789","9.72036242675256","7.82062274860979","3.92171862000133","6.95176403794258","6.25220639943007","2.18875895856547","7.38212287799462","8.64227752221325","12.9224257144917",
"Guinea-Bissau","GNB","Inflation, GDP deflator (annual %)","NY.GDP.DEFL.KD.ZG","","","","","","","","","","","","1.80727366659235","4.97439546817419","10.4339032105244","8.9244263696197","7.20304470518138","1.51369039834984","3.06583724985117","6.33588026759388","4.28001393797092","11.5368357918544","1.81704011967207","16.5422953695758","23.307067294849","59.4018207207777","32.3135051269263","112.894815375691","94.2634572096083","79.5448390573708","99.2533223171359","30.2460376878581","67.8943669411031","64.981189489959","49.058885355302","23.2494807573282","44.7300382185589","39.2337134891055","34.1381948265638","10.340339577477","-12.4222901416822","-22.9323193806919","3.762037471563","3.37438322549465","-0.570313383070598","-5.48079612653402","3.1144126416763","-4.24338611417163","5.99026578899323","12.7627326829033","-3.82520779040343","5.21501553690263","8.45292198734357","-0.0272211587831066","-0.932275244129343","1.29755736927652","14.5196629079078","2.84072773699329","10.3961209198976","-2.53156124422603","-3.45217236825675","-1.00000832006856","2.69999358181801","7.30003423870163","7.01063547256433",
"Equatorial Guinea","GNQ","Inflation, GDP deflator (annual %)","NY.GDP.DEFL.KD.ZG","","","","","","","","","","","","","","","","","","","","","","14.4428282122201","40.4180066354334","24.7497739074644","25.6371717808781","52.7747865897616","-2.92340971604136","1.518170653754","3.97698450326642","-4.7958613417904","10.3525268440096","3.55211254107566","-15.4237004844106","-2.6931154191177","24.5263467390672","7.68083409226116","0.821196361917359","-13.1471736691146","-31.5659149794624","39.1576256709104","64.7350222970558","-11.9715274350058","-1.58289027139674","0.635621901563525","16.9227635071874","59.3290506697722","12.9763712005288","3.0376538593557","19.8400389323386","-20.8302309584088","24.9065341802403","17.045106569847","4.85478204392102","-1.07267375706822","-1.27384264682834","-20.1927503678985","-6.2854221112699","12.7423831594725","9.51383429692252","-3.16368983363937","-10.1685457458373","17.9386307222713","19.7373951042553","-7.36038225604371",
"Greece","GRC","Inflation, GDP deflator (annual %)","NY.GDP.DEFL.KD.ZG","","1.09617243728771","4.69011349956871","1.11071090648502","3.40559918788968","4.07814686546146","4.92155172119895","2.16974871204572","1.47716082883566","3.18124063604557","3.79933367720793","2.97502421739067","5.04667604950188","20.9103628981148","22.7804314379379","13.120019411896","16.4344527921028","13.754424744939","13.7880426586525","20.1507100459626","19.2394498852384","21.6120316313388","27.2127468038126","20.6122133930466","21.9184497357925","19.0259553993468","18.8819985433348","15.2526787168612","16.6798711374344","14.4989727439914","20.6905995833878","19.7877414531027","14.7988143017242","14.4287473088639","11.1818883770146","9.79183629063888","7.63570008913186","6.55338053523576","5.10356836520893","3.62273328012743","1.59267068745956","3.47475258358807","3.34877089772125","3.45357382787522","3.06266213494644","2.24031939810212","3.49504259415936","3.42266701475043","4.34458312571454","2.56977067012491","-0.177480870585185","0.959017980521224","-0.275142403452051","-2.04562420707737","-1.9387546208597","-0.293730433148639","-0.5785807515839","0.285406259345564","-0.165244042297104","0.226845195063973","-0.751947346018426","1.48532025418626","7.84684474420834","4.51948376032388",
"Grenada","GRD","Inflation, GDP deflator (annual %)","NY.GDP.DEFL.KD.ZG","","","","","","","","","","","","","","","","","","","17.2732863799691","9.62158798678558","9.04926326138842","2.70869452519185","4.16360431689804","1.39348472089873","6.61240823908193","8.74808514172901","4.33505386469857","5.05935046360071","6.76144921296738","8.99639074391456","0.0159321171846898","6.6699096214262","4.01158053146258","1.88342481748877","3.19076291832734","3.05315063185311","2.6730845108079","1.78470722159389","1.73787306807156","1.12148933209397","2.86302977239589","2.14417694306613","0.372146666086891","-0.0770720974060168","2.0311480128201","2.48974192114287","4.6325878594249","2.3194437271099","7.84772902644215","-0.00989979844902678","0.479792195397422","0.224507391716472","3.92615000865237","2.92309825170382","0.775212924728535","2.75839206279986","2.64424525750435","1.5261735013888","-0.703659389914975","3.32753294754764","-0.299985587376284","2.79031777299367","1.62494161129776","2.87213286380504",
"Greenland","GRL","Inflation, GDP deflator (annual %)","NY.GDP.DEFL.KD.ZG","","","","","","","","","","","","11.4477441205398","5.69999347024552","7.66319264141697","15.5536095446253","16.4258539399006","13.1939907207711","6.98210725061318","9.27724301614971","7.50246766798031","11.5592506920185","14.9268056843145","13.0168695419562","9.71713037428692","8.87082971502807","7.42366302756582","4.12958712728795","4.62072811102728","6.3502384409143","5.34985898574476","5.0925849637982","3.22527511051065","1.54567816586948","1.04201645406883","0.468374320351145","2.0558722906533","0.98010119241836","0.496703674994151","0.978426732690068","1.06045632023837","2.11009321468467","3.40225682840818","3.10308366667165","6.53297806665232","-0.538444084879913","-3.22917708259992","2.23838314534038","-0.0475153423214891","-2.01334418011534","5.53863543152578","2.02760491933817","2.88404565929712","3.44533181192106","1.06737253143181","0.990273554004744","8.14438057205848","3.53778245812826","3.2664996424492","1.84672035174569","0.744863000194002","0.703000441093323","-0.416168295320645","","",
"Guatemala","GTM","Inflation, GDP deflator (annual %)","NY.GDP.DEFL.KD.ZG","","-1.08036505460578","2.58550220839071","0.805342857443534","-1.6805749792823","-1.79704928425576","-1.00285926003465","0.387597216976147","1.87142845891258","1.69624052708328","5.00118148327712","-1.26918868733271","-1.36345940966004","14.5007748307022","15.6792720426292","13.1160911508266","11.4953046485916","16.4528645451053","5.49595949916622","8.58718983031972","10.0048853297543","8.54810804647244","4.97795460699444","6.56097549698811","4.12370037811434","18.7797351038113","41.4625927752496","7.99853485175031","11.6552979490679","10.9088968745446","40.5312590935109","32.9750520555911","8.86138482809405","14.5043516282533","11.7222782032805","8.66781823897942","8.90000450953323","8.25733951685741","9.50243518490798","5.04155798311092","6.83011466821127","-5.61014528351383","6.4691750654456","4.47123467160999","6.02385881441585","5.66843562624204","4.98133297071131","7.11535054335639","9.4074918223814","3.60017527305328","5.13757298846622","6.89464340316468","3.37775084412593","3.35844634594847","2.86031160659735","2.23162145989066","2.70719129663175","1.7479141087134","1.27161217513023","3.56578287211866","2.87326020166152","2.69350246182233","6.22430348653305","4.92291424110518",
"Guam","GUM","Inflation, GDP deflator (annual %)","NY.GDP.DEFL.KD.ZG","","","","","","","","","","","","","","","","","","","","","","","","","","","","","","","","","","","","","","","","","","","","4.23956469911589","1.79534074166956","5.0644082344359","4.40688073216","3.01294733451209","3.82348519599265","3.19692668414319","0.237584677615857","0.62907025079673","3.43097913322632","0.84049308927905","2.07782277044168","2.52246816503092","1.57407577083902","0.998991461381451","1.47239079307833","2.43881496389949","4.03539008928644","3.25017571972322","5.46517905025054","",
"Guyana","GUY","Inflation, GDP deflator (annual %)","NY.GDP.DEFL.KD.ZG","","4.29350364903","3.75006064804575","2.77498341516986","-0.485362841371426","-1.78719178625894","1.92134906094627","4.86440616678965","6.94537686460902","1.4158336466819","3.03612048731136","2.14161892862323","9.88567341211393","6.26943467043036","37.4721543662906","14.6581480735867","-5.77655371021707","1.67956521026494","14.7877857427903","6.56294006878343","11.7787932465481","4.34073954664045","4.30240455114837","8.91968461045738","19.2817521956953","14.5100988981018","12.2933626905493","58.7108211163734","23.6460377170686","162.546009714862","56.4446095646669","134.53764412728","11.3007436728124","16.9508888014222","16.5723972758262","12.3517087490984","3.9305797534646","1.44325370621002","2.97009281527207","11.2105069504252","6.58604372567883","0.321971564083512","2.61875157240041","4.71856672944857","6.77523783891412","7.63242891934588","174.857704742568","8.21101038547327","9.55474858618992","1.15311395698279","3.97225241927488","2.40931982980719","4.72761506665056","-0.53668052810572","-2.10540388667033","3.00430951684523","0.898175926516998","2.10900787395214","-2.88748792539391","2.96118846307267","-26.2960990745423","22.4712188316863","11.9882993176737","-14.259105956532",
"High income","HIC","Inflation, GDP deflator (annual %)","NY.GDP.DEFL.KD.ZG","","","","","","","3.93299824014244","3.93665977559961","4.39927407203979","4.43339870470074","5.4247392538376","6.96137433352715","6.91008466334474","10.274553703448","15.7572962219945","13.120019411896","9.34351101123456","8.78817802646615","7.24405998436319","10.4049877995048","11.7581557473054","10.6939576076586","8.8270784009845","5.90072103660493","5.31098017204338","4.86704272805379","4.15066893987617","4.84188969550796","4.29757874863882","5.43581244333582","5.76986990463084","3.92483117351836","3.71171269705057","3.51794415236976","3.03497912941237","3.27605790028345","2.81153143527708","2.31687754807817","2.0807336761725","2.30199201920756","3.01797428833477","2.48352296605476","2.72574258562197","2.45182791541232","3.04242399802695","2.9353281399213","3.08383673352866","3.35847120177328","3.94532745767437","1.32875341247043","1.43035574550051","1.83341024455663","1.9116421347554","1.30681619185342","1.32778542787463","1.32371453249912","0.924249202864736","1.98679741737303","2.01340110890005","1.78405042057576","1.31715002805517","3.07877416395633","5.68354663317177","5.27321445450562",
"Hong Kong SAR, China","HKG","Inflation, GDP deflator (annual %)","NY.GDP.DEFL.KD.ZG","","","1.95529510818773","3.68561661031201","4.95598301179211","2.37989605997724","0.553195395451795","6.64340179782188","3.32646458856057","5.58736849784682","8.85433544367035","7.62320474659816","9.15096164222382","14.2617441505516","11.6122010754165","4.45867713713019","9.63692504094509","3.85845748950868","8.12237860202265","17.7598372852258","15.7451221637969","10.6160190064245","9.68487781730278","4.60273694502722","9.64210671779404","5.3612156119228","3.77072006053012","8.61133187124716","8.80194639391662","12.5594900169817","7.56492822504637","9.14044397471841","9.89941560842639","8.61290876247595","6.32117289855066","4.13959081814832","5.88357712036161","5.76021797909367","1.21992628323314","-4.09568563302255","-3.39421614513682","-1.77395207359339","-3.40187875280186","-6.00769764083003","-3.59087974688079","-0.150035320914441","-0.534851734912692","3.13745060193926","1.28141765617436","-0.375465208978781","0.270663096794138","3.89786575303084","3.54480072276367","1.81244904114206","2.85031300173941","3.64350928313135","1.63829075421917","2.88060004649621","3.65956973692072","2.04495308554056","0.638305073596456","0.683647800857543","1.69019081164635","3.17008496799049",
"Honduras","HND","Inflation, GDP deflator (annual %)","NY.GDP.DEFL.KD.ZG","","4.18905506794871","2.92397480604242","2.1330054077134","5.68451324107467","2.07710192543846","2.60566547152332","2.6211199671049","1.44868120969063","2.60516830495155","4.44557528281055","-2.77754008864453","3.86452383578926","5.34580501259809","14.7789434340134","6.38480092295136","8.53218912666507","12.1994797188068","75.0738706621948","8.35485421069781","11.2924547596186","3.16932827977297","7.74004861274638","3.98481812522131","3.2639157129307","1.66148350126687","2.12867790570674","2.24250267912511","9.17751045764341","11.5036925338541","25.0086874853778","26.2836710300963","3.67417388031402","10.9086143487444","21.3388006751817","23.7139686839353","18.1935778444514","16.8116051387563","10.2989949131436","7.57572728281066","7.99344674107078","8.08434938014908","5.13193992154596","5.75974076655675","6.45198385160759","7.27916415839877","5.34866346521486","6.62550716828601","7.79051363926141","7.65373242322937","4.67604329499009","7.8072052366428","3.57978742613756","1.37403051856492","6.84935672480186","6.9327703694637","3.67806814426042","4.5128429763521","1.94721691531043","3.35874088466439","3.40198228348704","4.60572808888793","9.31239503002736","6.1785877403702",
"Heavily indebted poor countries (HIPC)","HPC","Inflation, GDP deflator (annual %)","NY.GDP.DEFL.KD.ZG","","3.82995246658545","2.05096693162303","3.23554422060931","4.03251282784817","2.97431958073579","3.48847161638601","1.33299886735097","2.28019225729368","3.79167755080019","3.78500364659838","2.97053770959114","4.97439546817419","9.96406676362386","14.7789434340134","8.30480454769906","8.67575133556515","11.3724628206274","8.56215117461163","10.7131309289007","12.9883197511339","10.8085073501478","10.0000183961739","10.9096938505005","14.569882211734","10.4054880610347","9.84281949751727","12.5231608478454","9.53403991183907","12.1238763563495","11.9801417375466","16.3341883225277","11.150082868787","11.4107495542045","25.6169625323219","13.0495263965768","10.4490028956439","5.64262059409572","7.49572139802233","7.38243511492881","8.0972754941041","5.82661894343531","3.55421325456054","6.27947337754024","9.05090240497574","8.58488444144687","7.46134453965777","7.28820826067988","9.55474858618992","3.60351518418189","5.64433086097335","8.99929083812954","5.82399948795916","4.32935157395693","2.04949772560468","3.00430951684523","3.67806814426042","4.12357501319065","2.658498120573","3.00001181631713","3.17166106740507","4.60572808888793","8.64227752221325","6.89101973157508",
"Croatia","HRV","Inflation, GDP deflator (annual %)","NY.GDP.DEFL.KD.ZG","","","","","","","","","","","","","","","","","","","","","","","","","","","","","","","","99.2954227330503","594.846712426455","1466.78950777082","111.758749841777","23.529840162974","3.85310354029285","6.8904096212211","8.17760236408833","3.51334788172457","4.33923665155002","4.22706028814461","3.84427442716755","4.3003787301563","3.62993317581923","3.115914979951","3.88021393036246","4.27463088131752","5.51094593665616","2.97975458150135","0.929960423928904","1.66783470459721","1.42118013612756","0.718411584782814","0.144838051610051","0.121551145173555","-0.0165165912473526","1.2310186319763","2.01930977648396","1.992454583873","0.827584196459782","2.13441300829373","8.5535871319272","8.52265220762267",
"Haiti","HTI","Inflation, GDP deflator (annual %)","NY.GDP.DEFL.KD.ZG","","2.2206246641594","-3.60740687843058","6.62505430580862","12.1560239523543","6.30088810429544","5.0483705808166","2.21212681089182","-3.38687121639593","2.57197701133911","-16.0183260014754","2.87440962006281","1.54364161360957","19.7875854535674","14.5043139953154","19.1783680523534","18.9602589781071","3.88389669512306","-3.14157908924248","3.12509055791705","19.2631974142908","10.0478587441753","3.33095824071361","9.14309279925085","11.5269242012741","9.97375895388627","15.9345984327886","-10.9759466585695","27.427621559444","7.82070964861587","11.9957500830468","14.6102588137357","20.9081659658449","18.3366424469186","56.7078918049329","15.963377388462","9.97659004101597","12.7269915008058","14.1574176285167","7.03140253670993","91.3806637936128","13.2483298704949","10.2209698640329","17.9855214217412","19.3029246947154","10.072132103637","13.5183157532254","4.11225632167309","12.6749391714258","11.6014672379655","7.39382346704139","4.32073061328364","8.20779379091175","8.07714884191483","2.21898603934831","5.20596329822199","15.7032145295515","13.7798773975934","6.5357588755091","19.8003879006213","18.6851861283427","18.9602364056386","30.2012918564443","31.5119631462576",
"Hungary","HUN","Inflation, GDP deflator (annual %)","NY.GDP.DEFL.KD.ZG","","0.980850017531992","-0.586487546821743","-0.450355833225132","0.399055313205807","-30.1874927989251","2.88012520063148","0.58812948751978","4.35832238818574","3.95224539084447","1.68716631447406","2.17490505309273","2.11600393785265","2.6486739681028","-1.18184762089251","0.984560191076312","5.76608843245137","2.27554257391989","3.66343928538041","5.51245490418258","5.68664848448492","5.15179155003371","5.7103501343877","4.96090458128913","6.33162430558534","5.90976432501374","3.74226138866254","8.24957421262904","17.5260765685418","18.7365456340886","25.666049673664","35.71544123657","21.5091796494696","21.2784550856639","19.4910605451918","26.7327889444513","21.930280736456","20.2607985778717","13.7672389258277","8.12026432054157","9.58348091637275","11.0465639891595","8.09150583095244","5.43344610640528","5.09107072516386","2.62703094651735","3.65668643970305","5.44367721666583","4.80613866757824","4.1990645514699","2.53257045300049","1.92872070289376","2.89276167816158","2.82053189026186","3.6927260947232","2.7757419080134","1.3204719948326","4.02970505144422","4.847425391946","4.78502518079389","6.38947660567723","6.43924810515087","14.2313411581322","14.7490051351556",
"IBRD only","IBD","Inflation, GDP deflator (annual %)","NY.GDP.DEFL.KD.ZG","","2.14542764709287","2.79917876186334","4.31042984290484","2.7510343481518","2.87390159638225","3.09131619761873","3.00100679695753","2.57509787285222","3.33836713799693","4.27021984150238","5.92259368068034","6.85316088357466","15.1680360291432","24.1464809653065","10.1912385085877","10.5662888377803","12.3379171369614","8.82645062612013","15.7280432071614","21.6356921889667","10.3210844715591","7.94971663537379","8.43670348218046","7.99999984199485","8.0000001494178","7.14007497001847","9.36392063583009","9.41046129780732","9.14952758156124","15.4671634358751","25.3684751121971","18.4873548147413","14.8451080686019","18.7057045785394","11.5539999091651","9.6877419612148","7.72902341184411","8.03693899076718","6.45327603689827","7.77961031314705","5.38166540999907","4.96452714619407","5.785013689934","7.86649402192424","6.84725769988755","8.50812661819265","7.10543316555965","9.49990960446135","3.32987152335037","6.94533192796898","6.79164967714918","4.75960138954648","2.86097422863941","2.72119471075391","2.16975211695323","2.63616761998928","4.2326819752236","3.74065383086987","2.42951325872586","2.44841613321584","6.00397322136207","8.5702819532232","4.73582804327133",
"IDA & IBRD total","IBT","Inflation, GDP deflator (annual %)","NY.GDP.DEFL.KD.ZG","","2.68799999000787","2.01037157042501","3.17491640073546","2.906177950873","2.75322489296417","3.59364081326936","2.24496375356198","2.41538358508238","3.56390422509287","3.96056114698928","4.80122415613298","6.35006203142652","12.5618030684239","18.8878440323001","10.1912385085877","9.17210971660217","10.6450548190181","8.4896822268061","12.4714197212","13.9126652281184","9.57797517986813","8.11308950866379","8.52030774030598","9.68701265304789","7.85084492490826","6.56995289492231","9.25925891001465","9.06096347700635","8.51092844314314","11.8587057699314","14.6102588137357","12.9000344835068","11.2979738583905","16.9523160277603","11.076427188031","8.94219391896976","6.99682218586007","6.94032134027844","6.5719123435539","6.83011466821127","5.38166540999907","4.22273902366067","5.61831271895007","7.04876040538471","6.96186367935426","7.55679942246153","7.10754076839327","9.22898315569537","3.13941321851254","6.10516191441329","7.83332804468386","4.85536378121445","3.57669634673005","2.86031160659735","2.87358724902536","2.84247521750986","4.05526540260881","3.54866076415732","2.90861129147506","2.75341314239864","5.57650827468263","8.26227281475744","5.35788254029382",
"IDA total","IDA","Inflation, GDP deflator (annual %)","NY.GDP.DEFL.KD.ZG","","","1.40252482103691","2.77498341516986","3.14074265589306","2.75243171318678","4.14307892070862","1.54054412206496","2.36764213969136","3.8643468368338","3.71045521228307","3.42682710738336","5.56553386594852","10.4397190059423","15.6729988321111","10.6238815535953","8.44952547852462","10.3700771762445","7.37016185327879","10.7131309289007","12.5928216441143","8.80019382633151","8.67391700493315","8.91968461045738","10.1907199754761","6.99956195730624","5.93828160766053","7.75149159408137","8.95795187098547","7.82070964861587","8.01232903488547","10.2678485424025","8.74462897934502","9.88439431062804","16.5723972758262","9.81004035440252","8.37360999459469","5.58019782996804","6.15846278596368","6.73182094422087","6.35158675801333","5.58197474177128","3.92811823441244","5.43520732201227","6.61361084526086","7.01277939283641","6.28638095908797","7.19396962705502","9.09701189997872","2.83597213420774","5.60910450607773","8.51666047274573","5.64508717564642","3.98118051225094","3.67027557918389","3.35777295956466","3.02230644256338","3.92171862000133","3.20664527462094","3.32753294754764","2.87803228859791","4.68476572711678","8.21165628063734","6.1442403402407",
"IDA blend","IDB","Inflation, GDP deflator (annual %)","NY.GDP.DEFL.KD.ZG","","3.07437473836396","0.913291203415277","-0.616694252654881","3.49467897019404","2.72828750444384","5.18729604390589","4.31924801045524","2.48524647283838","3.96721653287207","6.24132537473812","4.22366215702186","7.13256642896076","15.3014735392057","16.049272207671","11.9337531308032","11.5024598958539","10.4461251876848","7.34918198462597","12.8527667500476","12.7409349278169","7.35599941278882","6.65911944836076","6.81675534552708","8.7665938941019","4.53494278712631","4.48351413387438","6.96238514949022","5.93361607497801","3.76289120645421","5.29511537720578","5.99313163820196","4.01158053146258","4.75647822157347","5.88247234703603","5.06514405944434","3.56525876147333","3.2900559949147","3.2110019999291","5.8622861838065","2.9988881954024","3.24539621003876","2.71295029474732","5.22451730389426","3.74722621391517","5.13660110663395","4.6325878594249","5.01429789090137","7.25676387978855","1.76512587619911","4.22978499907929","5.34094513529027","3.92615000865237","3.62129654202479","2.01421263022257","2.75839206279986","2.10194111830788","3.03193300945088","2.72491582561258","2.38778505304151","0.366160446728813","4.3307475585662","8.18212060803862","4.03314414454677",
"Indonesia","IDN","Inflation, GDP deflator (annual %)","NY.GDP.DEFL.KD.ZG","","13.9360155112959","178.866740355344","145.841086263139","114.731159312605","228.818940761814","-98.7038313429228","164.721840661348","122.972806486885","21.3532019264298","14.2530718759154","2.72473710580708","16.1198390334705","36.8784795093462","47.8605765830296","11.7969444729108","14.2504114254523","13.5310151921066","11.9567251224686","31.4093613529119","29.0047047883016","10.2001022432673","7.94971663537379","18.3824672375424","10.5597225268741","6.19041993354497","2.35606885998352","15.921980396328","7.78479726940087","9.14952758156124","9.11205705320339","8.90574357851041","7.288856255916","19.1525782575141","7.77657280254944","9.88204513048363","8.67650975491905","12.5713762955503","75.2711687750257","14.1611959851412","20.4474568512747","14.2957154355698","5.89605169517237","5.48742913580284","8.55072703194281","14.3317870855917","14.0874244166119","11.2585785299071","18.1497512500449","8.27475243197149","15.2642936576363","7.46594303367513","3.75387875323653","4.96599029131677","5.44317454935612","3.98024266013961","2.43892408688207","4.29267812199525","3.81832356943335","1.59848849984144","-0.401651435218994","6.00397322136207","9.56668684525337","1.5330736733459",
"IDA only","IDX","Inflation, GDP deflator (annual %)","NY.GDP.DEFL.KD.ZG","","","1.59305468413793","3.31096996153461","2.906177950873","2.92315375094078","3.73700226189102","1.24704475172592","2.36764213969136","3.8643468368338","3.03612048731136","3.17217614145233","5.30431124583347","10.1819585252214","15.4390860562498","9.46098924683037","8.32687845247263","9.63321373442493","7.96615651394521","10.3172575921123","12.5171777630606","9.50260838530962","9.0465164203043","9.1071525835793","11.3967204922577","8.93083000915655","7.32626398532695","11.3069440465846","9.79605539362043","8.33797324985537","11.8587057699314","12.7581993007547","11.150082868787","10.8417618101674","22.147259018823","11.064000105878","10.0738348648313","6.4983785778564","7.34486242985634","7.11027274187845","6.69302183966732","6.55411843600844","4.58213735216555","5.75974076655675","6.88562313045458","7.50171013084201","7.46134453965777","7.43263548031653","9.21371748562095","4.03530386157287","6.08189139722215","8.58039895814788","5.89315892251292","4.32935157395693","3.79025038594968","4.05068156760577","3.54546634119403","4.29086877078517","3.36483012425764","3.46709767699252","3.1945316999081","4.92455032597138","8.24119195323605","6.54482573015982",
"Isle of Man","IMN","Inflation, GDP deflator (annual %)","NY.GDP.DEFL.KD.ZG","","","","","","","","","","","","","","","","","","","","","","","","","","5.32211609473356","2.17153665936732","5.37077591846129","4.43718611550608","7.47887272702583","9.04935975497641","6.89045242941799","3.74245550165119","2.15636686258742","2.54138760337173","2.92003206566251","2.56971675250178","2.64422861089284","2.38711477002045","2.29396839491729","3.30467642451447","3.94179410350442","2.48308532818655","3.16682314898067","5.4488670166636","2.89669891422825","3.56126163688073","11.6230960809632","37.7329037032917","6.96588300576593","5.20678784279833","4.85475952954853","-3.68368421655121","1.53566217535923","-0.522056397610342","-0.627042047072351","2.2367860662342","3.99999709759626","1.29998718635152","1.80000342483409","-0.205802426208734","6.5149168978037","","",
"India","IND","Inflation, GDP deflator (annual %)","NY.GDP.DEFL.KD.ZG","","2.14542764709287","4.40561672938829","8.35362388701878","8.55167696512851","8.30036940764349","13.2707065585617","8.61620471048464","2.41538358508238","3.34336433815","1.56224348305101","5.32484105974427","10.8396026933477","17.8297156461391","16.6675157342338","-1.64868155114249","5.98185934107545","5.63722933776643","2.46028232008","15.7280432071614","11.508320807462","10.8275819794853","8.09586310062346","8.55285960224113","7.92323284822739","7.19378544452942","6.78940045356175","9.32789330598244","8.23251536870477","8.43680886909797","10.6683038500875","13.7518189408817","8.96515236173758","9.8617828547541","9.98004476893246","9.06270222432151","7.57501828948823","6.4762712593954","8.01016752456401","3.06839552293496","3.64497015989629","3.21561601727176","3.71568377761413","3.8677980853483","5.72541322793228","5.6219032632798","8.40093821740371","6.9444182524999","9.19396962637209","7.04036543564477","10.5260308551661","8.73357890620295","7.93438747794598","6.18650400082137","3.33175691703343","2.27958810848014","3.2379749508663","3.96925793349949","3.88424027193912","2.40551716110539","4.81485791890125","8.35490771485064","6.7475130832006","1.36646712940708",
"Not classified","INX","Inflation, GDP deflator (annual %)","NY.GDP.DEFL.KD.ZG","","","","","","","","","","","","","","","","","","","","","","","","","","","","","","","","","","","","","","","","","","","","","","","","","","","","","","","","","","","","","","","","",
"Ireland","IRL","Inflation, GDP deflator (annual %)","NY.GDP.DEFL.KD.ZG","","2.52392209617696","4.88024367528641","2.67143491745301","9.66097835485667","4.45389166434013","4.44218889984536","3.24189028156172","4.23662923575191","9.11139075397962","9.72879654891312","10.5391951842857","13.3851180329302","15.2725834546081","6.08761407840488","20.1333455829244","21.0229246552171","13.2685987386929","10.5264467976497","13.6760609831677","14.7047959204564","17.4425495807087","15.1821525205722","10.7088806982695","6.37927169346504","5.18632918441205","6.54969630953592","2.19740851204196","3.24631235724667","5.52176590092688","-0.729184240461521","1.80139469390592","2.81222187406782","5.17575214744367","1.69453086004539","3.03399662040185","2.29225237922243","3.92925999502648","6.55278085681785","4.37619339032121","6.8749502859407","6.85968606093488","5.18690351325941","3.91173008473453","0.515336738345184","3.0732111743428","3.41989768083654","1.1984880613123","-0.504525642239201","-4.62459815527481","-2.88983629770622","1.34971815484857","2.10827297466658","1.13326028645875","0.18200739255802","8.30014134761103","0.583849082631687","1.25108346816501","1.12003223626651","3.35541152264082","-1.23404262978538","0.477482551429404","6.58226428309383","2.96521970146489",
"Iran, Islamic Rep.","IRN","Inflation, GDP deflator (annual %)","NY.GDP.DEFL.KD.ZG","","-4.49823287158475","-1.74838598504742","-1.90010248777556","0.626693254367126","-1.57267068636733","-1.73978924473268","0.0183557037139508","-0.237190765772851","-2.18961228853509","1.55878076296547","10.0290110108374","9.09944569503163","33.6208998921699","58.3299552849666","13.3137238998419","15.008237180943","21.8878191407849","10.8597474859581","31.7304708879381","35.2313134939683","26.2738370953371","7.37294405365614","15.4329899143105","17.7486479901716","4.0544881480059","12.2355433967133","21.5334190145833","20.0802993273963","17.1600078824836","22.7971969560272","25.6171132056879","29.3415325636948","49.8968148656193","33.9314865991286","37.9374945080193","28.8336457238958","15.5280864957216","9.38151715778559","31.7078471448764","24.9292605173053","14.8054189526999","28.2796940893818","13.1363946157608","24.7082423900547","20.1661916084688","14.5825930244323","22.9390613586981","19.4219808649055","4.59851691322106","15.882625978134","33.4095331541239","18.9538841448282","36.775631886208","9.75876873256327","0.197001678736839","9.39978461338336","13.0353311671579","31.6411842965085","30.5348662272656","44.2649836337424","56.3196546439665","50.585248062505","32.9092849770248",
"Iraq","IRQ","Inflation, GDP deflator (annual %)","NY.GDP.DEFL.KD.ZG","","1.33909174640023","2.01537461153434","-1.20055607603732","3.02627396905837","-1.29240689811529","3.20586501399589","10.6374528633379","-5.01018434517614","0.574769647344681","4.35296904643067","10.6500350041112","-3.38209858946816","8.75411481383688","88.3325533946468","3.88439183948192","12.5858638210544","9.65042664487976","2.32694858302756","31.6670092504197","13.2017518244518","-27.5225895172736","8.33422038402263","14.1916947086109","17.0293500692757","1.68904839330936","-6.73151835962068","9.89415935752058","10.431250000768","8.40158927355475","73.6453910407238","111.126418152854","104.500766708699","114.467671713863","396.438017393312","295.367667140926","-12.5441374516451","91.4987978410973","-15.8607655366146","71.1480449198362","24.6124367394755","-19.1467310262978","8.16170060697605","13.8585834130703","17.3122113327305","35.8578508515903","23.0447439796523","14.4423764467864","30.17540867057","-19.521200513663","16.5867407502258","24.6894374235643","2.66976938276827","-0.011597877780062","-2.84317132634014","-30.1996539393789","-11.1041709203303","14.6503597888451","18.2039920993937","-2.67444003466784","-11.2201961826371","38.8998328309514","26.9938337592176","-18.1894127218862",
"Iceland","ISL","Inflation, GDP deflator (annual %)","NY.GDP.DEFL.KD.ZG","","13.270846893902","11.1467442824616","8.22791211895127","16.2181321099472","12.392038892393","10.4248181042121","2.75595676618737","13.7412170020208","20.8561468613894","16.4400087960378","12.5533158336815","18.334474189226","31.4564220966954","37.6918999521292","41.8672506303336","32.7368476786664","32.7059485933294","46.2488024909409","40.8973783715344","52.4757997107137","49.1854060622537","53.6463829356984","77.3050671475892","26.8807599397568","32.0845439785882","24.5862251250752","19.9464890827253","23.1352927533174","22.8684132849288","15.1715522321592","8.36534209630861","3.44928953098689","1.83184754250638","2.60337704602247","2.99756956463735","2.47929131349356","2.75410052366642","4.71460493246096","3.4988933721487","4.02479334126352","8.70374978605457","5.87213784679803","0.491863235904162","2.6750133342794","3.06586110573276","8.61668451093136","4.33314563453666","12.1352814872696","10.8047085143171","6.36885446534224","3.09666958205543","3.44088030034162","2.12454183861854","4.14165194460018","6.0545203480569","2.260860866933","0.936992856331969","2.63161215080015","4.4567758015221","4.01588811980919","6.36570966381409","8.85291252628349","5.90079405717472",
"Israel","ISR","Inflation, GDP deflator (annual %)","NY.GDP.DEFL.KD.ZG","","8.60934375923014","8.91004308852736","7.69150877930657","5.44308224851953","-1.30786440112527","8.73082288465116","-1.68818351341471","-1.39929452148812","1.59626266238114","9.59824380631619","14.4299241246723","16.59104548599","22.2564194079522","35.4920921775463","36.5660149074669","31.3719358834348","41.5652966809438","56.1384447162403","76.8623714177863","125.369362230005","124.620723421774","127.244322404038","149.920982589589","384.770298130628","264.53670597357","50.1599310742804","20.1788722137121","19.1652276800053","18.7028670223912","15.932065365548","20.1297699194162","12.0581277275047","11.0902477558544","12.5379293358351","9.06923921014469","9.22887687613365","8.0860951794631","6.87811071735234","6.18609734466101","1.96049891310118","1.74772155822328","4.75981737527135","-0.469126358625502","0.127336204100104","1.03684667574994","1.44715970880094","0.859810868916242","1.35505672789652","4.41921177637248","1.18745258697469","1.46847532002307","3.26985860621581","1.80352515595645","0.669193442699594","2.31774802896861","0.357880736218405","-0.0338664330484306","0.783950865361831","1.83647019726104","1.0414184276851","2.12829471719861","4.62330721703144","3.94491333551869",
"Italy","ITA","Inflation, GDP deflator (annual %)","NY.GDP.DEFL.KD.ZG","","2.78215888207636","5.79372991590633","8.45785990027879","6.48980793678663","4.19704019609371","2.23239628591618","2.77525898114087","1.73445112915147","4.05131666023534","6.86503492441068","7.17883799190318","5.63297445463147","12.7386317722905","20.2463802148206","16.9830893379841","17.4542759413683","18.4771578208988","13.9449736118056","15.4510276706142","20.815794339367","18.7872260862511","17.5409502379084","15.0967390421266","10.7618453102998","9.17464240026035","7.48841788190988","6.00928278208094","6.65040261914507","6.1973879442466","8.91406346285557","7.58132868312238","4.36811548625116","3.88595185807743","3.54247357636952","4.92524449399963","4.5076232078974","2.56737468974622","2.40262167809806","1.5361284470883","1.79239796601405","3.03359202588445","3.27434188043023","3.1478079285654","2.67018368106109","2.01055790083582","2.12485391464755","2.47899476586151","2.40070344440197","1.67883895982297","0.436360537541674","1.60717698349345","1.54730144037734","1.14761015891955","0.913241261981469","0.931863574759717","1.13435002037254","0.726343220957816","1.06813204686947","0.938114135013862","1.57917145706057","1.25837145663145","3.60458016609203","5.27321445450562",
"Jamaica","JAM","Inflation, GDP deflator (annual %)","NY.GDP.DEFL.KD.ZG","","","","","","","","4.24178110994305","2.73481216062206","4.10566063066081","5.22592582093631","6.92243514850112","-4.90581290550041","26.4485413535411","31.0861588853674","20.7427019658034","11.131130100211","12.4864965386383","26.5751041037205","15.7369435838908","18.2880107849128","8.3243428784801","8.31478842761319","16.9605968125082","35.9191957218216","28.5288463899539","26.861122180827","10.8225945755829","12.0555766552987","12.3692212815603","25.1171058836009","43.8422876390486","60.0357338849959","52.806399666526","31.1072465288465","25.1868524028902","18.8721078285238","9.6086992002076","10.5750724482558","6.91606081241565","10.5870802513251","7.80736940095173","9.08384842898865","11.6240551108509","12.8585995341944","11.4687438682087","8.84819293265961","11.3208103797352","13.54680952549","11.6565049802064","9.81023516820396","5.79618847204975","6.57190361388207","8.41581565660749","6.92994589148002","6.65540782392959","4.66411175576692","6.54982735214614","4.99324114976486","3.18250309465809","3.46419204457331","7.42596071661401","12.7978003814515","11.6865531931957",
"Jordan","JOR","Inflation, GDP deflator (annual %)","NY.GDP.DEFL.KD.ZG","","","","","","","","","","","","","","","","","","12.3938335781197","0.44866264040968","2.26433136755458","6.63763027656093","6.12338531903838","6.43212145070792","10.7301456605988","2.49156453248776","6.05996991157755","7.76430528268186","-0.25530325242201","1.26995011508571","15.6373185577246","14.1512702211664","5.43525695603412","6.7386811523716","2.96897921969565","6.8617322590588","1.88459153084248","2.04656660644706","1.24555949988834","6.00440267503002","-0.373208627520512","-0.413869577569187","0.773909402226451","0.924509731059914","2.14726310376403","3.09507950152911","2.00647430326822","10.6494515467628","5.04891837327762","23.6246844255135","3.16159648072517","8.07745609713074","5.91051095801734","4.60681522593885","6.1436238894444","3.44532356315609","2.16975211695323","1.36200664175068","1.78355010971296","2.27304507723449","0.843928095681321","-0.70816531322609","2.20360600532175","2.60053385134165","1.77810984698003",
"Japan","JPN","Inflation, GDP deflator (annual %)","NY.GDP.DEFL.KD.ZG","","7.78571761614077","4.19957756961354","5.51046905914619","5.32870588356637","5.13685728463929","4.97086914705424","5.49539007608537","4.91886318178774","4.43339870470074","17.3964329633351","5.09135193700088","5.60442161992518","12.7053961601652","20.810050423844","7.17744085284626","8.00788648534625","6.7491066304332","4.60375829046535","2.75163102987214","5.43798389632954","2.85766219221588","1.75952305495717","0.920750584420688","1.42960589072376","1.26062059864257","1.61202686008863","-0.163785679662894","0.609789282975953","2.06904024648344","2.56440413901143","2.90457098674266","1.67726959120064","0.528410642290368","0.186808629280137","-0.523458983689423","-0.445775393242101","0.504460814273827","-0.0266802470249985","-1.24105134726258","-1.33626008998714","-1.08487984815201","-1.39097861535799","-1.60770370751224","-1.12476639985243","-1.19401768056427","-0.862018389228027","-0.705243547499791","-0.911530288285164","-0.569564924624345","-1.88074194993916","-1.62208025009267","-0.75609311955516","-0.354375054330276","1.68629478626674","2.111298993275","0.419944376057273","-0.0743495037290671","-0.00023750638760589","0.63480316569607","0.941449700794308","-0.19006062486126","0.333979877221765","3.75261232319188",
"Kazakhstan","KAZ","Inflation, GDP deflator (annual %)","NY.GDP.DEFL.KD.ZG","","","","","","","","","","","","","","","","","","","","","","","","","","","","","","","","96.3564961311478","1472.2163557256","1243.46165650541","1546.72681598429","160.888673519863","38.8996311465469","16.1357299796042","5.66284472304086","13.2801406207938","17.4264026783762","10.1564326382591","5.80322409676619","11.7385246474223","16.1316269947904","17.8748272505452","21.5517089095579","15.5270972952622","20.9365382117877","4.69108507403161","19.5422853937296","20.5429582655299","4.78556981066754","9.49908144359215","5.77123952478276","1.82354987628641","13.6384336176426","11.211105653729","9.20560599766662","7.63328623733945","4.21085829258907","13.9300750551614","19.7690064802492","9.34699630805164",
"Kenya","KEN","Inflation, GDP deflator (annual %)","NY.GDP.DEFL.KD.ZG","","8.6621766402076","0.0183081363800852","-1.87731665934527","2.69073005412181","-2.05197379851083","1.71378886704562","2.40080913829186","1.67884084901533","-0.179866673006771","15.3156610773873","-9.21915791457236","1.20524585346172","10.2038414811637","16.049272207671","11.8351086252531","18.9061718629036","16.8998206192357","3.080995548347","5.63864406355114","9.55072003641222","10.8530772679157","11.5925537512913","11.8380374880106","10.1907199754761","8.30578269594497","8.71172359110277","5.40195208383581","6.45562427885882","9.76900937253662","10.6371987367347","12.5319618961838","18.8972340828787","25.698483612532","17.0164147872542","11.2210708426678","41.9887739085188","11.4352163318294","6.93140266888905","4.19393904906435","6.07984848923864","1.57312029702597","0.93320555589554","6.19731323900996","7.12684155505391","4.89964972058961","23.5301332510109","8.12948559613378","15.1511749642626","27.6968163767013","1.63919964802533","10.0650129672316","9.52297221154848","7.3375622336044","7.63503190149002","9.23865468396285","5.84962894648808","7.58193402820181","4.21502841459056","4.2752342393575","4.94885283291357","4.3307475585662","6.00876413290523","6.60930535258659",
"Kyrgyz Republic","KGZ","Inflation, GDP deflator (annual %)","NY.GDP.DEFL.KD.ZG","","","","","","","","","","","","","","","","","","","","","","","","","","","","","-1.87730647062322","6.98603069117509","7.97569881663355","134.771573614653","830.112923037667","754.427956132085","180.874929917678","42.0310892328294","35.3429079067887","19.3095484121193","9.07750628375146","37.574440469953","27.1617380473374","7.33297415426459","2.02529559228444","3.97456242996095","5.10869478075887","7.12862226955437","9.39161779468316","14.8765522207783","22.2159884113739","4.03530386157287","10.0339035419669","22.4818422448936","8.65631680881187","3.17518813604272","8.41522543621389","3.42728750288953","6.05056427055605","6.32714586262388","3.44744511589256","9.81131194747459","5.34018553508729","15.992797923604","19.6572842421774","13.4157414075184",
"Cambodia","KHM","Inflation, GDP deflator (annual %)","NY.GDP.DEFL.KD.ZG","","","","","","","","","","","","","","","","","-1.19850187279972","15.601472811134","-1.56290033399036","13.7012862598217","6.00902193380566","1.21891121878745","-3.52697094809852","20.3112736754965","65.3370992002751","-9.33945280989815","157.290386331151","79.5916478776191","76.6217147112448","19.0183974052974","145.629862256078","107.44004657016","75.4217451997757","107.40000000206","59.9652933950225","8.00418016102418","3.03250199287639","6.00507583216438","10.3577373382146","1.26155228240594","-4.28322676588751","2.64654100339877","0.713141233551482","1.79751759502633","4.82373796461634","6.07667882342086","4.63110939910894","6.51803350732712","12.2537866043431","2.5043846619667","3.12059287141699","3.36406625033514","1.44051812676264","0.781387551235497","2.63219587948149","1.78611245751247","3.4752545870802","3.34104215841538","3.11182136665906","3.2353717666989","-0.671856541203582","1.29194500045938","4.07039106451663","2.38406072114488",
"Kiribati","KIR","Inflation, GDP deflator (annual %)","NY.GDP.DEFL.KD.ZG","","","","","","","","","","","","7.11338264447517","5.22769803856077","16.2552846127574","12.9896617922299","9.46098924683037","9.17210971660217","8.89635029260533","11.8560196543667","9.17443417327762","-8.90223622560603","1.34348410210478","3.90048492515285","17.7989130434783","0.824278756088418","9.52111613876319","7.78297094086568","6.09686609686611","-3.96341463414635","5.69280343716434","4.07925407925408","19.4483845547675","28.1211162580499","3.57142857142858","3.88100067613253","-1.80124223602483","11.8279569892473","2.67275097783572","5.99335748792271","4.82837202677679","0.674603174603192","0.876858558902029","7.75729646697387","9.00451413637447","-3.52687852687853","3.78903857930189","-5.64102564102565","7.43263548031653","9.32400932400932","2.33236151603498","-1.01010101010102","1.95121951219512","-0.557846228474418","-2.67596566523605","4.86984024004542","3.07265440345287","1.67431511611736","1.09145560264119","3.99854350151341","-3.51437699680513","4.51612903225806","9.30688354031579","-2.46382189239333","3.26659641728135",
"St. Kitts and Nevis","KNA","Inflation, GDP deflator (annual %)","NY.GDP.DEFL.KD.ZG","","","","","","","","","","","","","","","","","","","6.91511034230714","10.625525795504","7.29119208424707","16.3563233341415","5.76682868672047","-0.194146962278353","4.25851652009244","3.71190961041509","6.19676818536649","6.10621614011968","7.01092521196738","5.68893659993266","7.60302634203465","3.43921877652862","5.29731458386074","1.99085029890244","6.27211761970925","0.783506444546504","0.645815916917087","4.91515472666765","2.80018158531561","2.7800211954283","-5.75137393409402","3.3332218722913","3.47602085514819","1.66939097961971","3.83914963846918","-1.62376578076149","14.1683305695624","6.32437713169216","1.481620896156","3.04258997710257","0.529928748999708","5.65965351498537","-0.759321367534909","0.273577980178928","1.35987231835131","-0.156232298668698","1.20132522527356","4.75051936491064","-0.14899986700226","0.0747452453393862","-5.74014001963613","-3.32596719351518","3.42010359088465","6.10076778033155",
"Korea, Rep.","KOR","Inflation, GDP deflator (annual %)","NY.GDP.DEFL.KD.ZG","","12.8977141579778","16.7323725948615","29.9804121522406","30.3156475927126","4.73216382282351","14.4967963501225","12.9592066792061","13.881476434028","14.0914355919656","14.8436476979975","11.2075818733564","15.7804011989787","12.7211641620903","30.5953697699091","23.6822668576014","21.2369312962486","14.4538968450507","21.8357285205065","18.5347204867413","24.6509963131763","16.585783368217","6.45829566849075","4.82028558506012","4.42130022868379","3.98543544625214","4.96718010956681","4.83110780905717","7.12330844241802","6.06512584651017","10.0874657380898","9.14103327577023","7.77796412307066","6.25452282376592","8.15895865164057","7.02456165565981","4.11067476454059","4.00328576264543","4.47592317611709","-1.22983539023988","1.02176500548737","3.47849914716076","3.03313964628073","3.44999346268816","3.12788028772735","1.041401491649","-0.223195612442552","2.41919594427836","2.8263023010858","3.60864412572843","2.73749683726491","1.2818638059201","1.2518081696316","1.01854380505277","0.906896750615815","3.18559596664953","1.98603850545349","2.22278138152841","0.482948983102617","-0.839325308149668","1.56374685675343","2.76293194144772","1.27552257409207","2.06407396162432",
"Kuwait","KWT","Inflation, GDP deflator (annual %)","NY.GDP.DEFL.KD.ZG","","","","","","","","","","","","25.7794794578665","1.97110537299727","17.2747080830322","173.195016610329","4.24587086238022","3.2911074849834","9.73286212310531","-1.95352776691622","40.8234326927948","40.4353848622059","11.3091033449324","0.766718703923019","-9.27633997364045","0.347685205465282","4.86704272805379","-25.7012348890764","10.7824858838894","2.96934016775884","-1.7218671622493","0.71741452352363","-0.0330465774615476","1.83400662216739","-7.38642077946965","-5.87047602737918","4.85050595520289","15.5102373952987","-4.71535484673295","-17.1561124601976","18.0893573873241","20.521710179026","-7.71871077505772","5.14828982462735","4.92065019374949","11.3712679311342","21.7710117887694","16.1763628454097","4.30736220673592","18.6629427337913","-17.1665374455073","11.1033505813839","17.2276629161355","7.48689202999667","0.22325403107628","-6.7579649145993","-25.9583314682208","-6.8378435099312","16.2308765005599","11.2779714289548","-0.467660799570339","-17.4605795835058","27.7250530586676","23.3397368254685","-9.21294274233108",
"Latin America & Caribbean (excluding high income)","LAC","Inflation, GDP deflator (annual %)","NY.GDP.DEFL.KD.ZG","","3.10333433194559","3.01285531533597","2.68689912429289","5.68451324107467","2.40619685424583","3.6273538089173","3.12244371070869","1.99252866901941","3.71900826476657","4.44557528281055","4.64378290636581","6.47615242257249","14.7583460086462","22.4620672114538","15.5258703904977","10.7825662835281","15.8054047727236","10.8125848971722","15.0884340741578","18.5587955966125","10.0478587441753","7.43698791311648","7.74075518403565","16.6945063131047","18.7797351038113","15.9345984327886","10.1443832689497","12.0555766552987","12.1294932387225","25.1171058836009","23.7132575125834","13.1992044095149","10.9086143487444","12.5733704419943","11.076427188031","9.60681288753851","7.00617304202626","6.50470125160993","3.83415440241939","6.83011466821127","6.119229850114","5.5023241130699","5.75974076655675","7.28303340681478","5.94079763021928","6.77427411913297","6.43903808702757","8.7785527236756","3.64796491881232","5.44341331542486","5.95334315490372","4.54221493776905","3.35844634594847","2.85700648471038","3.22542892692515","3.67806814426042","3.67138451275035","2.27741531762133","3.32753294754764","2.87326020166152","4.60572808888793","8.05446050272607","4.79095449990449",
"Lao PDR","LAO","Inflation, GDP deflator (annual %)","NY.GDP.DEFL.KD.ZG","","","","","","","","","","","","","","","","","","","","","","","","","","64.8146877854015","51.1154587374666","14.4277167046219","25.8491486658893","55.2665211235225","37.907380761807","12.9717603920705","5.99384147677743","11.1825793452992","7.70059550868136","19.6853644196947","13.7252122556336","19.3528167277303","84.5044589007367","127.97396639694","24.7977766095657","8.86807380365211","6.31846474098954","13.450089840918","10.6904285437007","8.64032248095118","10.8051012263872","7.43828600469453","8.86345063797221","-2.93207353184403","9.19657111138675","10.4687175993929","7.52885930495688","6.47397208343337","5.72655918174564","2.34849600685918","3.02230644256338","1.85209676121123","1.91988919391754","1.19742392109292","5.03450412544517","3.71344836687553","15.7739459226011","24.4217202066693",
"Lebanon","LBN","Inflation, GDP deflator (annual %)","NY.GDP.DEFL.KD.ZG","","","","","","","","","","","","","","","","","","","","","","","","","","","","","","72.9964555217472","15.5018483856034","47.6556598595665","97.4338199086854","24.7430178138061","7.87371706042556","10.6790055674445","1.73810973618646","11.5467672117432","4.01791826450849","0.812850465455782","-2.08798314732812","-1.52515154552069","4.92118791987299","1.58125248896708","-1.2346616322255","-1.06220705635945","0.880737586375261","3.13292372272159","7.53328390625055","10.2845410020847","0.578606723263135","2.96508062083976","7.48605187549234","2.57845109226618","0.105278623259466","3.33578444902192","0.87129520217637","2.7485363221939","5.52248710107466","4.09482315573024","85.5420423400206","150.000716803737","112.149478998819","168.94847773506",
"Liberia","LBR","Inflation, GDP deflator (annual %)","NY.GDP.DEFL.KD.ZG","","-5.75102700632475","2.93351234168125","2.04049749373081","3.98192046871432","-0.0711752413380395","-0.996464852860086","0.0283860247423604","1.22443373919265","3.35528910799584","-1.31806817054722","0.765873909923172","3.48997964430198","7.55279817311867","20.1285236831297","22.8659605381185","-1.8982737745513","11.0302221794612","1.67503799683368","9.91159114433503","9.47952427645569","1.20342729381264","4.6026125111361","-2.8518532923357","5.26715327593965","1.18541540304773","0.472892540018393","16.8470569250553","8.95795187098547","3.27008940170441","-0.167333701243066","5.54464668090986","-1.06321839080444","7.07610146862483","5.3443609406517","6.51068844536849","5.4655545753469","-10.0088240342521","-6.66670189045232","0.91775156184903","53.8122578756816","0.720025735561336","-1.39272821423994","15.5114915940543","16.8582781254993","0.490010500603105","9.13488162981633","12.0176471387966","17.3263455514491","-2.72284314110513","6.51200368905668","10.9234453589782","7.79715716365929","4.71530813283255","0.817921326764434","0.062713425558087","6.97295697153928","-2.61793415299387","-0.209872797387817","-0.560426634044902","-1.38060064779776","5.35427531763544","8.66620792217219","3.40043896635056",
"Libya","LBY","Inflation, GDP deflator (annual %)","NY.GDP.DEFL.KD.ZG","","0.569889303773778","5.34460391578395","6.64134059584478","3.62144892416597","5.00275298425348","8.02938110142459","6.13518185063752","5.48347650400352","0.606234976438174","0.0820003977704857","20.4036993578678","1.30914859690397","22.5202126614211","41.4794761878865","-6.42697472567068","5.64274382672592","7.89297342851951","-4.45892209616365","26.6051161942561","33.2021670193214","9.90997003016167","-9.71994676957797","0.835220572631684","-6.50406915782821","-1.25257319029706","-7.83798100112601","20.9059497409346","-17.7752665658684","1.05785830481373","4.70251389983105","-5.12733390736572","9.19711078641146","1.63414248248502","4.77732571874139","9.58688163953974","11.6619404578811","10.410509033443","-6.62734029824333","29.9783598769225","13.3068623002662","7.1848746565278","27.247302775382","14.3625652729747","22.6053424951582","28.5685039972063","19.6795130437458","2.43938616827511","23.7093714962272","-24.8472677473776","19.278545342939","24.3427533511905","5.98193050372183","0.0853923422682783","-1.00660401665242","-7.04070727195378","4.69231431810404","1.80666382178316","3.59757389264269","2.42951325872586","117.132857250853","-6.70512765734659","23.1599622328023","-8.2076140615155",
"St. Lucia","LCA","Inflation, GDP deflator (annual %)","NY.GDP.DEFL.KD.ZG","","","","","","","","","","","","","","","","","","","","","","7.35599941278882","-7.64120612001872","2.39065814635357","18.9865253283921","4.45086845341632","4.48351413387438","6.28709618836054","0.437892645691178","3.94092337206962","8.38221708688111","5.48232034728547","1.74518377711135","1.00434947149506","2.57871402738749","5.06514405944434","0.461968849055452","2.87370178549085","2.43023787455614","2.33253225134298","1.11583405037081","-0.912140725343306","0.41171045540753","5.22451730389426","0.708134828409769","6.89693651611844","5.17561350784197","3.59090008384686","2.53277352430888","0.318436532246153","5.42281943230741","1.41240495830502","2.01336870760498","6.00571366566349","3.78033727172351","3.23645280219833","-0.0566851110154261","3.45859058531377","0.23146946975146","2.17847636403022","-5.1666454733784","9.14853268616167","8.18212060803862","4.19512509011307",
"Latin America & Caribbean","LCN","Inflation, GDP deflator (annual %)","NY.GDP.DEFL.KD.ZG","","2.74368019317807","3.03018263268706","2.99333780095938","3.36777231737334","2.36231212148663","3.59364081326936","3.29968039470042","3.67157618714678","3.59283694614498","4.27286690750125","5.38437111275978","6.78665889377336","14.6762708750828","23.213026722833","15.4691435741332","8.5989208742604","12.5406184290034","8.82645062612013","14.6144609501441","18.2880107849128","10.8083556394613","7.08276256147326","7.02793649790883","10.4830020582069","9.36092204780764","7.26304117277021","9.32656261851652","11.6552979490679","10.9088968745446","18.547900299178","14.6102588137357","5.56829005918074","8.81178502260418","11.7222782032805","10.5086672297491","3.9305797534646","3.70423775271973","5.37109035742958","3.83415440241939","4.56004348689325","3.32342676371552","3.7182475900851","4.71856672944857","6.45198385160759","5.94079763021928","6.1071543478173","6.22608464333572","7.60243898260689","3.53797080152426","4.65570138250342","5.65965351498537","3.59822124441095","2.52167569370495","2.50461004026867","2.78817037438111","2.10194111830788","2.85888372957956","2.27741531762133","2.96118846307267","1.48172462037539","4.60572808888793","6.47049920891087","4.69741140098757",
"Least developed countries: UN classification","LDC","Inflation, GDP deflator (annual %)","NY.GDP.DEFL.KD.ZG","","","1.56381732227671","3.62339192272962","3.16913432887834","3.88869200470179","4.30924498456589","0.673724706280694","1.86215426476414","5.10022041551674","3.69002391306718","3.0018083172566","4.97439546817419","9.96406676362386","14.1609091616266","12.2654179764006","8.17957677060578","8.75718486838888","8.86103068391449","10.0079676192547","10.3267732183565","9.29650127684007","9.50533404915689","10.8174002740579","10.9126066740635","10.1093423743907","8.01868791756826","11.615020220823","10.7607298047881","10.5755208201018","11.9792186499646","13.7910096029031","13.9389902100661","11.2402766018449","22.7319241501848","12.7614439560551","11.1899353505517","6.4983785778564","8.36301144111664","7.43186108423555","6.57579335583457","6.99493519580557","5.39203771110913","8.41868264342142","6.88562313045458","8.58488444144687","7.36003927902544","7.32124731768336","9.21371748562095","2.52203836146078","6.45159937018169","9.4090312476406","5.85857920523604","4.60163821236538","3.56088477205805","3.35777295956466","3.61567809530786","3.92171862000133","4.3558584680418","4.20910596809098","3.84106338588026","5.16433492482598","7.30003423870163","6.83426401531012",
"Low income","LIC","Inflation, GDP deflator (annual %)","NY.GDP.DEFL.KD.ZG","","4.01443455551561","0.715476635544604","4.67447570130837","3.90597769120897","4.34504835283016","4.95788513775463","0.805728082620163","2.192742374896","4.83856099609655","5.18451180666659","3.48282187913128","4.4675235302125","7.13319623593669","14.7999976089382","10.295466715831","8.36686538680969","12.4419645606385","9.14335100246169","10.8198824530101","13.0192444093018","11.4999913527617","10.0000183961739","10.9601408150368","12.2447741055209","9.74844016816537","9.55204206246825","16.092349605339","9.53403991183907","11.3766803966195","11.9116195809889","10.6923141627805","10.227514252196","9.98991652376216","23.2494807573282","15.8089838973553","10.9214157502718","4.49197342415518","6.74940882900434","7.44219677268558","9.8531369204179","4.84544150767007","3.44363247420181","8.80333248847226","10.7106206517334","9.45317605841682","7.33054791629083","7.30472778918162","9.18675896155585","3.11722995629992","5.64433086097335","10.3861871358875","5.82399948795916","4.82278547876986","1.79536394969367","6.5037166915161","4.34922894475879","6.44370628779525","3.79511862084047","4.67764534674804","3.17166106740507","5.90670766327823","8.65424272219272","8.9519306407775",
"Liechtenstein","LIE","Inflation, GDP deflator (annual %)","NY.GDP.DEFL.KD.ZG","","","","","","","","","","","","8.24370524786377","8.24372585555028","8.24371117589769","8.24370704690749","8.24369968931063","2.23042518735879","2.23043779738829","2.23041631526542","2.23044153770022","2.23042759520939","7.01270902393453","7.17686349581676","3.2176546802712","2.95143693616208","2.85520116074038","3.69822485294608","2.51954065993667","2.50531223251818","3.14382399307311","5.40244442726828","5.87012984362545","4.02355414884856","3.30188453106945","0.852360816018248","1.79595371006631","0.815420354165212","0.514706284993991","0.0146296875332581","0.819192785901677","1.55252192703072","0.985855937188077","0.650821388246285","0.632556289875552","0.810168671611081","1.19056787026008","1.31488166385525","6.58173780950284","-2.11669284164925","-9.90066262743474","","","","","","","","","","","","","","",
"Sri Lanka","LKA","Inflation, GDP deflator (annual %)","NY.GDP.DEFL.KD.ZG","","","-2.34660744502497","3.31096996153461","1.59871045428639","1.16754671114046","-1.80354437392351","1.83887555886106","12.0983735353254","1.29848520117393","12.5084703962912","1.4984526962858","8.96686002388829","12.7485944925573","24.3787426276793","5.35029466941981","9.97557315179503","14.691083615838","10.9178858054688","15.3972960659161","19.9775120060464","20.8853013323648","12.1010603605451","16.9068302725259","20.3005158881012","0.583905559493573","5.91728493274992","7.75149159408137","10.1170340331736","10.9231572567731","20.0632752884552","10.6240231643885","9.40370611580596","9.88439431062804","9.77058482007504","9.3034396278523","10.8174557970975","8.92446881960332","9.21416012598122","4.16270115884763","7.27743020932476","13.6648001624429","8.11157025730627","8.74866439756123","8.80149246131563","10.4187267516516","11.2770294472601","14.0284428247112","16.3270160248281","5.87988263586622","26.9348761761573","3.97992934293185","10.4634471767858","6.25288525916727","1.92062881101653","3.01438079835941","5.44322171526078","5.47284529470402","4.29530620201848","3.8705276117724","3.10430759654419","8.02108992747299","47.4636957963534","17.5191917312673",
"Lower middle income","LMC","Inflation, GDP deflator (annual %)","NY.GDP.DEFL.KD.ZG","","","2.09156229282105","2.1330054077134","3.85594321142968","3.02548541053081","3.66106680456524","2.16625623022186","2.10840736920706","3.00252386647273","3.61442438372194","3.41352952874581","5.89793368064259","12.7485944925573","16.6675157342338","8.37841157571751","8.63733610491278","8.89635029260533","6.77263191828155","11.4887631446863","12.6290563454388","9.73633274588384","8.99545887405573","10.6469818856683","9.90862173739478","7.19378544452942","7.39227630448525","7.75149159408137","9.6175606497841","8.70716566224667","10.6527512934111","13.4924162537213","11.150082868787","10.7749092715904","11.0926013773148","10.108912422964","8.26685150425074","8.44979201209553","7.46565744417996","6.01627258984488","5.6879986769014","5.72274060459898","4.20087386528236","5.43520732201227","5.80808588100091","6.09803461567861","7.36000850485555","7.02207462296503","10.4033789256351","3.81940952287738","7.2692432475749","8.78337356521383","7.04625136271581","4.43301956750236","3.67222811544951","3.31620739595171","2.51784593601241","4.08078481196183","3.84178663274797","3.57545446932066","3.40198228348704","4.64771594223068","7.54711051559526","5.29961989572631",
"Low & middle income","LMY","Inflation, GDP deflator (annual %)","NY.GDP.DEFL.KD.ZG","","2.99006346469766","2.01037157042501","3.01391715577817","3.02627396905837","2.99457829980032","3.66106680456524","1.97963060420648","2.192742374896","3.58935608902033","3.96056114698928","4.45844437560898","5.95027921157384","12.5755321386108","17.7278983638136","9.61861861993833","9.33291165627451","10.5763558516076","8.98234569588423","12.2349181497405","13.8985348254353","9.57797517986813","8.11308950866379","8.89613365239207","10.1772044989452","7.93420858401659","6.56995289492231","9.32789330598244","9.06918385963478","8.71587422051305","10.6920945016942","13.7518189408817","11.9156332507611","11.2979738583905","17.1913029093567","10.9864119611362","9.07483488878513","7.00617304202626","6.84040574894669","6.83704511783016","7.87758076554194","5.82661894343531","4.69892816201967","5.75974076655675","7.12684155505391","7.02679084259007","7.80012735973601","7.09551578776291","9.37273025563468","3.02304497058495","6.51200368905668","8.19079859862242","4.85594551850788","3.62129654202479","3.19240611251928","2.92789936473167","3.00771660157007","4.05526540260881","3.61211059645764","3.08494083445927","2.82930102247945","5.83488788691009","8.33090398854289","5.00172039487603",
"Lesotho","LSO","Inflation, GDP deflator (annual %)","NY.GDP.DEFL.KD.ZG","","1.34891669776522","1.66743898441533","1.59066205444344","2.00048607403861","3.43233565657341","3.73700226189102","-5.7645155187939","4.0673817655678","5.72320201718328","1.98182053931293","5.98549622178999","13.9421219282536","6.9650175532493","9.82034432208638","24.7621721053372","4.54294727590587","7.47889362400342","16.5464442641433","2.42838552697589","41.4595009116632","12.5771157224578","-4.8526439386544","11.5568417279521","8.10294997686778","18.7077794752277","16.2532723477284","11.7357835170852","20.0811009249169","14.8392839097246","11.9939039078829","17.8272220381754","13.9389902100661","11.2979738583905","7.76663619434275","12.8165188933691","6.0020440622212","9.01894091385059","9.92223369840188","8.13125258324258","6.30021825194582","11.4730549205663","14.2069324429006","2.43881282672922","9.60039256006742","5.92284320097511","9.31098848080705","-6.68245430736991","16.7198204134298","2.34503086791631","5.33711013720971","9.42640700324388","2.18204801752952","10.2798956437383","14.0351521545479","10.2030391854904","-0.292451161776754","2.01891024364069","11.7230686414621","3.57545446932066","5.72682148905849","3.33153025990252","3.94939212902999","-0.0940149342992243",
"Late-demographic dividend","LTE","Inflation, GDP deflator (annual %)","NY.GDP.DEFL.KD.ZG","","","","","","","","","","","","5.44554418620429","6.78665889377336","15.9974511872759","25.3771500046661","12.081807361978","7.99564765490605","9.65330909167452","7.90848153079263","13.1367049795793","18.2880107849128","9.47047691415123","6.6938283290954","6.15081990162422","6.10593028960385","5.02668595623292","4.66038702945271","6.96317900988886","3.92875253525872","6.19604917764239","8.40996376629131","10.6240231643885","9.40370611580596","10.4355721703213","13.2678024515459","9.9706626786687","6.58214408019879","5.50405169960931","6.36014257640234","5.73470282940465","6.12336284210544","4.15255823169378","4.08743027931138","5.21157630348554","6.81034379963114","6.77106124878316","7.09433662444179","6.88272507590736","8.28694938032876","1.76499206607248","5.7378993076553","4.58216960129634","3.59147389484379","2.07869893633868","1.99922579072911","1.99048265798523","1.73889794711164","3.52447780005237","3.22610640466073","2.43881496389949","1.46747814810814","5.70751569365426","8.71159723975335","4.55308281133995",
"Lithuania","LTU","Inflation, GDP deflator (annual %)","NY.GDP.DEFL.KD.ZG","","","","","","","","","","","","","","","","","","","","","","","","","","","","","","","","228.336781766382","942.306569115402","306.194445078925","61.6352540095286","38.0457423260524","18.9905281611011","11.4486891249753","3.35143703021137","-1.25689219624905","1.29853834645186","-0.32181060141184","0.318656607612212","-0.813494503489466","2.68179721009696","6.88510859135766","6.73558515155621","8.55458561870641","9.70910857173813","-3.29603877370516","2.53348366045552","5.34995229795771","2.7342534936864","1.28133222727745","0.833592064248663","0.0636827914669311","1.57625277213522","4.24343178964807","3.52717427534756","2.77156306285475","1.89196476010981","6.54727551776691","16.5587321367351","7.10652372309437",
"Luxembourg","LUX","Inflation, GDP deflator (annual %)","NY.GDP.DEFL.KD.ZG","","-3.65861057046043","3.89466767618612","3.14595299038115","5.83432416678427","2.79743538848471","3.93299824014244","0.430967186305949","5.01665276864152","5.29301380246514","15.0277729399615","-0.8142075241513","5.78879970953214","12.2022733700069","16.9807046604843","-0.85529895483954","12.2156941239688","1.17219803964235","5.12999167217987","6.35441267305565","7.92135284789185","7.18202430149813","10.8113729301027","6.81868790892469","4.40749200116784","3.09248753290503","-0.0837771552214548","0.0630386263660938","2.77642630547237","4.02098262746891","2.51339456630137","1.82284159066207","3.72907157121564","5.97276445786341","3.54237732722473","2.3320697783624","3.78355783251419","2.61954368325136","-2.03254645964208","4.76461985998604","4.60847302260945","0.790074314583535","1.46441111905192","2.1859765845399","3.11732659571314","4.8173272087173","6.45467522017813","1.89248054012752","6.60996540521124","0.870687903518032","4.64841846238745","3.44946167967612","3.26597731840673","2.27602449452651","2.79670220085781","2.21918065733098","-1.1076169264046","2.14290399690169","2.11133910459871","0.900736076793322","4.3010148081047","4.64389231812459","5.68354663317177","3.43002456230172",
"Latvia","LVA","Inflation, GDP deflator (annual %)","NY.GDP.DEFL.KD.ZG","","","","","","","","","","","","","","","","","","","","","","","","","","","","","","","","162.58473963536","932.494627906882","53.6936062320566","36.2517852107661","29.3227114561017","12.4342660093706","5.88733415793435","4.82382490013987","1.49184828686271","3.61822725593801","2.30250075157525","5.07274915115785","5.01810737439072","7.06230062105652","11.199010819183","12.4335534677998","20.0626710169173","11.662247422828","-9.65367579737001","-0.360646954976275","6.52344087085697","3.63399957602259","1.71841948890339","1.915588014642","0.115712474014657","0.863392494557075","2.94787720841359","3.89257047226215","4.25589850087644","2.07082155607836","3.77323708612343","11.8012689904466","5.40867266156818",
"Macao SAR, China","MAC","Inflation, GDP deflator (annual %)","NY.GDP.DEFL.KD.ZG","","","","","","","","","","","","","","","","","","","","","","","","8.06341956438852","14.2665026817462","3.19404205197817","5.61563976257686","11.7528423735997","8.85602300913","12.4654693104963","10.9422034032947","11.6515526184154","14.7394885628392","9.53690491641615","6.75322661950541","8.18459423846176","2.26660442468021","1.66019479913059","-1.94096011966001","-1.19137718573774","-1.74588451489581","-1.47910390393903","-1.33751300685411","0.0505495616749414","1.9338409648367","5.56780151052743","7.74494380542301","8.76200667001741","10.0731305517521","0.922108871015425","4.7907354351691","7.49064057629086","6.92093271715433","7.73270873460883","8.73052296506445","4.51405118914209","0.861684749152516","2.14891172657101","3.54294710065504","2.40360427897856","-0.258281071925396","-0.878644349067272","1.25625432992071","6.52986556096226",
"St. Martin (French part)","MAF","Inflation, GDP deflator (annual %)","NY.GDP.DEFL.KD.ZG","","","","","","","","","","","","","","","","","","","","","","","","","","","","","","","","","","","","","","","","","","","","","","","","","","","","","","","","","","","","","","","","",
"Morocco","MAR","Inflation, GDP deflator (annual %)","NY.GDP.DEFL.KD.ZG","","","","","","","","-3.74504063299219","-2.27797986868852","3.00815431122344","3.46769842542915","4.06519746500086","3.58421994159102","6.03939299529168","23.8982358438244","0.931315958746964","4.97659389266521","10.7709665316452","8.41721327900058","7.34460906345609","33.0231314376558","9.47047691415123","6.29835250295328","6.97019803491227","6.20115343818412","8.95364431960854","7.4907494864752","3.01480842265075","3.67059655170753","2.91997905560737","7.69435962224851","5.39631618665197","4.58787832075566","3.03498246332101","0.65534023011287","7.53840293949897","0.435488567247717","0.713391642504391","11.6571702137998","-0.120156156475602","-1.76759868448363","0.614522911755344","0.959559339434833","0.860408255313928","0.913545179131802","0.886221376375332","1.44536678457565","3.17154412342092","4.8303863930626","-0.452558780552764","0.647501047462967","-0.598844907171141","0.533172461926384","1.26026248256035","0.215437762428678","3.17293530967125","0.969883868049919","-0.0608910142931904","0.939181637531973","0.816805456485284","0.142417962079094","2.39453714272777","3.0515118903607","4.18320344922859",
"Monaco","MCO","Inflation, GDP deflator (annual %)","NY.GDP.DEFL.KD.ZG","","","","","","","","","","","","5.98215468961484","6.84700423686897","7.76754781352078","11.3646425499137","13.656859802105","10.7974592802803","8.80119852038325","9.16894798536008","10.0978753685722","11.2634805473197","11.4411158120728","11.9880817872692","9.51721086261782","7.27777707141708","5.52682014282651","5.27902517328627","2.77798788412535","3.07508380638224","3.3050904681663","2.64193235512182","2.54193993205187","2.13345009569557","1.55285599308712","1.34480752384911","1.30792665092055","1.60444365108339","1.01334248526635","0.900912513880272","0.0472712707234564","1.39857633638334","1.64884492387496","2.3792227674043","1.88128364675633","-0.241253595722867","2.05416681825845","2.16971323954735","2.55569234224455","2.37062351818433","0.116169701241546","1.06946155254144","0.948018033553467","1.16156694861856","0.778355083002609","0.577390599675851","1.13797243776995","0.5217416652238","0.522888960883463","0.993425921393268","1.27736413799498","2.83909371139153","1.42393599793846","2.94812081629597","",
"Moldova","MDA","Inflation, GDP deflator (annual %)","NY.GDP.DEFL.KD.ZG","","","","","","","","","","","","","","","","","","","","","","","","","","","","","","","","139.826806929829","945.030521954821","860.457221291034","276.441127471841","38.7375203768224","27.8519773445647","12.5029398170542","9.46173017171613","39.7816660136116","27.328751985976","12.0892509733681","9.82740206371066","14.8659724616995","7.9870868570528","9.34414407593009","13.4181412403617","15.9087149618352","9.2442488257698","2.16939170451238","33.3049320977984","8.19079859862242","7.42422201997522","3.92385122182326","5.14320721702923","11.5743149591168","3.5508738308871","6.25246649143298","3.21103213223728","5.35171200346649","5.57500940096507","6.38172855134019","19.2532036308322","8.70839048786753",
"Madagascar","MDG","Inflation, GDP deflator (annual %)","NY.GDP.DEFL.KD.ZG","","1.78945574498451","3.39092839540686","3.67685878158819","1.65271309261479","4.34504835283016","5.81727051278811","0.673724706280694","0.970851321893122","3.8643468368338","6.90456285039905","3.58816843269342","3.02433495107741","11.9008758075883","22.8044350698986","4.69104614922122","9.92709445297837","8.59390754936784","6.79486762407042","11.3265227896614","47.7609079556026","30.4568527944805","31.9066147853204","19.469026551055","9.72047085372046","10.5660503271742","14.4923243761961","15.460832553855","26.3375571405737","9.01678837253515","11.8587057699314","8.54018289662375","14.5672851392356","9.98991652376216","38.9921305701247","49.0361191268476","19.7608163868213","4.49197342415518","6.2099695419688","7.18914294704696","11.5703529669413","7.9169448389373","16.498525534897","-1.70400479873007","13.9558018033899","18.3638246481935","10.7656371604386","10.287966315995","7.48630027641002","6.929159085308","10.2185410293303","10.3861871358875","5.46617486333369","5.4523024549118","6.7317708095171","6.5037166915161","8.96008072992041","4.96153975601543","8.29799331094843","6.52209064077279","4.31114513583488","6.64074341609775","8.33090398854289","8.9519306407775",
"Maldives","MDV","Inflation, GDP deflator (annual %)","NY.GDP.DEFL.KD.ZG","","","","","","","","","","","","5.61167206347559","5.30431124583347","10.1819585252214","18.0878172933966","-0.0737860227949909","31.6856894200848","-12.2127611139251","4.21781495280567","19.2797600052233","-6.29296342367502","-5.6423810636045","4.81351976395881","2.03394993794596","49.150650925461","1.32300635853677","2.76434691518186","17.960774156788","4.53232047398511","5.8651498514037","2.50712717932487","20.2552482799203","12.6430163629807","11.153806148174","8.36035028307822","0.767657765082319","4.65632948783248","4.10041409895274","-1.13798307782147","2.75330661293813","2.03241260876266","50.8928274402156","0.497535125844891","3.11136682753414","10.1959604079309","6.81473142832525","9.54231878924602","10.7250137594501","11.5651624727837","12.41242379451","3.29537815566177","12.628798047821","6.9372127595247","6.74659962921251","4.18319658900101","7.32344910852898","0.218876276141572","2.14358292337704","3.28221513262272","-1.30973757371325","-3.36532461650745","2.73206218771489","3.1938627022308","2.87239749184663",
"Middle East & North Africa","MEA","Inflation, GDP deflator (annual %)","NY.GDP.DEFL.KD.ZG","","","","","","","","1.31204101873136","1.80143115333173","1.01667233212706","3.46769842542915","10.2876346272055","2.22603996198642","15.6274038813041","45.1880333056736","5.63863283820086","10.5814823284432","10.7709665316452","6.46492999055477","23.0987442802325","25.862038763111","9.90997003016167","6.29835250295328","4.13002926296977","2.49156453248776","1.68904839330936","2.40534325293611","8.84202042232309","3.67059655170753","8.48970589022304","11.9270094176963","5.43525695603412","5.69154486496357","3.03498246332101","6.8617322590588","7.77596027663453","6.8826124867655","3.10844481417407","-3.69276700598908","7.94278711644308","11.2037274347744","1.26081548022486","3.59259455194564","4.49652849553978","11.0237236129769","13.0482805838232","9.87297893528463","7.6798144607668","17.3491040449198","-5.0769856076255","10.6051076055229","12.415097862191","4.6707679532898","1.5318938192584","1.26230441351029","0.197001678736839","0.856688224295937","4.9862131440172","7.92485471176592","0.882992828155892","1.0414184276851","12.6957152190563","15.6127413713078","-2.25825427168107",
"Mexico","MEX","Inflation, GDP deflator (annual %)","NY.GDP.DEFL.KD.ZG","","3.41805433759166","2.56077302322369","3.21169218674891","5.80020353328601","1.55456605193143","4.95698720737592","3.17000030054369","1.02253365870766","6.96981159885637","2.68268097456294","6.35865050495181","6.53921567860355","13.3873680467603","23.1328483478072","15.5825972068623","19.3635456866018","30.4422357587574","16.0023785290031","19.6732980079214","41.4051371566337","25.075547620241","61.0811184729891","88.859881167231","59.2646312286776","59.1495162299007","70.8510172712463","142.025338723878","100.575986321826","27.3944004414714","28.105912393932","23.7132575125834","14.8138855781018","42.8676233155078","8.36062722142472","38.8092293997712","26.6967739975906","17.733691153468","15.7160554430069","15.3190813355821","10.6979645310047","6.47300917877192","5.5023241130699","4.27966722239654","8.11744317174407","5.88498274459207","6.1071543478173","6.12779215497929","6.31038161981667","5.24348244015189","4.37296440049234","5.66963367375268","4.54221493776905","1.70388278647849","4.36836891312464","3.22542892692515","6.07758782303863","6.56759492961866","5.20449997881845","4.25944006146996","4.81896368701643","4.53669254459224","6.442142222158","4.48808673043123",
"Marshall Islands","MHL","Inflation, GDP deflator (annual %)","NY.GDP.DEFL.KD.ZG","","","","","","","","","","","","5.97597045631835","8.22763161782032","-13.0989429676985","13.6826258992332","9.61861861993833","8.36955160985052","8.68652911686623","4.04140608706791","12.6158621364144","12.6684655251679","9.1105264587197","7.37839110011429","3.51055542847919","4.10712298989964","3.68577832531385","2.45388054898268","2.86016669316351","4.12325109889122","4.75702703997423","4.98987695588605","5.04434681951396","3.01394875899487","3.03373287268604","2.62466197264901","2.80712662971195","2.79595283349943","5.95127542037173","2.68103784060345","2.51211172759318","-1.11571992569999","-0.318163946128735","4.02298127208158","0.946366793088487","1.97445641230578","1.963302610966","3.47850094409137","1.55580331003991","5.46852859282727","-0.480689915330316","0.958252850910597","7.33628849835061","6.18955150584894","-0.532501969127594","0.969333913059643","-3.23161843810979","7.34641600798582","2.1754962986209","-2.46955451074842","-4.19623301649811","6.81340929872729","5.8973494369112","1.06661444719651","6.31824746973382",
"Middle income","MIC","Inflation, GDP deflator (annual %)","NY.GDP.DEFL.KD.ZG","","","2.32253045550574","2.34102327232792","2.84823452672428","2.87350500649355","3.57442603513653","2.32968216401486","2.29076651669214","3.33836713799693","3.70940411725314","4.66418002291394","6.41308916654143","13.3873680467603","20.2583978416198","9.61861861993833","9.73464337387095","10.2564839551274","8.41721327900058","13.0046858245988","13.8985348254353","9.29050168643547","7.90744147762004","8.64917249877948","9.54631718375754","7.19378544452942","6.56995289492231","8.84202042232309","9.06096347700635","8.59375657545469","10.6527512934111","15.1323903679797","11.9156332507611","11.6054293090275","15.339598343418","10.6790055674445","8.79838581348434","7.28111205314566","6.93140266888905","6.73182094422087","7.20776279717097","6.01279243381738","4.83091787439614","5.53933744651502","6.95199268086466","6.47920240255652","8.34372112602952","7.06342171694234","9.4074918223814","2.88065176850439","6.9233633781209","7.63657413515897","4.79192284465955","3.57671112814791","3.33175691703343","2.75839206279986","2.70719129663175","3.82497232809919","3.59757389264269","3.06187945458328","2.57304044505899","5.77242633690898","8.24119195323605","4.62007342926329",
"North Macedonia","MKD","Inflation, GDP deflator (annual %)","NY.GDP.DEFL.KD.ZG","","","","","","","","","","","","","","","","","","","","","","","","","","","","","","","","93.9213213804937","1271.66403962857","442.129422476342","151.885706190481","17.0916163109023","2.86482093164999","3.92928882813115","1.3917089531508","2.73806691562446","8.17838315960276","4.71896097213485","0.943966842274364","1.65164896737944","-0.16604205392737","4.89589936820212","3.25262417820976","4.59255256903033","5.49119403600274","0.295077614209276","2.04128302301487","3.72217234010574","1.00299826672435","4.48329315377931","1.44696785759902","2.00342084578241","3.46525285653088","2.80702703539038","3.92615528936682","0.86816868476069","1.37428071825137","4.28552531461972","7.71002424569825","3.60101978848763",
"Mali","MLI","Inflation, GDP deflator (annual %)","NY.GDP.DEFL.KD.ZG","","","","","","","","","21.0864475019913","3.58935608902033","6.02974468168323","6.69544008888816","6.47231420698608","3.95723277048177","4.81804731363169","22.9891382530018","10.9463376517333","8.06394642924","8.56215117461163","11.4212450877515","14.5016530267492","10.8085073501478","13.1536996886952","10.8174002740579","9.25199784980748","-3.48249032863031","-0.138300097115064","-1.90653242237872","-4.25293155479166","3.41537847560971","7.60211265142119","-5.81605729864165","0.738816824028547","3.23509415515973","39.5623519084172","15.8089838973553","-1.65211919636276","5.58019782996804","1.73957502877444","16.2860455817107","-0.619727920385017","4.67836208273651","3.51288172290896","-7.59428426979656","3.59862414352318","7.50171013084201","4.64687336088652","4.55504607669634","7.27636764178463","4.6359321620512","4.36499973505229","12.1828901287918","4.60540762762535","0.652631802447871","1.26864344003421","2.88350937506129","1.35112231370481","1.93427321118722","1.4579639111606","1.93054206895806","0.532340181509667","3.3589739985495","5.72783445978014","2.85886777617321",
"Malta","MLT","Inflation, GDP deflator (annual %)","NY.GDP.DEFL.KD.ZG","","","","","","","","","","","","0.633192913579975","-1.22328469989276","8.68677808824157","3.363716157665","5.36324356652263","5.0267058745157","4.92052594971508","4.15498203849918","6.20648210260306","12.3925681005089","7.78033949277928","3.44169146691694","-0.305484132358771","-0.176647557112787","0.636513583747501","3.51770589922245","3.05146989815404","1.85956131883181","2.14703837876493","3.15104983795096","3.35087387479322","3.55441842416849","2.85450591841187","3.56174406945019","8.99861767224188","1.08532220767566","0.954235481759255","1.21841470288531","0.765624770737588","-9.38015284088061","4.4165248754974","2.72574258562197","1.87158470653424","2.11317299966606","1.93747948245648","2.16012423071348","2.28400049491218","3.23008845482914","2.02085471582163","3.16569469553374","1.12390162845077","2.14609698531112","2.27617130776592","2.342729170254","4.22011821696327","1.99701751671788","2.13678435740914","1.73279776847993","2.31282313524319","1.68393063633752","2.00525473458342","5.26155210619605","5.27360225163795",
"Myanmar","MMR","Inflation, GDP deflator (annual %)","NY.GDP.DEFL.KD.ZG","","1.44943715299719","0.600847631921724","0.943781956250717","-3.71634039356978","1.69110336051391","3.55521125700369","15.9915903825376","1.69284359057085","2.76225286236114","-1.42860950908698","-2.30943262198167","0.755485934092093","10.0048319720947","56.5208951892614","16.4966678379999","10.1287156467584","1.92179934511203","0.797356399465983","5.61664989286241","1.23518373165037","4.42518376319623","3.37446842916584","1.95733881574446","2.51788884616433","1.56725083440288","6.55450968976548","21.2384215170901","25.1956211729944","57.6844780877085","18.5395953745488","23.7488447345808","21.7454653950544","36.2494284375746","22.0801504946047","19.6008436274624","23.0374930881772","33.7942244584017","35.8252397603861","22.6404900460789","2.46177398804086","24.8444647782488","41.5089280021532","20.4965394080297","3.60112807911594","19.1635299038814","21.3004988066612","23.6439081182201","13.6186579473021","4.87859924627352","7.04321189366061","10.2545766682247","3.13009695263828","4.37807084310651","3.91022519271547","4.13669673912931","3.61567809530786","5.8734089465466","5.34109463991011","5.42293300468495","5.34411000806585","19.517209372101","6.16371648905898","7.5172072555781",
"Middle East & North Africa (excluding high income)","MNA","Inflation, GDP deflator (annual %)","NY.GDP.DEFL.KD.ZG","","","2.01537461153434","0.915371108477771","2.115426913167","1.5013314568521","2.75119762095611","2.07202715605137","1.56526951365782","0.706272590546142","3.91033373592991","9.09066278395399","2.09793608162923","9.19086322957743","34.6065505522966","5.45429122574824","8.88889261239806","11.255860813971","8.41721327900058","19.271855817196","14.8820201167283","9.90997003016167","6.43212145070792","10.7301456605988","8.24745260848205","4.0544881480059","7.4907494864752","9.89415935752058","9.06096347700635","15.8243460367262","16.6224498749241","11.9935811151592","13.1717453439967","8.42910538832268","8.44887156388798","10.1329436034921","5.73213134882067","10.1433932306762","0.829984451193525","5.40180786523592","10.0716653372745","2.54644485115622","2.72519094955013","4.73112493668069","10.8864375145941","9.08158923884132","9.87297893528463","6.07221708052026","16.479240691772","0.700087342965986","11.6515904389191","11.6185270836734","5.93754471311738","5.11932081382749","3.44532356315609","2.16975211695323","1.27802248372888","4.71388569389377","6.16467836467673","3.84946930147241","6.17693409774895","8.95397174062261","16.6559322421753","2.98065664810431",
"Montenegro","MNE","Inflation, GDP deflator (annual %)","NY.GDP.DEFL.KD.ZG","","","","","","","","","","","","","","","","","","","","","","","","","","","","","","","","","","","","","","","-1.82580331856843","12.159348349107","32.8964982204042","20.2047517131957","3.07515583540305","8.32077420436579","5.8857266503671","4.33458318340642","10.1069605308365","16.0415368886677","7.62912580438491","2.40791238505463","1.60420269843273","1.20270354887286","0.177016999632059","2.0669709044933","1.03622831974151","2.21957293262733","5.10106883707128","3.82497232809919","3.22610640466073","2.02214868727721","-0.175605916816622","4.72624261012977","12.3553221508805","9.05753300390349",
"Mongolia","MNG","Inflation, GDP deflator (annual %)","NY.GDP.DEFL.KD.ZG","","","","","","","","","","","","","","","","","","","","","","","1.9814211995504","0.904250240767681","-3.08759376967963","-1.44806090937669","-9.17235995070065","0.809788822239028","0.93098771431508","7.14773882778444","23.2429253085626","93.3199510815902","173.690682516447","318.897225339498","64.3193883238151","60.2724254276052","10.8075727045923","21.6721342337923","-1.93179698964558","10.8817569804571","11.999691388142","10.448544658193","6.3696873506597","10.2365745343768","16.6914730128959","20.0984387764955","21.9867715680913","11.6285676515166","21.4487537609982","1.82670368400657","39.1781879703741","15.1192654880847","12.7843788573595","2.90784833783545","7.44883659506563","0.609769217723354","2.99312676057677","10.8004464117482","7.96061586470999","9.97221325666415","3.70672176955705","14.4200654807454","17.7147124177501","19.4994244908165",
"Northern Mariana Islands","MNP","Inflation, GDP deflator (annual %)","NY.GDP.DEFL.KD.ZG","","","","","","","","","","","","","","","","","","","","","","","","","","","","","","","","","","","","","","","","","","","","-3.83468427579683","0.760795209559006","0.445425816925777","0.192919415645605","1.53403805496828","12.5675790206172","2.71484406675209","-0.880503144654085","-1.48648648648648","1.50891632373114","0.783289817232372","3.450335683769","5.79545454545456","4.60693153000844","2.97029702970298","3.30267295597484","2.36479303972395","3.31509618377719","","","",
"Mozambique","MOZ","Inflation, GDP deflator (annual %)","NY.GDP.DEFL.KD.ZG","","","","","","","","","","","","","","","","","","","","","","","","","","","","","","","","","37.8101700138867","42.9562967997304","50.2410537235225","51.459859010443","48.8179614287008","10.5450486551459","6.15846278596368","8.93778901279192","11.6155528700327","14.7820710914586","9.83187743515255","3.640147317501","5.79426460544603","7.33104798268296","7.46134453965777","7.43627840440044","5.15280407509312","1.47137323196516","7.64522798725267","2.34836229044998","3.17523457430677","2.60123626905104","1.0858708962558","7.05995033545015","12.1608912915425","7.97801240165271","3.79511862084047","4.67764534674804","3.17166106740507","4.55056519584586","6.40094835922498","6.77140399058582",
"Mauritania","MRT","Inflation, GDP deflator (annual %)","NY.GDP.DEFL.KD.ZG","","","2.43266332710795","4.45523952594493","4.53400765210792","-2.06544109111138","4.14307892070862","2.38156363179758","-0.0115854912064322","-1.53887459388451","0.128158630469486","6.27194607245949","7.12221844817067","16.5127165655119","12.6843690960871","15.0043654029738","6.03064097585377","6.38654429168308","2.48919917175854","12.2349181497405","6.54744901691531","7.26510303890642","10.0859578485271","7.2557987701384","10.9126066740635","10.2449257948952","7.26025166616866","10.4621278717946","5.38319482790951","7.97612484555583","2.64247754881106","41.4131045603233","5.7419426529918","11.9128847596645","11.0926013773148","2.84192009964903","1.85706349141468","12.0770633850975","18.4516129936588","4.7745193014141","6.35158675801333","5.82661894343531","6.71479106467613","4.48547961816969","10.9375404710505","14.5852591731795","14.0910628576721","8.89558566221676","10.716317113644","-0.358928161732948","22.3431687302328","17.5477655754745","0.455837170404166","4.48796829189821","-11.8763231187452","-4.79390857827042","11.2101297589288","1.58393834021398","4.55445730909456","5.32804485029229","6.44087328425378","7.46487310504125","1.83593336515511","2.69446990020931",
"Mauritius","MUS","Inflation, GDP deflator (annual %)","NY.GDP.DEFL.KD.ZG","","-3.70009398267982","2.29378185953767","12.710884834948","-7.37746326461433","1.81969724276246","2.5776519445778","1.78582381113952","7.06852419422863","2.20818544739973","1.5696378774754","6.23640252335214","13.8347252058967","15.4956509160769","59.5772090805829","5.261581042119","-5.06650924682617","8.57940941126563","10.7518006030521","17.9364666083247","26.5695701662861","10.8638994714458","8.86523769728234","8.43670348218046","7.46367418648066","8.1995245956539","8.02256089514319","12.9149973373765","10.8864576087397","11.0475580900646","10.5836307030064","8.56427900386669","5.35539928981525","9.22021795623043","6.55543051122419","5.4032014639107","7.00204278057004","5.12076924128428","6.96357951652327","6.5719123435539","3.4099293453387","6.23201251547312","6.21928418894298","5.62319259054456","6.84544976034816","3.94809969963141","9.5678840106437","8.30831527928659","5.68669282209342","-0.65420084184035","1.12641892024499","3.1614637980008","2.46552355243207","4.13433189504995","2.16830404926014","1.39953074265865","2.38463204087334","1.63650567594517","1.67538916911592","-0.46584287384826","2.57304044505899","3.15720035090573","9.56592045515518","6.68073508946823",
"Malawi","MWI","Inflation, GDP deflator (annual %)","NY.GDP.DEFL.KD.ZG","","","","","","","","","","","","","","","","","","","","","","16.4057389807024","9.66325842471176","11.2297767458725","12.7720548238732","8.93083000915655","13.5092841878993","16.723866656823","31.0918058025975","22.5094860996699","10.6608855205445","10.6923141627805","13.2764249696053","28.1746601128254","26.171881312568","77.2196049745742","52.345588112103","20.8348496673145","19.5484798578105","39.6907697261083","30.5339536772052","25.6224699733492","112.693649104072","10.3460966723308","14.8466261152179","10.7412368152624","19.96725954506","4.09972486772622","11.964667527033","7.89982295078838","12.1272220613228","13.9902377428521","17.6397644741929","27.0462909961504","20.9692813073299","19.8146692597743","20.2926829287347","10.5769230763474","6.12909400114843","8.23579426904537","8.41606994378199","9.3317157565656","21.7715165604169","29.2520839632281",
"Malaysia","MYS","Inflation, GDP deflator (annual %)","NY.GDP.DEFL.KD.ZG","","-7.75858259701347","-1.1109458748822","16.8376264786486","1.12672601631671","2.65240459971436","-1.37754092046107","-2.32308568285117","-3.28069452621159","4.90596705134352","-0.509437297064892","-0.468653964725263","0.343843148390761","17.874119718934","12.7092356059606","-3.07757830077361","12.7261613347485","6.86512095967042","9.84038088229713","12.059476683066","6.87507873396989","1.06001912903547","2.55905573166896","5.91038721446897","4.79278401962098","-1.60592219898089","-8.71731986266188","7.6667147507538","3.62002625029952","4.46170354335169","3.80781497630849","3.58469869494189","2.4142424724986","3.98697131021895","3.93733451207584","3.63341955310123","3.67990338475359","3.48234958265934","8.49871999834858","0.045452820569551","8.85521685144839","-1.58187391181744","3.12888319863409","3.29893287687825","6.00928261482106","8.8625864706771","3.98093167351242","4.88132335727943","10.3889003992836","-5.99220155562196","7.26684593389439","5.41240809007968","0.999932303470885","0.17447448132144","2.46746678366378","1.21805573355338","1.65825996642414","3.77896094306453","0.624674674586643","0.0718269093121364","-0.818007729183023","5.70751569365426","6.44575315517532","-1.86492942994545",
"North America","NAC","Inflation, GDP deflator (annual %)","NY.GDP.DEFL.KD.ZG","","1.35015389642182","1.24463471200129","1.27080143296934","1.50393967901161","1.91982581124735","2.89877853468337","3.480335621725","4.36718824053682","4.95848844957479","5.26272847566874","5.06980750726423","5.82604410879335","9.92880660941735","14.9839477291005","9.26279066315271","5.50349191279594","6.71753507741943","6.82659461471485","8.29672198172402","9.85408706983225","10.8709573442936","8.8270784009845","5.82447504958721","3.60787931289983","3.33838918991506","3.13237904093367","4.79160141366921","4.53999817633812","4.68125324002972","3.74332909937958","3.3818113361103","2.27885434592147","2.37032483639894","1.95956796770183","2.26332573160717","1.83076455933455","1.72444795356148","1.12386562495534","1.92385564173627","2.26519517669861","1.5736767667921","1.55399465961345","2.82473952065922","3.26087389828982","3.13545455674655","3.08383673352866","3.30054564423155","3.99631645542576","0.61678071512577","2.23622200255707","2.06310947543149","1.8621649281277","1.70188036067233","1.94119897748668","0.928042794757729","0.950322479212474","1.79080328454668","1.6511181981862","1.67850787434747","1.07081026807496","4.584745358897","7.04102594330236","2.62511852974697",
"Namibia","NAM","Inflation, GDP deflator (annual %)","NY.GDP.DEFL.KD.ZG","","","","","","","","","","","","","","","","","","","","","","3.66572616280531","16.9793077560294","13.3249019109689","12.7347557638561","23.9358522654343","10.0829328780771","9.39994796567774","20.1526012639735","15.0726529404724","6.38836082654544","5.9868991341246","10.2680891919767","10.3619466572142","20.4590931293184","6.68150784291885","15.1761803358905","7.11317082800731","8.26955483499275","6.78525613443288","11.2811266523565","11.2037643562035","10.0036016879863","1.27110787199547","2.04025280317994","5.59808158452238","9.40658581294605","9.28643429422758","10.961412407556","6.9454042890454","3.72589849891101","3.81487636243496","11.2603084734349","4.03979089350075","8.23489179866652","3.86457435077661","7.96867201225912","9.91903823647766","4.42848463730921","0.926318636067421","4.63153084470443","1.5343303300027","6.44785295155228","6.41362441033435",
"New Caledonia","NCL","Inflation, GDP deflator (annual %)","NY.GDP.DEFL.KD.ZG","","","","","","","7.00814312701958","4.02240593803353","4.76026105743547","11.0013057010506","11.3186488741954","7.51288431119355","7.76408639643265","6.56497740877913","12.6282710252818","7.11222400199252","6.54188132726345","5.86721749013752","-15.5109035148939","35.0575533015735","12.5988724107745","13.7443497017528","9.84347140748601","7.7690659440059","8.8396721995661","5.65058435591426","9.42290066822056","1.70288484767185","2.55924022822714","1.71843193952834","-4.63560393144327","3.63040905647243","2.84171596705869","2.71528286934424","2.89169371447235","1.33153100869158","1.42227810664085","2.05845624685195","12.8312132358374","6.11501690527531","5.96172044816086","","","","","","","","","","","","","","","","","","-0.77442780779991","2.43407708116916","0.430124980373847","4.82764312949604","3.84571494150525","",
"Niger","NER","Inflation, GDP deflator (annual %)","NY.GDP.DEFL.KD.ZG","","3.39385058695636","-0.842792525276892","0.761495904288267","-0.719001723465794","8.07681787435163","4.95788513775463","-5.21907509579771","-3.4198142218173","8.44311238449514","7.13664380039545","0.599832909912521","3.36117736823689","35.8375042561604","7.64725898697904","-6.39280247970663","12.4163541216953","15.7477949925742","11.2113515016096","4.58651993689902","21.0948215766415","11.4999913527617","10.0000183961739","7.79998461098248","11.7174933871685","-5.90018028297776","-4.20027868322548","1.68456342698155","-5.29999776973314","1.39998635545074","39.3599542768174","-2.64074327848432","-5.20193713950451","-3.86881350357649","22.2143675430414","4.24946132149574","6.96863494436168","6.99168132354842","6.07816268572259","0.37974663716507","3.17839370074471","5.01252093260362","2.57230192526417","-0.188481380924046","0.386942028282064","8.58488444144687","1.49619758117663","7.03666107458216","10.1291157206231","4.19005999795191","3.47504301438173","3.97160518256159","5.30833937178907","-0.369174082139452","-0.40567684540504","2.249426436212","1.79272146557585","0.368276728970102","2.40368624331715","-0.0243827627404585","1.16297974177712","3.11864597184903","4.01899997944743","3.38791792310056",
"Nigeria","NGA","Inflation, GDP deflator (annual %)","NY.GDP.DEFL.KD.ZG","","6.25716915400712","5.56530090015399","-3.09475245043559","2.42780898472419","0.864444953374829","13.1928714891662","-3.00670539435013","1.22054696940619","2.70630699368648","51.2784813315754","1.34803424937029","2.89286810574893","5.34683656411752","43.9463679229523","23.5007902619413","14.3531853680082","10.7137537864287","13.9147450209547","11.4887631446863","12.4196622417449","219.002843997422","14.802551915567","19.5689498879398","5.65366409471567","6.92776915568827","5.41545258428278","19.6694755984806","20.1771261186241","28.9696733926063","6.66894186986168","18.8639068014772","46.7523553581667","41.639058719839","43.2964642936651","75.4016531897357","26.4910898564523","5.05534593106086","6.00934430361066","13.4305716350796","22.6737374008784","10.0764772448642","21.1090500029288","9.80432377665896","22.3683414748423","19.8584947707524","23.8643811265432","7.09973099343016","7.9213872023645","0.686098874594009","16.342766325307","9.77845809675884","9.94763670635021","4.96474571561274","4.66262291733076","2.86366512298943","9.54367006412473","11.1189180817699","10.2284850865888","10.384779195217","7.84914204720589","10.1310336867347","11.3113349413983","12.6218692275514",
"Nicaragua","NIC","Inflation, GDP deflator (annual %)","NY.GDP.DEFL.KD.ZG","","-0.0473704865962361","-0.535467332067512","-0.408188198436292","4.52064235997096","0.840469556147781","3.66106680456524","1.26633766945294","4.48995933074603","1.17181025802671","2.43873520154089","3.0316569889326","4.2507346078021","16.6642083456956","21.7912860751004","4.73203356391747","10.4340024668453","11.8524710366931","3.77126646220695","31.6584809381426","36.9786279956529","11.7211186604511","16.7457158915983","11.0019874269431","38.9619986631188","167.188970705237","281.460195889959","523.080952296513","13611.6348185375","4711.1695519693","5016.10794966853","4523.63188320193","23.6653119189304","20.3916252341633","133.704797447439","13.3926837744126","9.60681288753851","9.77799319077701","14.0284877552653","9.22623262288718","8.56622835977541","7.24150933984416","3.2483787442209","5.33107719750952","9.05090240497574","9.8670941490748","7.86791204769719","9.67486185633058","16.1992534629853","6.03484299071889","6.13837855596503","10.2142805344967","6.24324468031767","4.35018051670501","8.39262785270726","7.5879916301547","4.5903845448088","4.12357501319065","2.658498120573","5.39491189934525","5.3917532325992","3.54367503606423","8.77784600858911","10.6679180644329",
"Netherlands","NLD","Inflation, GDP deflator (annual %)","NY.GDP.DEFL.KD.ZG","","5.26405818110032","0.75871363565534","4.69947032510167","8.67798875287113","3.37180022366437","5.98328850962187","4.20761867643826","4.196662443877","6.40997178459747","5.64489576741298","8.79003066152578","8.16162003333083","8.48100093112262","12.8956534527392","8.09538794899784","8.99323521367134","5.34465283241265","5.33488884937717","4.77106027161784","6.22537147791982","6.39009241187789","4.62365487596973","1.38907278691019","2.30710842735873","0.86588331045067","0.211700367971517","-1.04763450002928","0.819638044875703","1.34806850373008","1.55975130923443","3.11704954082228","2.4957407667155","1.59750862742143","2.06273353612039","2.06462349671411","1.04023440661661","2.64279189663814","2.0807336761725","1.28336999636159","3.42036982108445","4.18485489972578","3.77054132736822","2.17027931585601","1.20404059769723","1.98873995492572","2.56110638417375","2.07220572994835","2.30632549844012","0.220701610642962","0.940413731811219","0.193652086824386","1.44610956661077","1.27998705426134","0.253185732004795","0.772727976651382","0.454667288773308","1.26070715808579","2.43709074520527","3.03273379248688","1.92857201636885","2.92451387658699","5.53522393876365","7.75534281629842",
"Norway","NOR","Inflation, GDP deflator (annual %)","NY.GDP.DEFL.KD.ZG","","2.64762523922111","4.76642231309322","3.39269846345005","4.72213271659254","4.7746348554103","3.97708171789439","2.96497542592881","4.42387685275621","4.19553762192982","12.8745692234421","6.38311475726425","5.51748973687425","8.68456500073631","11.3720422702008","8.88515437426281","7.84057449369323","8.16973427701291","6.2604949104083","5.70260051363493","13.1264999792218","12.879146874514","10.5099726139037","6.96215826330841","6.21006186599382","5.19792264477363","-0.550799470861293","7.2212546815901","4.86846058528249","5.61226799271172","3.81157220338331","2.21180066239859","-0.639759770603149","2.29292031803006","-0.15599774778363","3.06146949563878","4.2614956184686","2.7857106919765","-0.692592276644049","6.62302293772699","15.3333099619942","1.71264025643715","-1.52020671606276","2.86082328613723","5.85020582146653","8.76300414146252","8.73218824235802","3.07766200410229","10.5663830343854","-5.11594400838129","5.95536133797087","6.67279000191441","3.35308930089886","2.5532389173337","0.258332848947191","-2.80446812171388","-1.59809716352439","4.08094934122931","6.74295724699287","-0.548467415755809","-2.51726059053333","20.2134754838135","28.1618243830717","-10.6125304573553",
"Nepal","NPL","Inflation, GDP deflator (annual %)","NY.GDP.DEFL.KD.ZG","","2.68799999000787","5.89709100396472","3.56992506387104","1.19471968065643","12.8851939566843","15.2188135077535","-5.66766503533358","11.0658262040222","6.5638310794496","7.04833083715472","3.17217614145233","12.5026833431161","-3.39730559499333","20.8256695329823","27.5227469846738","0.544042340256027","-3.56482156446842","9.37120691350005","9.97836342630856","7.60954655239374","7.93735640754743","9.34740967360203","12.2886910971964","6.3779499733313","11.4218327561777","14.3925700792726","12.6968018676571","11.8153101960706","11.2583729111778","10.7158851533008","12.5446382094389","18.4890946304574","10.7749092715904","4.81598620107833","6.30086155027618","7.82303556124735","7.2790929776352","4.10785067628581","8.88704742573556","4.47243371871953","11.0171482958921","3.93485789816799","3.07030496732148","4.16642715074835","6.11939040793636","7.36003927902544","7.60328894061151","5.61985452382142","15.9083302102455","15.1469324490072","26.3973066649675","7.7411500296797","7.08265099891379","8.03536619587905","4.40904543328786","7.15033478751282","8.26141254915089","4.3558584680418","4.69115593292496","3.21740233241114","6.7627121633127","8.24119195323605","5.41614518486134",
"Nauru","NRU","Inflation, GDP deflator (annual %)","NY.GDP.DEFL.KD.ZG","","","","","","","","","","","","5.14286224133701","6.52173482912337","8.16326543967951","14.6226411101001","16.8724317852139","11.9718282349665","13.5220137047764","8.03324244495849","8.71794635439853","10.8490580802921","8.72340336380478","10.7632100752918","11.1307413765494","3.97456310976246","6.57492443959036","8.46484837874932","9.25925891001465","7.14285776237178","7.57062095715557","12.6000007481123","14.4164563645108","18.6239289481746","11.1110768103286","-3.56786243457738","1.76808398686468","4.05421291161552","6.12228921963533","3.9336725178357","6.72818025485806","5.56671999734613","5.38898441844191","5.88516295694485","5.61343284735558","5.6293282942252","0.94012864918372","6.56976744186035","-22.0137585991243","-17.528735632184","51.2605042016808","-10","6.55270655270654","19.4001874414244","-9.84037179228122","1.33779264214007","-8.67768595041268","26.1593526299404","15.5451555780417","17.5478927203066","-4.60327074500292","4.63787375415356","17.2545834300293","-11.6931375486959","7.26349122575532",
"New Zealand","NZL","Inflation, GDP deflator (annual %)","NY.GDP.DEFL.KD.ZG","","0.212462103298307","4.51697975882783","2.95556219747486","3.26532605688483","1.8591513315108","-2.39768040307999","8.70035317942425","5.80988588925733","0.925706681679401","13.3055904237269","13.8802685774048","9.24358921672727","8.42515743322056","3.66618975233403","14.6259069090115","21.4918702352233","16.6141008823009","12.9815367476417","14.2253137676946","14.9044106798456","16.3473024112433","12.0854104290169","7.72549325901899","7.79879139758481","13.6342131903002","16.9483353075472","11.4701482050531","7.90848888018445","5.63955099509199","2.42360298081108","0.890259839383205","2.00148548417039","1.47921607543869","1.90731494852355","1.43061314529479","1.39407013118394","1.5619275338703","1.05051916353243","0.586374712045028","2.88433930020895","3.860915720368","0.2980563329034","2.06841724107821","2.75872189971244","2.00026845094881","2.70983434239326","5.31623899608735","2.73752516653451","2.64088765137211","3.15959278016349","2.46773450113406","-0.189641681425684","4.1610248197395","0.481109438978876","1.44403850036466","2.41043257431994","3.61693254394582","1.7531271050093","3.08556630950096","1.95515165378657","4.57816245517681","5.58708755877011","5.40026373319296",
"OECD members","OED","Inflation, GDP deflator (annual %)","NY.GDP.DEFL.KD.ZG","","3.27177683893834","4.19957756961354","3.39269846345005","4.64242655848687","4.11785566096488","4.92090461079211","3.24776256800803","4.23662923575191","4.82678269131655","6.86503492441068","7.17883799190318","7.18825186457408","10.6203007974787","15.9451123890719","14.5124018597783","14.0196954581721","11.4176535070475","9.27940477196731","10.0700506013902","13.1264999792218","11.6338064306176","10.5099726139037","8.19043070883762","7.06752895253651","5.45375855690344","5.05517163446163","5.4405491149796","6.57120642555813","6.1973879442466","6.09217934670514","7.91405879921385","4.83715606389887","4.85649670528004","3.54242545179712","4.56317884161381","3.93166701437945","2.76990560782146","2.83226962023584","2.05581175615057","3.17386449854591","3.3890667362067","2.93672327002534","2.62679971281803","2.91069201732944","2.76672749784175","2.8429538302158","3.02200374842214","3.13623602619077","1.80789842961545","1.20136963442207","1.88106547372519","1.83366449467757","1.66288421520021","1.36133565599496","1.32371453249912","1.04233624979251","1.77645478710168","1.96194433504035","2.21257993563162","1.91026838823933","2.97207597516983","6.46241986242271","5.54521559349209",
"Oman","OMN","Inflation, GDP deflator (annual %)","NY.GDP.DEFL.KD.ZG","","","","","","","1.78241716583149","-3.54261684664662","11.5165806692496","1.11297594221125","-6.22950123645815","16.0920634230195","2.48097455097557","40.3094896451577","200.986380539407","2.37423395085005","1.30002079495506","6.00009610456023","3.80228395567366","30.582273455206","51.105033515743","3.67986010518881","-6.72021067487155","-9.99902442030617","-4.71829853647446","-0.512003454987905","-20.6347047658614","11.1778505668217","1.31896903735725","-2.74846726711075E-07","24.8409243752035","-8.49809172521729","1.27307515250858","-5.38937304147098","-0.45045478529012","1.75616644146506","7.41575027535883","-2.23523415911629","-13.8965627061943","11.0382944317452","17.4087250881439","-4.56253382145964","4.70376635787724","10.3466275257883","13.0078895123128","22.4646229555795","13.6301336230696","8.26411313377069","33.7510969910416","-25.1281366687739","32.0530102539077","15.884491777402","3.60643426874947","-2.22041185302194","1.75729954907395","-19.1464725188166","-9.13627527605452","7.29794329780007","11.7322946084517","-2.66616164476726","-10.7836781304004","12.6957152190563","24.6463512816889","-6.85753516092224",
"Other small states","OSS","Inflation, GDP deflator (annual %)","NY.GDP.DEFL.KD.ZG","","","","","","","","","","","","5.61167206347559","5.89793368064259","13.9800996795761","18.0878172933966","5.31241230432082","8.02874440722006","8.57940941126563","4.6500196032656","13.5122278263836","24.1580814737482","9.57797517986813","7.28714922985733","4.73692143521396","8.18191973445197","3.66665785541345","7.1854379022555","3.86184870693562","4.53232047398511","5.60791537798187","6.20535307307131","8.11890514430118","5.35539928981525","4.80313298735663","6.55543051122419","5.4032014639107","4.48875581511778","2.75410052366642","1.96567971118537","5.81136042283326","3.4099293453387","6.23201251547312","3.61316135426739","5.38767398576752","4.34588162820633","3.94809969963141","6.57512374147187","8.30831527928659","7.25676387978855","1.95455824513613","3.16569469553374","3.1614637980008","3.44088030034162","2.27617130776592","1.71530423138522","1.71375418988004","1.69745580060584","2.14018364039309","2.34795412716937","1.67239191369263","0.517914420517684","3.94172148051775","7.69906735801398","4.56452579428684",
"Pakistan","PAK","Inflation, GDP deflator (annual %)","NY.GDP.DEFL.KD.ZG","","3.6464612869914","0.15994817787643","-1.14926605359142","4.48844647759492","3.1658826532954","4.60065831013152","7.93964176579686","0.469288568146695","2.33557140666485","3.70835302222321","5.87049050521766","6.77457514090696","15.3014735392057","26.0737017850942","21.0980989103002","11.5024598958539","10.5066658939712","8.98234569588423","6.53340007195871","9.00820936080487","10.0773395761492","9.37164773700401","5.27408362910478","9.65355445237532","4.53494278712631","3.29200083720467","4.51820577773638","9.6175606497841","8.58504801718831","6.45199916791368","13.4924162537213","10.2014077626019","8.83855312769657","13.0284160490462","13.0064844675074","8.37360999459469","13.3835146386713","7.52603689563375","5.8622861838065","68.0104449967103","6.01279243381738","3.92137857065688","3.55265807996106","7.25134298416322","5.55608176808067","5.99763817670407","10.3313245916728","10.9204672720775","12.3746262931271","10.5886442624245","16.4109562675144","9.91831543776397","7.38310696738498","7.20976543926079","4.44198033438504","0.922163326262009","4.02974599325579","3.84178663274797","9.03633484170507","9.9444982105729","10.2673420806694","13.917398023895","26.1603402096464",
"Panama","PAN","Inflation, GDP deflator (annual %)","NY.GDP.DEFL.KD.ZG","","0.534928520506114","0.571618681349577","2.11645751616931","2.82428523661385","0.620057280965014","1.27763206158144","2.58867284859929","0.564117768165275","1.20819233814848","3.42243778698798","2.90333953616798","4.99802093781068","8.54222579057193","11.6113797580011","9.38283447304664","4.53451187762784","4.65679534190622","7.92135642514292","9.24521795149691","10.1405046904858","3.64216561239212","4.87168495166135","7.49695684710841","1.62926324228307","0.809565219807396","0.338449386266831","2.28930265168405","-0.191929168114726","-1.27655819583423","0.565205375241405","0.492796330826778","5.06105950933117","3.55470473077992","3.67974541012374","0.46670710183605","-0.942383780493813","1.60883903256781","0.997519102698746","0.842386950788267","-1.24818186245385","1.02821408068785","1.67133584566055","1.13136425572166","1.96500453871538","1.74832134983897","1.96998475137458","4.82494018769953","7.52749505003113","6.4709601130436","2.59015394647695","5.8440989281363","6.17597002175103","5.50417040468368","4.19788932574035","2.47876890502205","2.00210870109616","1.72914754757869","4.33991225461273","0.315250866507228","-0.550968761620453","1.93531285972315","2.44940366609117","1.53541576380296",
"Peru","PER","Inflation, GDP deflator (annual %)","NY.GDP.DEFL.KD.ZG","","3.10333433194559","3.01285531533597","5.01379927326985","13.5575943541509","12.2779613605507","9.31690649743821","10.1151075088395","18.2957936928704","8.13843047635075","11.9810899436794","6.6403424278693","7.1294897747527","12.5755321386108","15.2334353295267","22.1915677695573","29.7129225778515","35.7413412209627","63.7382173530773","76.3498454543302","37.9299731158551","65.3305809360656","66.6633331445568","107.39685323913","108.477533234604","165.734972479311","68.3635139565209","85.6496433040751","586.278731131526","2572.32592620979","6261.2395586103","378.040578709772","69.2606176237553","46.384682865327","26.6882412349405","13.5787978771502","9.6877419612148","7.28313112865612","5.37109035742958","2.9345454117468","3.5247200388048","0.455248302902049","0.109017023785512","1.80372466534129","6.27903857710506","3.50372240049859","7.65624807889682","1.49067595453904","1.10327629202855","2.06369833440615","5.71072859407522","6.7457871247569","1.20258494022738","1.05723435149577","2.43244108501779","2.69052090074331","3.08088269037734","3.61565826105974","2.27741531762133","1.87221626775495","3.71917119669504","10.0831018285055","4.76646193670118","6.56634363134418",
"Philippines","PHL","Inflation, GDP deflator (annual %)","NY.GDP.DEFL.KD.ZG","","3.11570923765869","6.72768381636621","8.90967246210445","4.58145277400726","3.88983170140634","5.36747450436954","2.12038564955191","6.39240438553601","5.91110577625911","15.3021832828781","14.518766729625","6.57683199239662","17.1078394235249","32.8902841567233","9.47960394130902","8.3828496932362","8.36680465547079","9.35615313007767","14.9409675946119","14.2345925132413","11.7647469937479","8.64350807450943","14.2482177757951","52.9594507195583","17.0610147409175","2.89193638813423","7.49712585351415","9.75995911860829","9.09994145026529","12.956838354491","16.3951196436515","7.88186381097083","6.80962198656768","10.0602305107947","7.64230385497558","7.68896547846228","6.25981575579399","10.4056703614173","6.33463973024264","5.81693355937276","5.61886226576264","4.23109181372058","3.19213132949372","5.89075853406953","5.91089344785409","5.11158666295037","3.16428975494875","7.17921618315836","2.73825856642382","4.37088435978275","3.91880578110506","1.99417610100127","2.06106335042293","3.05305530800513","-0.719682789326697","1.2803117382459","2.32025994680146","3.74065383086987","0.697076301045342","1.6504901854719","2.2824784602486","5.48864820202009","4.59648506190769",
"Palau","PLW","Inflation, GDP deflator (annual %)","NY.GDP.DEFL.KD.ZG","","","","","","","","","","","","9.75348441380007","9.46045754845606","9.63354507230598","9.7777123927616","9.8979066453073","9.9981405215843","8.00000049567888","10.4999999479172","10.4999999463639","10.4999994262081","10.5000004243361","10.4999994997489","8.00000048590488","7.99999984199485","8.0000001494178","8.00000008246322","7.99999973433275","8.00000013882874","7.9999997277759","8.00000033218981","3.96165618597833","5.04887871600232","4.97510420592302","2.5522472447249","2.81282081639588","2.91166556542362","2.27776949180934","1.59579940779817","2.25284307616498","6.46794335317367","0.123866928820092","-2.85841239263996","-1.81830213111856","3.57519620413353","11.0280804937729","1.50287041121476","1.94178333283939","5.95220445112081","1.84208742229299","-0.0645480935567662","0.540106783171893","7.14898760417908","7.19558334654124","4.06220032157208","6.50009800922274","5.40246190490963","-0.763184081657769","-2.05195150367543","-3.07894661493336","0.260763898189737","2.53031125642593","5.8108283164358","8.05204703832732",
"Papua New Guinea","PNG","Inflation, GDP deflator (annual %)","NY.GDP.DEFL.KD.ZG","","0.0362766863834452","0.286504133524559","1.52572029666436","1.90000000479537","2.23160141866181","7.36065437488294","8.557463493269","5.24928800153106","4.93753964402212","5.65136294376352","3.41352952874581","7.13256642896076","19.7375060864035","8.92002689753244","2.26931250527028","19.7180633966565","7.43782515703944","-2.03047314024751","16.0998420454896","7.09131507200217","-1.30360236083642","3.67880154616576","18.6599603587854","7.43829290818989","1.62013834123726","1.35686908763664","7.9715999600602","7.92423698484919","-2.54065314746838","4.13823158649787","6.9948548910578","2.87598128685119","-2.4958024652146","7.25308848242234","15.8513307936034","1.81187812495239","8.42636158197807","14.5438540145621","11.0688942082222","13.1024180405978","6.91391400596221","12.2904314793296","5.53933744651502","-1.99237190163089","12.1823792582037","60.5142859522286","2.79525188570074","11.6654413222722","-4.87930996849984","9.9171611234198","8.83316822422471","-0.574719487183756","3.58693538896726","5.43739265412782","-1.23111841681596","2.51784593601241","7.69953503846061","9.79760566069545","1.06414283741798","1.63262122852706","11.9146064376219","15.4454023424831","-2.51502867925623",
"Poland","POL","Inflation, GDP deflator (annual %)","NY.GDP.DEFL.KD.ZG","","","","","","","","","","","","","","","","","","","","","","","","","","","","","","","","55.2559947974759","38.6254669474972","30.6427963969414","37.234034809391","27.9376478302075","17.9523422828688","13.6665453459093","11.0217488088362","6.1645095253735","6.12336284210544","3.11976809384629","1.85022033112874","0.776035714455617","4.91662799719515","2.55919550668749","1.72842504648365","3.71708701568933","3.89433845992298","3.7855516158772","1.5633507717248","3.116063878264","2.22424772645388","0.219665134655173","0.465461479388424","1.31704293664644","0.0872763880105083","1.76210628965667","1.22964095424449","3.03253664890715","4.25503894138546","5.26096004030063","10.618433723939","10.7282357064696",
"Pre-demographic dividend","PRE","Inflation, GDP deflator (annual %)","NY.GDP.DEFL.KD.ZG","","4.01443455551561","2.09156229282105","3.17491640073546","3.02627396905837","2.05762046368159","3.20586501399589","0.950738270139802","1.67884084901533","3.8643468368338","4.35296904643067","3.37747532556914","4.97439546817419","8.75411481383688","14.9207099075904","8.86873963067123","11.6931910052415","11.0302221794612","8.56215117461163","11.3265227896614","12.4196622417449","10.8530772679157","11.5925537512913","12.3005547092403","12.4417247204103","9.58787790202587","5.56544143367028","9.85873535374344","7.70678807492214","9.39289887253588","10.4948627903721","8.54018289662375","9.50918381129853","7.74264567579905","26.171881312568","11.0842103603619","9.07483488878513","4.96451768202839","6.2099695419688","7.18914294704696","8.5066010783456","5.41956993801946","4.37639663450484","6.2383933082751","10.3358984754585","8.10428690011478","7.33054791629083","6.88838910319755","9.11699967501008","1.86213189302369","6.51200368905668","10.0650129672316","5.82399948795916","3.58690582613154","1.26864344003421","2.86366512298943","2.98011408445534","4.64905081962502","3.79511862084047","3.00001181631713","2.72148444149991","5.90670766327823","8.33090398854289","5.95446262415645",
"Puerto Rico","PRI","Inflation, GDP deflator (annual %)","NY.GDP.DEFL.KD.ZG","","2.98507219661963","3.66581701962092","2.54934036400928","2.88692935025168","2.65003907084645","2.35383272148016","4.89614425716864","6.08203640275136","3.4666656275234","4.12371165796961","5.44554418620429","4.57746494985601","4.04040438842156","6.63430395901869","7.38492837204423","2.96749897854669","4.30008965159756","5.35087861328951","5.8284765671368","8.61526273489226","9.27200377082404","6.72853720983004","5.5279511302396","4.70865202743028","2.69814433030773","3.33456826517369","3.20796942389048","3.71561202814613","2.29421371219243","11.8512386196171","3.12329748165155","2.57638033365753","1.88639080485689","3.17826454435239","2.77418243753758","3.9115527761346","1.33225023071017","6.36014257640234","1.47277776354353","3.29507190726073","5.50491102448854","2.54977824252131","4.41747288386813","-1.29217804980364","6.5901225334009","5.49286384229941","3.78248397653111","6.56185783978739","4.98255558535305","2.49409859130991","2.36982634915921","1.17922814906284","1.18201519575018","1.20055485938157","1.97754447018805","2.22158248433406","2.09140216242223","2.04611568543814","2.41285225696176","2.38228345642378","2.79963990475235","3.03307902175796","3.23545943820875",
"Korea, Dem. People's Rep.","PRK","Inflation, GDP deflator (annual %)","NY.GDP.DEFL.KD.ZG","","","","","","","","","","","","","","","","","","","","","","","","","","","","","","","","","","","","","","","","","","","","","","","","","","","","","","","","","","","","","","","","",
"Portugal","PRT","Inflation, GDP deflator (annual %)","NY.GDP.DEFL.KD.ZG","","1.41176582428848","0.676695903074531","0.567802492908243","2.00839004764315","3.87215946121017","5.26324117833316","3.93665977559961","1.67280904631014","7.39719907550915","1.96505580223125","5.0166915667772","7.80460632032299","9.46627675078291","18.8652507537897","16.2303796468625","16.2741310000023","26.4000509298049","22.3482713213032","19.4374160813608","20.9030339029693","17.6089211854322","20.6903285723402","24.6052609652633","24.6757210005623","21.7345624619029","20.4511288225897","10.0967847739566","11.1653892011927","10.5138047920231","13.1446522349531","10.0861852678023","11.4460318136797","7.37643004499773","7.27762763113292","3.42861722997527","2.39098551097668","3.88520763490376","3.82503336507864","3.37052757718268","3.42026872745282","3.71598281865167","4.18978168737745","3.42715372962287","2.3996146661088","3.33290322756528","3.18454265930981","2.96634549274198","1.73772428812507","1.09813586372714","0.642290869101615","-0.265123394841666","-0.388196360131744","2.24865489225866","0.704596369328669","2.01996442826523","1.71666254687131","1.51191039440322","1.8129967517081","1.74945223999291","2.00347512182442","1.90059418094546","4.998410510567","7.13507630952199",
"Paraguay","PRY","Inflation, GDP deflator (annual %)","NY.GDP.DEFL.KD.ZG","","6.68482177239149","8.42127546546045","1.6459080523092","2.06773951862236","2.31842738872743","2.97676738124157","-3.11587498591408","0.518943642910202","2.63979153751997","1.26435113386808","5.90078043609421","8.52314979368323","20.6410911507834","23.5875248004866","6.07569282927145","4.54050690606971","10.4484387533463","9.21736287973785","19.3212663608417","16.5349446174991","15.826173402796","5.47461734334966","15.9078209005113","28.8420858784004","26.1313301184776","26.8967476498676","27.9690683037031","27.2355212990878","31.4549195999388","36.6075313270352","25.1198370187063","14.0829206349286","12.2200349582446","12.5733704419943","11.076427188031","11.4214482360733","3.41098924066357","16.2585763328884","10.6801279115958","14.6645054427207","13.9356046926921","17.949384209928","15.144324650951","11.8350052238006","12.9528241180261","8.8558326538908","12.6355056430918","12.2247550551932","3.64796491881232","4.65570138250342","5.09571053875749","4.79827587865157","4.33767609515789","2.85700648471038","1.60388801037963","4.13475444403026","2.15920929174615","1.96024819846549","3.06187945458328","2.20392146778615","8.44812602664209","8.05446050272607","2.06875531020788",
"West Bank and Gaza","PSE","Inflation, GDP deflator (annual %)","NY.GDP.DEFL.KD.ZG","","","","","","","","","","","","","","","","","","","","","","","","","","","","","","","","","","","","7.78472282145069","2.61562183210418","-3.83389902861346","-5.37221425123859","-3.02934111792094","10.442344704719","2.34468924860596","1.48786178815843","-2.12561423501396","-4.85518434337719","0.0562197269976821","5.39312306887525","4.77023412941875","17.0083554064538","1.85273346648474","13.1963162481764","5.41982473738784","2.86773402643237","5.7383714378646","3.67222811544951","-3.70701301671946","1.27802248372888","3.22541499220273","-0.301992725159963","3.84946930147241","2.22090183339058","8.95397174062261","1.68265652739991","-3.93938906444828",
"Pacific island small states","PSS","Inflation, GDP deflator (annual %)","NY.GDP.DEFL.KD.ZG","","","","","","","","","","","","6.36691159864429","7.94682286727531","8.89840525599274","14.1526335046667","9.53980393338435","8.14049941162406","8.34326480627255","7.30919323801188","9.5848821271824","12.6684655251679","8.91696491126224","8.11308950866379","8.00000048590488","4.81547583611972","6.57492443959036","5.09796961147002","7.34001036756355","7.32801561467528","5.69280343716434","6.67946936887009","6.11137370971481","7.34406692918725","3.03373287268604","2.61503131184722","1.76808398686468","2.91166556542362","3.17702279255163","3.41364075045701","4.82837202677679","2.17897058141293","3.24539621003876","4.02298127208158","2.54749820051703","3.57519620413353","3.78903857930189","3.8727171595439","3.02445641038638","5.46852859282727","2.33236151603498","0.958252850910597","1.95121951219512","4.1940692306183","0.877192982456165","3.02389423731965","3.20315928038613","2.63332664334581","2.5766856785921","3.99854350151341","1.24130303241819","0.890825244312992","1.98318062005774","5.54755647980927","6.31824746973382",
"Post-demographic dividend","PST","Inflation, GDP deflator (annual %)","NY.GDP.DEFL.KD.ZG","","2.78215888207636","3.92596707911783","3.27758444069859","4.19621960985656","3.85314807131023","4.03154832548393","3.59221117180382","4.13089818639959","4.51215493395222","5.53481751062529","6.59778759528492","6.88181616588341","8.8345463193648","13.0810482066552","11.9437286699405","9.1866618510358","7.82389712263417","7.45418931310637","8.29672198172402","11.1271090045314","9.49362377524687","8.45584188645513","5.61285036609959","5.18324310134044","4.29095396373941","3.74226138866254","4.75468874973275","4.7042293808103","5.36603954195069","4.65052231416761","4.95219383789978","3.64174499769207","3.93959189042715","3.54242545179712","3.97549110829647","2.46470096528587","2.21820368768907","1.28569506783962","1.47561328209184","1.92837555747182","2.50096859598972","2.09508197186601","2.02136597291916","2.67599044557902","2.58241255203087","2.64000350852705","3.21899812308541","3.13366261361938","1.39483201610464","1.17695367362202","1.82035485607192","1.47370495417821","1.48253033642344","1.32928077677204","1.40488460475715","1.04233624979251","1.84340692134573","2.00466435890659","2.01870383470678","1.75415648872794","2.97207597516983","5.9539688866334","5.47233330398709",
"French Polynesia","PYF","Inflation, GDP deflator (annual %)","NY.GDP.DEFL.KD.ZG","","","","","","","11.4861598928187","7.56690572644946","2.20922432833399","1.17915841229659","10.0227501538918","4.03134729948303","5.01446327001874","8.37997103162181","17.8520661184994","16.3827458524437","9.30693353406886","9.09961223187827","5.95966963260943","9.60157930858469","7.41573142614655","17.1672183106821","19.0219329087687","17.6480229557106","15.6285981880498","13.6697818658463","3.68557738734316","3.7465180940298","4.55250097534596","5.15711856402505","3.59871263200236","2.66803918680203","3.6943538228855","3.44736980312632","3.39709960718058","2.79722250633534","2.65925391091335","3.18143347196443","3.0593771199779","2.66868197482361","2.85720915835998","2.72943890799584","4.21491436348742","1.71726805884684","1.69146020964072","2.20077195397286","1.18694415765546","1.62404031539968","0.279672532219806","1.586850062683","-0.287103184096253","0.0398540381661689","0.346766937067926","2.09042696818406","1.36123772707739","1.9600633571178","1.06284877515266","-0.379454943329449","-1.20319688581242","0.822431269471167","1.65824532511503","0.198829632204649","1.79361104875255","",
"Qatar","QAT","Inflation, GDP deflator (annual %)","NY.GDP.DEFL.KD.ZG","","","","","","","","","","","","16.4383205684045","9.4510700555122","27.960132385468","182.038299077813","-1.59017451138482","21.6357630050276","18.6966564750703","0.755474795850915","28.5810020353541","36.0856215169671","9.13166871869839","-5.81640781982097","-13.2805277342344","-0.951856458202926","-6.23192785099627","-22.0407947578441","7.73710093095379","4.68405404791763","1.1539992623284","9.70274861422615","-4.89874031228254","-0.225762921992441","-5.14575255094302","1.60269932529376","7.76719773181837","6.65755752496982","-4.07897431883519","-18.3821714828913","15.8794681992135","32.6546149091678","-4.95194097117833","3.00900517451197","17.1764677384087","13.1067848451559","30.5426998130357","8.3616135354893","10.9698605953142","22.8995646881724","-24.2181008766069","6.9793298939115","18.2701713424367","6.32996223555197","0.767488571935985","-1.4827510630932","-25.1298074959928","-8.97669905751843","7.78756965604812","12.4144035260003","-4.45591420530452","-15.1004203155136","22.4660221294737","25.8807046283002","",
"Romania","ROU","Inflation, GDP deflator (annual %)","NY.GDP.DEFL.KD.ZG","","","","","","","","","","","","","","","","","","","","","","","","","","","","","","","","195.003978593043","199.858895609549","227.308735779621","139.023070589532","43.9334732007336","44.0022839129307","135.338399472194","48.1345197660485","49.5224630026867","43.1807891473077","37.9563154083491","22.7142690496692","23.1532554708977","15.4565958769332","12.0069901176313","10.6065793571017","15.8162274724437","16.0155798889218","4.08677823184487","5.91030034291626","3.97694334974207","3.80309318523845","1.38968711500371","1.71026429315515","3.26475427441173","2.62128680850675","4.65196859673524","6.21227261174357","6.80532496653751","4.10931518447222","5.445500855711","13.2010599153898","12.1651300078478",
"Russian Federation","RUS","Inflation, GDP deflator (annual %)","NY.GDP.DEFL.KD.ZG","","","","","","","","","","","","","","","","","","","","","","","","","","","","","","","15.9029112575078","128.629771683447","1490.4184248448","887.840736234023","307.298056897061","144.006867163195","46.0363776683441","15.0585036426846","18.5389673419024","72.3866054661464","37.6979282123097","16.4796193570037","15.6619063054593","13.6571368113275","20.2551495775111","19.279432134411","15.1204066316764","13.8412392398238","18.0135183350842","1.97061260305912","14.1911095688207","24.4600860621898","8.90786842087834","5.32013887237915","7.49007111696609","7.24973590678889","2.84422269802643","5.34981508767618","9.99797671148308","3.26313281881684","0.898246027195242","19.4115890615904","16.7152740606271","7.07360156603734",
"Rwanda","RWA","Inflation, GDP deflator (annual %)","NY.GDP.DEFL.KD.ZG","","7.12471364404281","-7.97133393891204","13.5512287459768","16.0250035101014","6.96386495350285","36.859274634897","36.9664654328891","0.848491735725389","-1.28412967715028","9.9364100990575","-0.113866139275856","1.84633286505797","3.91625376991959","15.9069116079725","87.9691490777112","-1.89108756051922","13.5114663006496","3.66473890309732","6.06528570697174","3.0647751534284","7.71070181644291","4.88318031485871","2.44921264421912","16.8566892652156","4.56412999960374","-7.02173255141311","0.665276478885474","2.22537632565512","5.29708676008048","13.4614689148493","14.9789364247387","7.2832831603953","13.8705025937681","17.1913029093567","51.2665830469245","10.9214157502718","15.6215024458922","2.22820064935745","11.106962648113","3.27540625524203","-0.392630424603496","-5.22714987597742","20.3612347875158","11.0948700636015","9.03084020563809","2.46159072579977","12.9360935777187","14.4539786639935","7.14766162390434","3.18718472434252","7.1914655174436","4.72285727125943","2.68968999414369","4.73238280393234","0.485911237751054","5.0301309285296","8.16263147945632","-0.603328745839121","2.47116019800046","6.71185169031072","2.85750597200183","15.9144992066923","10.1301271245657",
"South Asia","SAS","Inflation, GDP deflator (annual %)","NY.GDP.DEFL.KD.ZG","","3.16723063849963","0.15994817787643","3.56992506387104","1.59871045428639","7.93170495658858","6.2961888340664","7.93964176579686","2.41538358508238","3.34336433815","3.70835302222321","4.45844437560898","6.77457514090696","13.0176970347093","20.8256695329823","5.35029466941981","5.98185934107545","0.0107594045297219","8.98234569588423","12.5645059899549","11.508320807462","9.89469031189954","9.34740967360203","8.48775587837083","9.65355445237532","6.50861470043431","6.78940045356175","9.32789330598244","9.6175606497841","8.43680886909797","6.53273529225511","12.5446382094389","9.40370611580596","9.8617828547541","9.77058482007504","8.28438271093883","8.11263265655306","7.2790929776352","7.52603689563375","4.16270115884763","4.47243371871953","5.67506148696232","3.92811823441244","3.74605216066746","6.48837810604775","6.29929640524644","7.27989528597466","8.96730676614216","8.52746786015736","6.90236005828176","8.83534694163728","10.893680012252","8.04948057709616","6.56876361751581","4.92599255707002","3.86262641461978","3.69468945563423","4.24395426081774","3.86301345234354","3.76433258169706","4.32796065239076","7.19536612982316","7.49435251821833","5.41614518486134",
"Saudi Arabia","SAU","Inflation, GDP deflator (annual %)","NY.GDP.DEFL.KD.ZG","","-1.78626816813363","-0.893866237890634","-4.68473892187936","-1.2211992395565","-0.440429933719798","1.95375012708823","2.39764076246878","19.4285098387951","1.01667233212706","-21.4407763430519","10.5462582435736","1.07714541924086","11.3921929682015","150.355118894238","12.0611046450377","16.5535222989208","8.08138745632564","10.0861107457823","23.0987442802325","37.8141061252185","11.7112680087805","6.31197587282834","1.19667678222635","-0.922813485356542","-1.03888303540728","-26.8701992403121","6.74146786564106","-8.94864573645275","8.57782250689134","7.10144029821902","-2.26247364999789","-0.296559134814018","-1.66428275586738","1.09488760376897","5.8183124968449","7.8429321484771","3.45976737901772","-13.9338144870691","14.4883912432052","10.9479190755594","-1.64659085871773","5.95677935802377","2.31661844861364","11.0563626034428","20.1496582555605","11.5723877676393","8.43537595732901","17.6898526833859","-15.7132341120607","17.1912763654916","15.412103777545","4.01223554962029","-0.892597886207128","-2.04340434872742","-16.4369469112862","-2.36045062575421","6.38731634132101","14.7336140424025","-2.02274033833496","-9.18456817699072","13.3007001530628","17.9839455619021","-2.96488667496891",
"Sudan","SDN","Inflation, GDP deflator (annual %)","NY.GDP.DEFL.KD.ZG","","8.54275345355904","1.59305468413793","4.71081703743094","3.90597769120897","-2.39467743755554","6.40435065613643","6.7597854314148","2.36764213969136","8.60746021248278","7.32063731086001","6.56187254978499","14.3054500620984","23.1515826500989","15.4390860562498","5.28426615391406","6.86602195560948","17.4039984769991","24.9099227976438","23.974882609166","22.0265651545418","24.97717954412","30.5902493638595","26.0580590536261","33.6368828037203","46.1691452418428","28.6425566443022","25.8913532515746","78.8625963356153","36.7386519307243","66.2355883520295","88.7728462628372","109.233655161945","97.487348250859","159.26697258905","104.555028787418","32.5622551345838","37.921169977767","17.6622707657562","15.823578015666","9.8531369204179","21.1339910457107","10.8012352318635","9.79992410396942","17.2739979186081","18.054402868472","7.65225430526529","15.3066214793858","8.89101661311409","1.86213189302369","22.6694192116219","26.3283499650477","30.1285931395558","36.4286291176933","34.0669855189111","14.0225574392301","20.6855877306245","34.6223707315316","55.9753254437569","51.9788933465452","115.65291501439","235.515443582343","116.874075405794","206.914730499435",
"Senegal","SEN","Inflation, GDP deflator (annual %)","NY.GDP.DEFL.KD.ZG","","2.46857747074409","2.53924769032905","1.48655561735562","1.99535026569468","0.452820818960831","0.416222711990557","1.33299886735097","-0.542368624517749","6.86677567883129","2.0428603536138","3.0018083172566","4.10363946619412","7.68439771269558","16.761195079324","11.6291444872522","3.78921485584216","8.16395466890485","6.77263191828155","9.70658132140881","5.4560401274267","11.0477932212242","9.72205568294373","9.29205468630911","7.72247004475221","8.89221275604793","5.53608293030337","-1.73595432904898","-1.14033178200231","2.17022646198564","-0.166872375317354","-0.923678429871956","-0.827466513277315","0.0842697584777454","34.0413670820881","7.11300728573589","4.16151734103398","1.97782917379958","2.77903090647411","-0.525447722709572","1.3086598487922","6.99493519580557","1.90464530864327","-0.922879933708558","-0.134935110953364","4.72087875420317","2.88549200196928","6.58871245134355","8.21654273074127","-1.68903868254876","1.60441579019933","3.85747038355476","3.27411157616761","1.18613046995503","-1.51585973451603","1.06978461964601","0.955649520089025","0.598916826886537","-0.839644464738328","2.08580185181253","1.60273383045899","1.44730627610178","8.73206311614976","5.29961989572631",
"Singapore","SGP","Inflation, GDP deflator (annual %)","NY.GDP.DEFL.KD.ZG","","0.331807725132393","0.468580568677112","0.925318690191077","0.564619471904422","1.08280919421094","2.10099401626297","0.36175998153692","1.43729436349335","2.27723055956248","1.54696201847693","4.85354530242307","5.72602281502184","13.2098511250541","16.315573040436","2.88902717475952","1.71985346383113","2.0066785459034","4.04187885560737","5.2354005316555","11.1271090045314","5.87548935259991","4.53295551219097","3.17143964984059","0.787919952347593","-1.46548381178779","-1.25281578687675","0.532427941572664","5.43072131692747","4.15917047818115","4.69742330546458","4.43534521070245","1.38770305954598","3.45618677483372","3.46273962769924","3.17627830929234","1.50622281220359","1.08499221815259","-1.32884855456203","-3.57782977150977","3.86347751783269","-1.81443173071348","-0.896915632384648","-1.79904886938878","3.95952821977868","1.9005186505386","1.8441830136442","5.91682447669695","-1.38155543169427","2.95392464373782","1.10780871344616","1.17079820355097","0.495345771200874","-0.431059391871671","-0.267270041634802","3.07195500966418","0.489627028998726","2.89404191400374","3.60410043476227","-0.20441464095768","-2.43859056928547","10.2637667092318","13.4781380113655","-3.06902994364776",
"Solomon Islands","SLB","Inflation, GDP deflator (annual %)","NY.GDP.DEFL.KD.ZG","","","","","","","","","","","","","","","","","","","","","","13.1443402812251","12.9976793751235","6.95012054198814","10.9223176277395","9.4091892200255","5.09796961147002","11.4942569245607","16.8120453528425","3.45363975095422","34.1069390657288","7.24567442012017","13.1570526040328","17.0186132550504","27.9370884948888","9.53881927848347","12.0838917199116","8.47322244221299","11.1526820904396","7.67457922142414","5.55906379443005","9.90700224559815","11.2791035553013","25.8870813257842","3.76283717550221","10.6993061146418","8.34372112602952","9.29434531558914","6.42916214677736","4.87312691925838","1.74527790331425","4.47682788873855","4.65219263177319","2.3522743375372","3.67027557918389","3.35777295956466","0.344942428061586","2.5766856785921","7.85787438297851","1.24130303241819","-1.32591732051718","-5.504745457506","2.01661207154767","3.89040675328978",
"Sierra Leone","SLE","Inflation, GDP deflator (annual %)","NY.GDP.DEFL.KD.ZG","","-2.51913174480478E-05","1.00347238571885E-05","2.34182825096241E-05","-8.99122254338636E-06","5.19691564618221","2.73346870450213","-5.85071363337755","6.66698378619172","14.164959478489","-2.14247395624453","-6.92936517596317","5.95027921157384","23.2251583401344","14.1609091616266","8.86873963067123","8.28420529509475","19.746948037517","23.850113641505","11.5357122877818","-6.00873453739025","8.6983122417806","18.5016273129959","19.4389560096229","39.7672585964689","68.8897142768521","78.5037957974299","165.676640000316","64.2882480620587","61.4912768526919","70.5915492458487","128.761666613631","82.023579840279","26.7363212387903","25.0620437520758","33.5979877376705","29.5804868075411","2.25276836625179","23.775122880697","17.1938519293377","3.28114136455646","71.3519572034367","-3.93416695179114","13.1976867095312","12.8264525018684","16.6157673909282","12.4929903115551","6.60201902152011","9.21371748562095","8.54807025803485","17.4339236484559","17.295115700525","12.0412149954104","6.9591497150643","1.79536394969367","19.6403375168796","5.85170897389122","8.95600062684576","14.0105639435605","7.70278499631038","10.9149570581921","6.69151089014703","25.3319745115446","36.4342929309254",
"El Salvador","SLV","Inflation, GDP deflator (annual %)","NY.GDP.DEFL.KD.ZG","","","","","","","-1.17531735868003","-0.393507625227613","0.194831870257971","0.425428247163268","4.83751153291408","0.806457522522351","0.400316542998354","8.84136569851248","9.6491479831566","9.88797935999375","17.6342113918004","18.3216298528567","0.960013082364398","15.5624071981715","22.6012882564872","2.00938789958767","5.55290061909739","1.58899797213157","3.05408729621168","3.15378065896392","-0.94815922337537","2.3739437095546","3.90575551112049","3.3553952451945","5.10572833645764","7.42039831139694","3.41992302194576","8.59328373641921","9.80412818425471","10.9290340708784","6.58171861061977","3.38380837413172","4.23009518302409","0.994105168134183","3.27263167049688","3.31363165513974","1.51063301186223","2.96567141336874","2.71767338213316","4.29476326031077","4.33269226745863","4.39535754973457","3.50229909686419","-0.0338953396293391","2.59792051504036","5.95334315490372","2.475549962784","0.631311695261005","0.993230854860357","1.307617777231","0.657746207396585","0.986566456267596","1.71626308707515","0.848014701105342","0.653512318599752","4.14207468599355","7.143242839221","2.72884502328093",
"San Marino","SMR","Inflation, GDP deflator (annual %)","NY.GDP.DEFL.KD.ZG","","","","","","","","","","","","","","","","","","","","","","","","","","","","","","","","","","","","","","","1.82751509450425","1.55463608639049","2.56773358739586","2.70347841383587","2.38676892433671","2.45182791541232","2.01088269657863","1.6678752719362","2.01207243460763","-1.9723865877712","2.83196979232221","0.999377268139739","1.43035574550051","0.152699197986834","3.12004460358166","2.00061717503941","0.388644528758022","-0.742700250259659","1.31670533841535","1.74335583818231","2.06429610353858","0.914100159383906","0.344576763138065","6.94436298061723","","",
"Somalia","SOM","Inflation, GDP deflator (annual %)","NY.GDP.DEFL.KD.ZG","","9.78760222945493","-0.824029645492146","3.29617204048316","13.1034263111971","12.8949230668109","-3.20636522705703","-0.324413640170903","3.3973753656277","6.52238469241205","8.61212740387234","-0.566535421885121","10.001887046743","10.6281141882511","17.7278983638136","15.2872312897992","17.2695781685296","10.3700771762445","12.3093831570204","15.6770100975809","89.6000215004809","19.6921365199916","28.4330071321629","36.4711581824291","71.6084015617208","28.0181242716797","39.0604267284058","29.7061239387594","63.9323172078169","102.704467581386","215.830205539543","35.5290140050195","25.0005043882625","54.6634870138984","55.8147453417155","31.4999969298512","29.9323763003123","33.6111065976336","21.9556451812087","14.3876863043419","14.6097983167118","8.24338668900606","7.72046671051999","6.27947337754024","6.79561761194907","16.0638020616275","-6.86776599891986","3.51717021972566","2.05988988561256","2.37613172423066","-15.3469023050433","-2.88779805595875","-2.05604441647965","27.1099039550372","9.29347922199284","6.8992696659305","3.03638508856","2.12676428386985","1.00904880000773","14.8978029403541","3.06366999350587","4.5851966428492","6.53345125271747","10.2146691221287",
"Serbia","SRB","Inflation, GDP deflator (annual %)","NY.GDP.DEFL.KD.ZG","","","","","","","","","","","","","","","","","","","","","","","","","","","","","","","","","","","","","85.0326794603107","20.8587311971357","24.4139511815425","27.8958985102444","80.992656389848","86.8262099987671","19.509224849504","12.4873416131617","8.12336874641409","14.667996083637","12.3557424153695","8.7018784972483","9.08520485427238","7.88769289465361","5.7289416308888","8.909097738016","6.19933895593788","5.12544327576433","2.58538293679744","1.8728924804025","1.54988883247718","2.97079316981832","1.97494256215236","2.44060040801315","2.44841613321584","5.77242633690898","10.3500766703969","12.0027358687916",
"Sub-Saharan Africa (excluding high income)","SSA","Inflation, GDP deflator (annual %)","NY.GDP.DEFL.KD.ZG","","3.2784459977796","1.66743898441533","3.01391715577817","3.54797755518112","2.92315375094078","4.12004653533484","1.28037535067494","2.36764213969136","4.83856099609655","3.85955208091369","3.58816843269342","5.55368367597131","10.2038414811637","14.1609091616266","10.9448052413917","10.2919849515809","10.4461251876848","9.15991019321734","11.4212450877515","12.7409349278169","10.8085073501478","11.5925537512913","10.9601408150368","11.8638552478514","9.58787790202587","8.02422199695975","9.61162965782202","9.15994114057903","10.4082837313006","10.6104147198705","8.67101474117165","7.2832831603953","11.6054293090275","23.8310252197405","11.064000105878","9.99812531952848","5.08805758617257","6.94749109270616","7.75843715361857","8.84439624700958","6.55399065644978","3.86243458570234","5.81434413395981","7.68840142534579","7.56269974481235","7.55679942246153","6.88838910319755","9.75092298812891","3.11722995629992","5.64433086097335","9.39165549203732","5.30833937178907","4.13433189504995","2.61589668293773","2.97228935440204","4.78100029080551","4.08078481196183","4.21502841459056","2.85603411987745","3.17166106740507","5.35427531763544","8.64227752221325","6.60930535258659",
"South Sudan","SSD","Inflation, GDP deflator (annual %)","NY.GDP.DEFL.KD.ZG","","","","","","","","","","","","","","","","","","","","","","","","","","","","","","","","","","","","","","","","","","","","","","","","","","-11.8293295391053","12.9264024311492","38.8333429721931","46.5069047554802","36.5121584994857","-26.7002845822567","17.6893321393151","","","","","","","","",
"Sub-Saharan Africa","SSF","Inflation, GDP deflator (annual %)","NY.GDP.DEFL.KD.ZG","","3.13425473123863","1.63024683427663","3.00892533198562","3.7019603833054","2.83779273206378","3.92852439861293","1.33299886735097","2.71222764485705","4.53980677880867","3.78500364659838","3.51414655935717","5.56553386594852","10.3188723458441","14.4892576820532","11.286974864322","10.1095397022797","10.5799394870567","8.86103068391449","11.4550041162189","12.8646273394754","10.6252870249993","10.8392557999092","10.8174002740579","11.7174933871685","8.93083000915655","8.02256089514319","9.39994796567774","8.95795187098547","9.76900937253662","10.5836307030064","8.56427900386669","6.96128200697439","11.2979738583905","23.2494807573282","11.0437898513941","9.07483488878513","5.05534593106086","6.96357951652327","7.61207827777595","8.5066010783456","6.23201251547312","3.61316135426739","5.94683478932345","7.7652785346058","7.50171013084201","7.46134453965777","7.03666107458216","10.1291157206231","3.36037257024091","5.64097124955398","9.19547316508343","5.38725711756138","4.23184173450344","3.08839072749789","2.92789936473167","4.56511461778215","4.00125171598158","4.1041617498425","2.66359715893896","3.53660531902517","5.25930512123071","8.48659075537807","6.51146488146047",
"Small states","SST","Inflation, GDP deflator (annual %)","NY.GDP.DEFL.KD.ZG","","","","","","","","","","","","5.38437111275978","6.8233689677481","12.5480739982371","18.0878172933966","9.75826263262282","6.64959504747395","8.57940941126563","7.37016185327879","10.625525795504","12.8610056558789","8.87249919389104","7.43698791311648","5.66428865895918","6.17790856600695","4.45086845341632","5.09796961147002","6.96238514949022","6.45370516777346","5.68893659993266","6.37017751588742","5.99313163820196","5.04887871600232","3.02831268774926","3.56174406945019","2.87299753220067","3.19870033913645","2.53062058558473","2.97009281527207","4.43342351579929","2.74340599040788","3.62490552941837","3.2664474825379","3.88861391039359","3.76283717550221","3.94809969963141","4.12698412698414","4.68817791946596","5.60618091108023","1.76512587619911","1.82235230425346","2.7869098819283","3.44088030034162","2.12454183861854","1.37584149526035","2.77328121859048","1.85600216246871","2.17351991441403","1.94998202167549","1.78434888583602","0.302670330663901","2.9081414658778","5.8108283164358","4.73582804327133",
"Sao Tome and Principe","STP","Inflation, GDP deflator (annual %)","NY.GDP.DEFL.KD.ZG","","","","","","","","","","","","-6.1941041611542","3.61300735722621","20.5895149943388","1.231390411218","-0.83023834217208","0.816678187616034","-4.8076390670477","4.6500196032656","-0.531063682572423","24.6399843420227","25.903945752731","-0.39285684480528","0.469318226227159","15.5875726312974","-2.2452807139741","28.7347765605281","44.7541172096687","33.3219717758709","39.3575068404805","42.2390467085227","25.3451930554061","39.5587201256824","75.3876315812103","74.1896153833244","50.0639186130833","99.2359581541362","39.1139762795281","16.0000236375782","7.9047960294612","9.97601510593323","7.18447109573582","11.5148122597808","13.8397977822705","14.8393417321248","19.0925741408707","13.3249989171462","9.60258189970895","28.8282864494996","13.9533328311591","6.96534650290124","11.6806851627045","6.46778486026705","7.20253361267136","4.62269860389411","4.50370956373563","7.05347468513504","4.08078481196183","8.91964968613843","11.2643603433132","9.26828214772407","5.16433492482598","16.303616553937","8.65656256373866",
"Suriname","SUR","Inflation, GDP deflator (annual %)","NY.GDP.DEFL.KD.ZG","","3.12812400804872","3.79775567999671","2.68689912429289","0.196254942010114","2.40619685424583","3.59364081326936","3.42936048885714","1.63252105939833","2.94961654150509","3.08986462342293","5.38437111275978","4.26345448136129","10.8100970538583","20.2583978416198","10.4845703718681","-0.190339293248542","15.157945000342","7.55455597293881","7.03240516911312","11.4007062384786","4.41073704170361","7.43698791311648","0.475938656771874","-0.31307923517106","-0.939542483924356","1.25184094198202","17.2588237263173","9.89739123937395","12.1294932387225","49.9084300342594","12.3376365869539","34.8989224864435","157.453710886709","438.263725772759","276.753845395386","11.8825503719107","1.49369976851179","17.2116243166659","73.9731867593173","60.7428213798917","39.530228233387","37.4532823192579","21.3179782161229","12.8379278475888","15.5398119400855","39.0361246319048","6.4252012519074","15.5211432201182","6.48362424782576","7.19655419062693","13.8444468459506","10.7352006048331","0.383766168173977","1.58368715816022","4.85459060945995","24.0693638258796","28.1451055406702","5.66059377089626","5.17890859157816","45.2177563492464","60.6914699309171","43.8890753361491","52.3098564977179",
"Slovak Republic","SVK","Inflation, GDP deflator (annual %)","NY.GDP.DEFL.KD.ZG","","","","","","","","","","","","","","","","","","","","","","","","","","","","","","","","34.6071329421454","11.2146202603888","15.577911719693","13.4484864487778","9.89107061311299","4.53845765872902","4.78876827484636","4.85331681891394","7.21505253628003","9.48953277606826","5.12148751647621","3.93782252221926","5.32528276983089","5.73872793064101","2.54310499263167","2.89907401547424","1.1155436660847","2.85807495928208","-1.1612222898941","0.532696333414776","1.67683127093341","1.26036765261691","0.509379119518826","-0.192780594130198","-0.216504525651942","-0.512295855894507","1.21580198812519","2.03478779529047","2.49431822113719","2.3708060097013","2.38607619574505","7.48425854617005","10.1318609923708",
"Slovenia","SVN","Inflation, GDP deflator (annual %)","NY.GDP.DEFL.KD.ZG","","","","","","","","","","","","","","","","","","","","","","","","","","","","","","","","94.9277875541256","208.177822773089","37.0791193186462","22.5892364066774","15.1550586671759","11.4524565649195","8.43083359163532","7.42803135144744","6.5314195214609","5.56526765538521","8.67521845375352","7.58168654139426","5.64045104674675","3.36094209509122","1.52057515263171","2.22109087893656","4.17748452362763","4.46561784391565","3.39968089051037","-1.02931788544865","1.04001500712062","0.479044260876066","1.60035593502236","0.456031615681681","1.00504348534045","0.874115426326341","1.4640640238877","2.1125914748453","2.29485081978052","1.12405804947954","2.6764676910453","6.48269750268742","8.88245136045302",
"Sweden","SWE","Inflation, GDP deflator (annual %)","NY.GDP.DEFL.KD.ZG","","2.93737989764674","4.02026566033129","2.76190186838944","4.39853288624235","5.9931394691191","6.54798075577314","5.01024010863746","2.39151835133559","3.41821078801019","5.17310748575468","7.11028823374871","6.97316508982051","7.03377052143691","9.45814690731832","14.5124018597783","11.9189663019889","10.5295693067339","9.54906701265847","7.94320829170123","11.7165098728258","8.76734217589706","8.08460537192575","9.95406193555277","7.63598204042555","6.4045069653162","6.32272310950526","4.72094923990313","6.57120642555813","7.924666829386","9.47382068413938","8.24678891530533","1.01534124278373","2.21227109193029","2.58804231614012","3.81139139844461","1.00905860647234","1.52551795787954","0.812959691365791","0.897864615617408","1.50577048243903","2.48352296605476","1.54763939768029","1.70023943467432","0.333021897741204","0.686383050698964","1.75741369074541","2.82589323136247","3.23523527997193","2.35890510051033","0.947565418694609","1.08835940037071","1.00142202301616","0.927395691401983","1.74453129158347","2.12118024509547","1.52560991398094","2.13515182451252","2.39692033450507","2.54687548145611","1.99404592785966","2.58588540084175","6.01623479420958","5.61809788299709",
"Eswatini","SWZ","Inflation, GDP deflator (annual %)","NY.GDP.DEFL.KD.ZG","","","","","","","","","","","","7.12484416978505","9.62726502294502","25.2306765558379","10.2889454822052","4.21373188402316","13.5702783875818","10.4461251876848","10.5599584961413","13.5877053732983","8.20953778308512","3.51034453345336","15.1796855611048","4.73692143521396","11.064966628994","5.9873722723695","13.9165769085529","1.11311695570294","24.1326094906132","2.89173725080838","30.3849073796423","8.77775047847661","11.1882501385415","17.3897594883067","10.970426743749","16.6493806511784","7.68236513309049","11.3448411809325","7.40527799272617","5.3700590467124","25.3429417176421","8.9426193567203","8.91492825675004","6.00549567737507","3.87128784547615","6.55682311577637","4.04116194744783","5.01429789090137","10.4255760885952","9.76992430013281","3.19717545893678","5.34094513529027","8.74837350194564","6.53299825079026","7.14673584693767","5.5450647329474","7.24177909838608","2.47812989286125","2.83000973876537","2.38778505304151","2.5597863790279","-1.21716866442841","8.79506541980444","3.23728601660409",
"Sint Maarten (Dutch part)","SXM","Inflation, GDP deflator (annual %)","NY.GDP.DEFL.KD.ZG","","","","","","","","","","","","","","","","","","","","","","","","","","","","","","","","","","","","","","","","","","","","","","","","","","","1.12875903023384","0.295015877945247","3.87309650875972","2.41867590016453","31.0605071174675","4.00778518211102","-0.320844612000187","2.55581757014862","-0.096963578940688","0.759240923003787","1.31368166079125","4.64369866790126","3.46083611779808","2.12765957446808",
"Seychelles","SYC","Inflation, GDP deflator (annual %)","NY.GDP.DEFL.KD.ZG","","1.45690289023514","0.599020608106841","-0.00246295720181422","4.37958452374312","2.45082026821828","-7.47426560407915","2.03924607417171","3.39807022218264","2.35162374020157","2.90537958057394","1.57443034066502","27.7112179206904","12.5480739982371","20.9343671492247","13.5072364503849","9.13417048581313","43.8052476889392","-0.455239465939925","17.009968356335","31.035921523385","7.3466517986335","1.7261242842133","3.18700462113296","3.13324519362108","2.27941119303721","5.74667773898996","3.67382336512266","3.92875253525872","2.12576588305176","6.37017751588742","-2.04315669111091","4.66825525992283","3.02831268774926","2.65603359305877","-2.07293038336191","-6.08026715563722","0.874655608207902","10.4117836445154","2.05663474416527","1.25194515123741","6.15676158548635","3.61316135426739","5.94683478932345","24.674119952404","0.45864511054863","1.44234444771681","11.0793956861201","31.9263160249952","28.1819635812916","-2.11971044632016","1.06438138123271","10.4372838765698","5.64023151837689","6.43587163230623","-1.00318641871358","-2.29456846888873","2.33249048759716","3.44738196587787","0.126950238609624","5.23042858538314","2.75005993802337","1.52239094163566","-0.932509493159856",
"Syrian Arab Republic","SYR","Inflation, GDP deflator (annual %)","NY.GDP.DEFL.KD.ZG","","-0.565431830039103","-2.74775082385237","22.5011921106247","2.115426913167","-2.95205309007281","7.59091299043087","0.937731458959632","4.32359578317309","-3.17530683126216","0.894965293338345","8.1523145570706","-8.35412629212598","19.3559530148506","27.7336249167066","11.7221938009908","6.93719250081648","11.255860813971","9.05830830285821","19.271855817196","14.8820201167283","19.0616583772759","1.73997193742113","4.13002926296977","11.2665167832413","1.01704622446586","30.4503196519935","25.6832768309677","23.443423949845","30.0238812367079","23.8225663973854","7.84519753162868","5.58194055508412","4.88389983631374","14.0896830498087","5.41155285509424","10.1710796886465","2.75712224933042","-0.717712586814741","7.44219677268558","9.70098596983003","6.55411843600844","0.394124325358419","-1.43064021841795","10.3263712398652","11.9504489708053","9.09650632380644","10.7690643740435","15.9501259770903","-2.78022303939403","6.8992650940543","11.5740778155847","26.2462552485551","31.7701939095293","37.0945840345087","38.2145477487644","36.8710415587113","37.2209382232321","13.1879402830296","19.8313540100224","48.8528821400847","48.2876897230364","","",
"Turks and Caicos Islands","TCA","Inflation, GDP deflator (annual %)","NY.GDP.DEFL.KD.ZG","","","","","","","","","","","","","","","","","","","","","","","","","","","","","","","","","","","","","","","","","","","","","","","","","","","","","0.756185324269183","2.62467548724537","2.57677899551956","0.623168365108711","2.18440361611209","2.21538461538462","3.87215550797131","-0.959943373384334","-10.1302434239062","23.8242458240874","10.6403018542625","12.7470391990364",
"Chad","TCD","Inflation, GDP deflator (annual %)","NY.GDP.DEFL.KD.ZG","","5.06282790068819","1.53457996041548","5.6420649793486","8.2312516729027","5.66570163304911","5.98287514510287","3.27928791907497","2.03146493895743","2.06733982748017","3.85955208091369","8.99174877486901","5.55368367597131","6.71359429875471","3.73569349604588","8.22070051410586","8.44952547852462","8.61801944417242","9.89977571152785","8.18975797080374","8.73490443580813","8.0547582837101","9.2207836482545","0.0121269458297064","24.066353134175","-5.11319482905881","-16.9328260825259","-3.13308180987801","9.36193041017259","-1.25261064954201","8.01232903488547","3.0734989661165","-12.9065538294357","-1.31460371890813","43.5449637733589","8.83312726645855","11.4584549508316","3.78278546499355","6.74940882900434","-7.57286628466451","5.2898048599024","13.797652751767","1.90781944012426","0.0790046920912317","9.73425647986646","28.1119336760507","9.98442792041423","3.30193426256776","8.64881979028074","-9.55875447756326","6.3911950513067","8.58039895814788","1.09724571223187","-4.14136740417744","0.645785332472741","-8.48001725832678","-1.40083927949904","0.0282519135155042","5.01465777807508","2.85603411987745","-5.45489640763718","7.16657628897821","15.145121891457","-0.936604165489314",
"East Asia & Pacific (IDA & IBRD countries)","TEA","Inflation, GDP deflator (annual %)","NY.GDP.DEFL.KD.ZG","","","","","","","","","","","","4.40917377611345","6.8233689677481","11.8446607409858","14.6226411101001","9.46098924683037","8.37620065154336","7.71891282635916","7.30919323801188","10.2476650137256","10.8490580802921","8.47751176724036","7.68423517021106","7.47506051394651","4.87981927443486","3.68577832531385","3.86015928884371","7.819157355407","7.96211856183896","6.97641985634426","8.50321991763457","7.24567442012017","7.44750453397872","6.4906547671219","7.25308848242234","5.15041470927051","4.59005094492848","5.95127542037173","5.99335748792271","6.12145266042883","3.40882766527606","3.36684864796393","4.69892816201967","5.48742913580284","4.82373796461634","6.07667882342086","5.1042132730291","5.7769601471735","7.25676387978855","1.84208742229299","4.22978499907929","5.41240809007968","3.75387875323653","2.34629009874605","3.05305530800513","2.34849600685918","2.51784593601241","3.34104215841538","3.62664730027259","1.28670040766232","0.890825244312992","3.71344836687553","5.63837728809762","4.59648506190769",
"Europe & Central Asia (IDA & IBRD countries)","TEC","Inflation, GDP deflator (annual %)","NY.GDP.DEFL.KD.ZG","","","","","","","","","","","","","","","","","","","","","","","","","","","","","","","","96.2296807967452","887.571722496244","973.277616990763","269.726302767998","139.981243098184","43.0302705009227","17.7359944945837","10.8601232825673","18.1427225039311","25.3131431205105","10.1786742562821","5.52848268747924","8.2425569788367","8.27853161237079","7.53186262009364","10.3567699439691","11.9620669689353","10.8192404902347","3.7855516158772","7.00928360259741","8.20084709330651","4.78556981066754","3.17518813604272","2.30918242990974","2.21957293262733","2.84422269802643","4.81312048422326","3.44744511589256","3.65868395013121","2.44841613321584","6.90051365787157","12.3553221508805","7.51053660155243",
"Togo","TGO","Inflation, GDP deflator (annual %)","NY.GDP.DEFL.KD.ZG","","-6.94682998640516","0.715476635544604","3.17491640073546","1.45983872350742","-2.32407248330017","5.73775859876157","1.74808937677895","0.06094542603104","4.83856099609655","-1.62125040884843","12.3932368544861","-0.372352688356742","3.13437416817979","42.0320807064408","-4.2638352539347","14.2100141017224","20.6574056844038","-12.3041865379378","7.54699874154122","10.4657265793934","12.6474222750546","7.08675789719864","14.2601237150365","1.87944529939949","3.40143735089484","5.59479993703719","1.65884167932823","2.58577645263946","0.992354543371803","2.97594444265989","2.67109282660552","3.24543460641284","-8.19677350246248","35.8423813570772","11.0842103603619","5.38792780753117","2.03603454142922","9.55663246997548","1.11512720227407","10.0494567384089","1.63405347606209","5.02785556551302","-2.89310698945199","-1.90788896753278","5.87615776173713","-0.508763230014978","4.96379216572092","9.07419891252941","3.11722995629992","-0.0933359913113492","2.81959506038038","1.75039253278291","1.68327589750687","0.47987577593058","2.20271127293718","1.45776475319192","-0.88495153357762","0.454262222511389","0.01194354395939","1.93311361980237","2.46636746396649","4.15581315078867","2.59456529883668",
"Thailand","THA","Inflation, GDP deflator (annual %)","NY.GDP.DEFL.KD.ZG","","3.69863251011905","0.540499290557534","-1.16673681214564","2.67778345968976","4.31657267302027","8.24532872520763","-1.66769262494486","-0.252985512003249","3.33336993784386","-4.99519860794794","-0.78632329442101","6.33693551322982","18.4456429506447","20.3346923691587","3.48802342846857","4.49708516723513","6.01469871133595","9.69718271551842","8.6455774659964","12.7024827905098","8.37242257435142","5.05785464424613","3.6491556533808","1.44786657859639","2.17720276750025","1.6531553058301","4.72321351314125","5.91839654888264","6.11674308707329","5.77318216244282","5.74652378137894","4.49045413125464","6.4906547671219","4.67276354647998","5.74023614562722","4.09814092384286","4.42116836632678","8.06371045697034","-2.57695297761677","1.33104995932025","1.91753224493053","1.69045805604154","2.1495490160917","3.56925942602997","5.09155618304895","5.1042132730291","2.47333774189036","5.13378035159961","0.194772130958171","4.08098922673743","3.7430981204437","1.90914444199674","1.77874589235417","1.44146536528029","0.722113573412514","2.63616761998928","1.8999449899777","1.42858616420727","1.01442340642497","-1.29877505741581","1.77107226345396","4.76699578735654","1.21998938953274",
"Tajikistan","TJK","Inflation, GDP deflator (annual %)","NY.GDP.DEFL.KD.ZG","","","","","","","","","","","","","","","","","","","","","","","","","","","-4.02900157355316","5.82299572608119","-2.57441539130541","7.26277902274315","6.28991299918663","99.6335110908983","574.014511227964","1207.2110489489","263.011478064155","294.530765618633","430.412728198188","65.2512001901191","87.8763481550034","26.5011437514061","22.631873605948","30.947706315931","18.8197026147069","27.0864689117309","17.4315785210811","9.51432466210065","21.0624388683286","27.2380030941036","28.1634875601911","12.1262014941935","12.4616677349709","13.3243555693147","11.8685155888293","3.63300945054496","4.76666135833671","6.86625094979701","0.541389756844993","9.80546714084267","2.49222755648458","3.65868395013121","1.65596010469615","10.0445095549154","8.26227281475744","2.18821998125314",
"Turkmenistan","TKM","Inflation, GDP deflator (annual %)","NY.GDP.DEFL.KD.ZG","","","","","","","","","","","","","","","","","","","","","","","","","","","","","-2.72340436737647","8.31275760659524","-20.8603561293651","106.160919660581","3089.15254991916","1133.99014566884","952.307149668942","705.718482580622","1014.01161581983","61.8000441061326","17.6168033195453","23.0053043870684","23.4645481936837","32.3148627412749","25.1531001485651","27.1543298649025","18.3477638214348","7.02679084259007","12.249959293056","9.26934465401983","59.7403855468372","9.76101613509299","2.30608815331743","12.8574543671204","8.27008408241873","1.15244583252145","0.669180966750076","-5.15329778752206","-4.86560287903114","-1.54244268478659","1.21087594013873","4.38275226849976","-4.34974176374739","2.77178002688885","6.46790534408194","-0.362236239580454",
"Latin America & the Caribbean (IDA & IBRD countries)","TLA","Inflation, GDP deflator (annual %)","NY.GDP.DEFL.KD.ZG","","2.80281126084105","3.03018263268706","3.45636104633554","4.18462882223299","2.36231212148663","3.59364081326936","3.14622200562619","3.02271832410838","3.33431240313583","4.27286690750125","5.22413738423477","6.83435272667813","15.7523147439526","24.4823374025764","16.2299442836522","9.96385803139609","14.250119616259","9.02190675292899","15.3687069794649","19.0463889113015","11.5688525347474","7.5120252384536","7.49695684710841","15.7375320928942","10.4202108327662","9.38727107753951","10.1443832689497","12.7288317145654","12.1294932387225","25.0086874853778","21.3909823000844","11.3007436728124","10.4355721703213","12.5733704419943","11.076427188031","6.58171861061977","4.91515472666765","5.37109035742958","3.8829960652083","5.60606514085735","4.27714698160932","3.47602085514819","5.33107719750952","7.02476170687822","6.66772455718502","6.77427411913297","6.62550716828601","8.7785527236756","3.60017527305328","5.44341331542486","5.8440989281363","4.54221493776905","2.92309825170382","2.43244108501779","2.77328121859048","2.67571827706805","3.64352138690504","2.46795671909717","3.01153395882798","1.65305348074687","4.80775754626718","7.25403854960863","4.69741140098757",
"Timor-Leste","TLS","Inflation, GDP deflator (annual %)","NY.GDP.DEFL.KD.ZG","","","","","","","","","","","","","","","","","","","","","","","","","","","","","","","","4.06212143958531","15.1556493338788","4.75647822157347","2.87291524939005","3.06201017344978","8.16009301390679","0.231028425263673","3.87678290640903","7.1852094049421","2.9988881954024","11.8340283174281","5.39203771110913","6.80044175915803","-10.4851308048803","1.83747719818945","2.38059845195224","8.47751518449822","7.25676387978855","1.76512587619911","10.9637989502854","11.5656732746114","6.1604670783707","16.6427681770437","-0.72805110472585","7.20272658800616","0.222525733932756","-0.151690877903363","-1.32180231835082","4.87409651725565","-19.1517918413116","59.0270150348913","11.355395514114","-18.2707733177979",
"Middle East & North Africa (IDA & IBRD countries)","TMN","Inflation, GDP deflator (annual %)","NY.GDP.DEFL.KD.ZG","","0.954490525087003","2.01537461153434","0.915371108477771","2.115426913167","1.5013314568521","2.75119762095611","2.07202715605137","1.56526951365782","0.706272590546142","3.91033373592991","9.09066278395399","2.09793608162923","9.19086322957743","34.6065505522966","5.45429122574824","8.88889261239806","11.255860813971","8.41721327900058","19.271855817196","14.8820201167283","9.90997003016167","6.43212145070792","10.7301456605988","8.24745260848205","4.0544881480059","7.4907494864752","9.89415935752058","9.06096347700635","15.8243460367262","16.6224498749241","11.9935811151592","13.1717453439967","8.42910538832268","8.44887156388798","10.6790055674445","7.10766744856119","10.410509033443","2.37768148920179","7.44219677268558","9.70098596983003","2.74820045370649","3.16557906647942","6.77749360596222","11.4465037893231","11.9504489708053","10.6494515467628","7.09551578776291","15.9501259770903","-0.452558780552764","10.1068646296619","11.6629763517622","5.98193050372183","4.50027018979038","2.44784411184558","2.67134371331224","1.1659452549003","4.82594649422639","7.04476653822132","3.26216820722805","6.24605067140822","10.4005272406033","22.8860752407762","4.18320344922859",
"Tonga","TON","Inflation, GDP deflator (annual %)","NY.GDP.DEFL.KD.ZG","","","","","","","","","","","","","","","","","","","","","","","7.86516631986629","8.25705979617679","6.51438333524841","10.2361565241786","16.1705682809915","11.0120446456462","9.06918385963478","6.80510088490409","12.2477472947643","9.46130272526871","7.44750453397872","0.0657706671105274","28.6260128335721","-4.45727901980722","1.24249899623425","-1.91780751141687","2.66045054281693","6.40127148686969","5.56815913394242","1.75836123059287","7.18945478180085","8.94293713611864","8.89119374234919","7.45446876652093","15.8632193273606","1.55902338768522","4.54430217175121","4.97438964306124","7.74060878353519","0.476902167488831","4.1940692306183","-2.37147532523151","0.0117765189695973","5.28336858334735","3.05495723166224","5.61383948078358","5.13987038817869","7.70373059426311","-4.19806880314589","-1.94621179322091","8.51075475047209","",
"South Asia (IDA & IBRD)","TSA","Inflation, GDP deflator (annual %)","NY.GDP.DEFL.KD.ZG","","3.16723063849963","0.15994817787643","3.56992506387104","1.59871045428639","7.93170495658858","6.2961888340664","7.93964176579686","2.41538358508238","3.34336433815","3.70835302222321","4.45844437560898","6.77457514090696","13.0176970347093","20.8256695329823","5.35029466941981","5.98185934107545","0.0107594045297219","8.98234569588423","12.5645059899549","11.508320807462","9.89469031189954","9.34740967360203","8.48775587837083","9.65355445237532","6.50861470043431","6.78940045356175","9.32789330598244","9.6175606497841","8.43680886909797","6.53273529225511","12.5446382094389","9.40370611580596","9.8617828547541","9.77058482007504","8.28438271093883","8.11263265655306","7.2790929776352","7.52603689563375","4.16270115884763","4.47243371871953","5.67506148696232","3.92811823441244","3.74605216066746","6.48837810604775","6.29929640524644","7.27989528597466","8.96730676614216","8.52746786015736","6.90236005828176","8.83534694163728","10.893680012252","8.04948057709616","6.56876361751581","4.92599255707002","3.86262641461978","3.69468945563423","4.24395426081774","3.86301345234354","3.76433258169706","4.32796065239076","7.19536612982316","7.49435251821833","5.41614518486134",
"Sub-Saharan Africa (IDA & IBRD countries)","TSS","Inflation, GDP deflator (annual %)","NY.GDP.DEFL.KD.ZG","","3.13425473123863","1.63024683427663","3.00892533198562","3.7019603833054","2.83779273206378","3.92852439861293","1.33299886735097","2.71222764485705","4.53980677880867","3.78500364659838","3.51414655935717","5.56553386594852","10.3188723458441","14.4892576820532","11.286974864322","10.1095397022797","10.5799394870567","8.86103068391449","11.4550041162189","12.8646273394754","10.6252870249993","10.8392557999092","10.8174002740579","11.7174933871685","8.93083000915655","8.02256089514319","9.39994796567774","8.95795187098547","9.76900937253662","10.5836307030064","8.56427900386669","6.96128200697439","11.2979738583905","23.2494807573282","11.0437898513941","9.07483488878513","5.05534593106086","6.96357951652327","7.61207827777595","8.5066010783456","6.23201251547312","3.61316135426739","5.94683478932345","7.7652785346058","7.50171013084201","7.46134453965777","7.03666107458216","10.1291157206231","3.36037257024091","5.64097124955398","9.19547316508343","5.38725711756138","4.23184173450344","3.08839072749789","2.92789936473167","4.56511461778215","4.00125171598158","4.1041617498425","2.66359715893896","3.53660531902517","5.25930512123071","8.48659075537807","6.51146488146047",
"Trinidad and Tobago","TTO","Inflation, GDP deflator (annual %)","NY.GDP.DEFL.KD.ZG","","-4.24012171994993","3.04750995003815","3.70102990592218","-2.47877376920123","2.75322489296417","-5.57303185267614","4.60952361478959","8.92237534623523","-0.0542716259356126","1.87371663098781","6.63536247579511","11.1099220509449","21.1827068800424","57.5116685266811","24.5714566446821","7.99564765490605","13.342294232176","3.16482061013022","24.7079832307756","22.7370409761982","7.21981445159872","12.1619468015049","6.3246727796258","6.01070714102359","1.23759805904599","-1.24966910644881","4.85267158195875","4.15797138177156","7.1840103131335","15.4888864078281","1.57239169096131","-6.9148572793612","8.81178502260418","13.2678024515459","4.16928787404554","1.84954320173001","-3.54356763782603","-1.85648387898057","4.30318181247706","12.0431530642792","2.79394763478622","-5.19253491668657","10.4785614283141","8.88422470453017","13.3214257161692","1.72921265884327","12.7518502876051","23.792521003189","-27.6317920499278","12.7333361257462","15.7297032514581","0.344697728081428","1.65391111573305","-0.916060796862865","-8.73361424910222","-0.741516049133921","8.21366055257951","2.68705726829177","-3.81228212859769","-3.79188317365001","19.0933595979048","20.8145233815985","-8.34826412013811",
"Tunisia","TUN","Inflation, GDP deflator (annual %)","NY.GDP.DEFL.KD.ZG","","","6.4895559228957","30.7004273268263","11.36736839581","16.61206296061","1.52790153638986","4.13144803776915","1.3291078739839","1.3807636599136","6.59928788620157","5.48330617352926","2.88672356635449","8.56080334109936","24.3947260867885","4.9945603416174","2.89755292556768","9.65330909167452","6.46492999055477","10.3878412067223","12.7987624458011","11.4107480094767","16.0076605170415","12.7007164005817","6.9812027481691","3.59712104139886","3.52266784764339","5.17071147982769","7.7041939592454","8.82928330730503","4.47650447770722","7.03680208904586","5.69154486496357","4.69134337171741","4.52605766638574","5.3510954461247","4.35659524908014","14.1253365327371","3.27167597647902","3.36141895778627","3.28357941152886","3.91357764557321","2.28480283262084","2.68475626739917","3.35160946012441","4.17583607671025","3.83382638659022","2.12647656280636","6.34032425229705","3.02304497058495","9.46502454900151","4.57111406039029","4.66181078103054","4.50027018979038","4.66466047449812","4.2138400764201","4.93496360110481","4.71388569389377","7.92485471176592","7.1347612102296","6.31516724506749","4.64771594223068","3.1246184443422","8.47073852655036",
"Turkiye","TUR","Inflation, GDP deflator (annual %)","NY.GDP.DEFL.KD.ZG","","4.37340043959567","5.78893779037435","6.4166944802911","2.35243651899155","4.11785566096488","5.94759067350768","5.93989052660011","4.76015624386707","6.87631710287759","8.64450444669336","16.9020871544943","10.9756760490106","21.9302187016976","28.9923473546045","21.3092400682888","15.6126574914859","24.0890232450352","47.5411467102416","76.7208667189401","93.0032247916414","44.0570704966979","28.2268344007077","26.2582454161426","48.2368326072076","53.054476874505","36.0068855504432","33.6122290331458","69.0181311101417","75.4048306122696","58.2443981066746","59.1641068909336","65.1994382769795","68.3794283559812","104.749137215122","86.007542441817","77.223512216706","81.4548625820616","143.639661614673","54.2799583040521","49.3607762430324","52.9797606802043","37.5748208317121","23.2892809893822","12.427511075424","7.08541612916396","9.37620636352707","6.1997582025374","12.046153593928","5.44644910319889","7.00928360259741","8.20084709330651","7.42267328660553","6.2801096970818","7.38951863770303","7.84491693010263","8.13047807814451","10.9824216683285","16.5122794615027","13.8677352522894","14.7893757412251","28.9730164131403","96.0361149639913","67.4734154033494",
"Tuvalu","TUV","Inflation, GDP deflator (annual %)","NY.GDP.DEFL.KD.ZG","","","","","","","","","","","","6.75785274097022","6.8233689677481","6.86427415936058","6.82454151971406","6.72036293257764","6.64959504747395","6.89427062130437","7.24822462274497","6.68818432108691","6.15525289535326","6.1406859937596","8.11308950866379","9.07121236790775","3.79517068985787","3.6601992108485","5.93828160766053","3.34257788334318","6.45370516777346","9.89266872902579","2.04941878460987","2.64307163479893","7.34406692918725","2.54643474492336","-4.66491334138077","5.15041470927051","12.6922634550864","-1.30535237376276","2.74064672352952","6.12145266042883","14.4533616980466","3.84615384615385","4.83091787439614","1.17302052785921","5.73643410852713","1.49488591660112","4.12698412698414","-0.833333333333329","4.77941176470587","1.05263157894737","-0.568181818181813","1.64133738601822","2.17391304347827","0.877192982456165","7.5","3.20315928038613","8.16326530612245","2.96996222836934","7.29559359114998","6.43874385090449","0.890825244312992","4.68476572711678","5.54755647980927","6.0040987048763",
"Tanzania","TZA","Inflation, GDP deflator (annual %)","NY.GDP.DEFL.KD.ZG","","5.37916806244479","0.594193757293752","4.879911729382","2.79029110257557","-2.43429030678406","2.72912272964064","-1.18349041678822","0.889836909639882","1.72405398848964","3.52049574522067","2.97053770959114","6.27553755513976","10.4455348013602","19.5373650717063","14.3032786360783","24.3361209939754","18.160817389765","9.15991019321734","10.0375718122009","12.9883197511339","17.7343913739345","19.0193132862143","21.5715014723378","20.4435259633583","34.0254141923531","25.4601393714042","35.3475693752782","36.3742899773081","20.6007439600896","22.4491856838927","28.1126043575921","25.3754811221571","24.4619863302073","31.169954274434","26.8619513563324","19.3136558404147","20.5872321472553","14.2221136262033","11.5400000000194","8.20110424713742","4.81596921527445","7.2330306793359","8.41868264342142","6.88562313045458","6.42620252324851","5.51009528749724","9.09938952758738","16.3807546294266","9.04166245405979","9.42871625296149","12.1984228784034","10.4838939974038","9.66618357795825","6.05084588935551","7.59136402332241","7.47203366759727","2.63812393333545","3.04136223867999","2.2804089300173","6.42301399038681","2.67430327389397","2.76261483337198","2.79782861502682",
"Uganda","UGA","Inflation, GDP deflator (annual %)","NY.GDP.DEFL.KD.ZG","","","","","","","","","","","","","","","","","","","","","","","","45.9444926023523","25.2768096195851","120.335946714458","137.280875148514","180.988011722353","189.975114519253","115.446731043868","44.3800896723577","26.0193366992486","45.0680290895542","30.1368714509449","6.84849755188941","9.37643763633046","4.57248128243326","3.09526851918858","8.78570685152494","-0.113130550582341","11.1173058824862","4.53447581165479","-3.1695563374238","7.8067408729751","15.5875499834451","-1.74118529180637","2.40562021541911","7.32124731768336","6.36427654779246","85.3532752350575","5.63761163813462","9.39165549203732","3.83745560625658","3.58690582613154","5.10630732385718","5.18785986456285","4.78100029080551","4.64905081962502","4.44338527166425","3.00001181631713","2.72148444149991","2.54511929619305","4.92228673099149","7.95874995686061",
"Ukraine","UKR","Inflation, GDP deflator (annual %)","NY.GDP.DEFL.KD.ZG","","","","","","","","","","","","","","","","","","","","","","","","","","","","","1.71812831864311","3.84709320994432","16.2490856973604","96.1028654623425","1768.23262154427","3333.58542243342","952.995953408471","415.809881576547","66.1456615578695","18.0737954563027","12.0120177685888","27.3999267140709","27.5014120289019","10.200915874305","5.25374127819229","8.16433975330762","15.3107362837374","24.0960586139239","14.85249547084","22.8423440433556","29.0201144092657","12.6299289738027","13.6732282073329","14.1819086626365","7.98256111045039","4.30879343709354","15.901737523474","38.8816797599977","17.0971349238438","22.0983174978017","15.3985303514156","8.24622626642469","10.2949442779935","24.8047508277652","34.9152972224825","18.5078370839169",
"Upper middle income","UMC","Inflation, GDP deflator (annual %)","NY.GDP.DEFL.KD.ZG","","2.50228818973652","2.35127905147381","2.68689912429289","2.54749887093","2.65240459971436","3.20586501399589","3.14622200562619","2.45048080446198","3.83478242787684","4.52175221291274","5.92259368068034","6.68129232317582","14.7583460086462","23.1729375353201","10.7146878066299","10.9858614120953","10.5123973024769","9.50919888329011","15.0884340741578","17.0107892918965","8.46026531041193","7.37566757688521","7.13811504480536","8.93629273858166","7.06231425878078","4.62629172138537","9.49074251521163","7.55640644203807","8.50493843632156","11.4156889988853","23.7132575125834","14.0829206349286","13.6244246595528","20.6169888119177","10.8383194557783","10.2476573329036","7.05967193501679","5.66284472304086","6.88883410122743","9.38971354904071","6.119229850114","5.5023241130699","5.62319259054456","7.7652785346058","7.02679084259007","8.84819293265961","7.06342171694234","9.37273025563468","2.2886520447835","6.26041691056771","6.86607781635307","4.06010961963533","2.6623487599172","2.44995393434078","2.225597196259","2.85015902860426","3.72517272790744","3.38351570970698","2.43505683336951","1.43141589627527","6.05975657609514","8.54051835184764","4.52476355727447",
"Uruguay","URY","Inflation, GDP deflator (annual %)","NY.GDP.DEFL.KD.ZG","","18.4268832404697","11.9906197425643","19.8987148062058","40.3515161198777","62.1847863137506","72.3177829725742","78.5284907508745","116.249173598281","27.0802271887489","4.18747063657409","31.6899694042383","69.1670664788519","191.574116422974","28.4870381751439","65.9778798447024","47.2914924151707","55.60669161937","46.8016609899079","79.2081947056121","54.7627009793287","27.344599505113","18.1622668925605","53.7310470710603","56.3496068277738","74.0171614543227","70.9633350849444","72.7839912222861","74.6363917846918","76.0794661481766","106.836676498035","100.808167622167","59.6236226966025","47.8519288929306","38.9571823642866","41.0483268728721","26.4317377794743","27.4851660952394","12.3839054585972","3.8829960652083","3.53930849282203","4.82661833265487","12.6162766389703","16.5416351537692","10.1050559964877","0.677868373740196","7.41439912975062","10.3149681755111","8.90238857828685","8.6170745452345","5.74685698442181","9.87542024568336","9.41291247372213","8.99924666884517","10.2206566034525","9.85542032172539","8.16545833991123","5.68018391620799","7.52555040430903","8.25648932486875","10.9764808841065","11.1806219609622","4.24465355140362","3.4309701895517",
"United States","USA","Inflation, GDP deflator (annual %)","NY.GDP.DEFL.KD.ZG","","1.35015389642182","1.24463471200129","1.08838601136843","1.50393967901161","1.91982581124735","2.89877853468337","3.15127936555442","4.36718824053682","4.95848844957479","5.26272847566874","5.06980750726423","4.32612666024035","5.4799234412211","8.99869300901824","9.26279066315271","5.50349191279594","6.21333271642577","7.03393065562001","8.29672198172402","9.03310538792248","9.46216408749201","6.17840414954172","3.91690878504356","3.60787931289983","3.16252525583639","2.01389253563396","2.47738846679574","3.52749985937888","3.92075948089523","3.74332909937958","3.3818113361103","2.27885434592147","2.37032483639894","2.13519841812374","2.09668848657614","1.83076455933455","1.72444795356148","1.12386562495534","1.41509811709537","2.26519517669861","2.25168991597403","1.55399465961345","1.9743147047601","2.68908760322005","3.13545455674655","3.08383673352866","2.70925848658695","1.92670969899538","0.61678071512577","1.21528668186946","2.06310947543149","1.8621649281277","1.70188036067233","1.74161805258845","0.928042794757729","0.950322479212474","1.79080328454668","2.29089027511688","1.67850787434747","1.3206183953191","4.584745358897","7.04102594330236","3.64499524971842",
"Uzbekistan","UZB","Inflation, GDP deflator (annual %)","NY.GDP.DEFL.KD.ZG","","","","","","","","","","","","","","","","","","","","","","","","","","","","","-1.30707973725613","1.38053329328937","3.9796893528447","90.7272799986183","712.149260299591","1078.88285465085","1238.59527057915","370.943953266935","81.5552546856372","66.0870678114849","38.9979555922978","44.1153632835812","47.2926152132159","45.2394762791821","45.4831275096349","26.7651832011081","15.918274272174","21.4308665644835","23.4658082867024","21.8970999284027","26.791584982816","17.2615651342413","48.5816899500968","21.6265099361492","15.3987947012446","11.9878914796858","14.024917626618","10.500699519893","8.93036849064981","19.0618147140611","26.9223953823195","17.8148511042514","11.4424248269352","13.5439011265331","14.9089936129118","12.2330767815639",
"St. Vincent and the Grenadines","VCT","Inflation, GDP deflator (annual %)","NY.GDP.DEFL.KD.ZG","","2.50228818973652","0.0537524430777268","0.685817344981743","3.84861528449501","1.47356632968472","6.56370656370657","11.7276936530401","3.31062448759471","5.45223054160124","0.0586218215119345","4.22366215702186","6.36318854962322","25.4343178546299","25.4476253225517","15.4691435741332","7.71460394626908","37.2534769096528","12.3039547432825","13.0259741062034","13.0535457865899","18.5131161848133","6.65911944836076","5.18744449435671","3.62027232533195","1.58546227410905","4.58356264544078","8.68422938646509","0.216495440517008","5.50083769490186","7.47199039979414","4.82665636462241","2.53540643197381","-1.19518312627417","2.37029691590674","1.31150699693903","3.56525876147333","1.35884176013687","3.2110019999291","1.81729585257806","7.76171479001309","6.119229850114","0.206885090368885","-2.17349074233006","3.74722621391517","2.90358439275809","3.7022730777342","7.32641206478715","2.25812236304104","-1.14390723784288","5.58059737402084","-0.318904485659587","1.09274185566588","2.24218127684152","-0.444631190605605","-0.73197382986011","-0.593519522361845","2.17154353020716","1.54854733183845","2.31247061564642","-0.866950860241658","-0.392447955296817","3.40404091410261","4.03314414454677",
"Venezuela, RB","VEN","Inflation, GDP deflator (annual %)","NY.GDP.DEFL.KD.ZG","","2.01373056169021","0.665054138461869","4.91982977988749","-0.366502858121819","2.16720883620462","2.64492682981698","2.4342268206811","1.06509902850213","1.77946177900697","4.3582631784284","8.23265759174249","6.26877681900044","11.2003944899521","50.1079687946294","2.26299814945881","6.1935443240511","8.44842727068664","6.08667532833445","21.9455792548795","28.0272395381624","12.6063759126403","4.28450348163129","3.6352565830138","42.5512565943692","10.4202108327662","-1.17682323994541","37.4445246543924","18.4976599733232","89.1631235890353","41.7406571272428","21.4496164274258","28.244062356827","31.6458241526824","62.8906845843899","51.7599018327265","115.524717933329","33.947459925683","18.8902867025716","26.1927100615555","29.4528251104893","7.99690405620458","33.0228760786371","34.9337557387369","33.9537243385346","29.6040593512976","17.9043155490636","15.4484777579669","30.1324528534352","7.83166636002666","45.9432686985893","28.1491909528854","14.0594300642861","35.5026746348335","40.4404901065548","","","","","","","","","",
"British Virgin Islands","VGB","Inflation, GDP deflator (annual %)","NY.GDP.DEFL.KD.ZG","","","","","","","","","","","","","","","","","","","","","","","","","","","","","","","","","","","","","","","","","","","","","","","","","","","","","","","","","","","","","","","","",
"Virgin Islands (U.S.)","VIR","Inflation, GDP deflator (annual %)","NY.GDP.DEFL.KD.ZG","","","","","","","","","","","","","","","","","","","","","","","","","","","","","","","","","","","","","","","","","","","","5.96846393096911","6.77327476185474","12.6907616563095","-2.16445000873266","2.57652689535308","-12.3556809610952","5.97567704391486","2.31766890279064","6.3929376734505","13.6632725550557","-2.45302713987473","-2.90516617398133","3.18757755421872","2.05180352239177","0.634642014315531","1.46739317860467","2.05338002448778","3.63656126273814","3.14344712341847","","",
"Viet Nam","VNM","Inflation, GDP deflator (annual %)","NY.GDP.DEFL.KD.ZG","","","","","","","","","","","","","","","","","","","","","","","","","","","398.073085600057","362.556321180275","411.040253311166","69.6887253529435","42.0950981322183","72.5463845950386","32.629184460634","17.4149746297907","16.9523160277603","17.0401954191342","8.69676711743546","6.59740478176147","8.83786412813899","5.73470282940465","3.40882766527606","2.62226478436138","4.69892816201967","7.10960246291481","8.43331213209085","18.8105195707697","8.56894797603766","9.63022561216118","22.6733161746106","6.21562315120568","42.3032672488557","21.4136792818177","9.07766069025038","4.03852363752276","3.69813796808818","-1.71651170749655","1.81953592779914","4.36292014766431","3.62664730027259","2.42322694229267","1.46747814810814","2.88076792900642","4.05124231712631","1.90623130184002",
"Vanuatu","VUT","Inflation, GDP deflator (annual %)","NY.GDP.DEFL.KD.ZG","","","","","","","","","","","","","","","","","","","","","13.9126652281184","15.6822200765438","8.09697231319497","2.79760388710886","12.1662231333461","-3.45015152058646","-2.97252719420267","16.4751823391513","9.79605539362043","6.44866188713229","-0.968104372346147","10.2678485424025","2.7861810511521","2.06265987213476","2.31030010629729","1.73193882229019","2.08519474360533","3.17702279255163","4.59392521380535","3.07863899898366","2.17897058141293","3.62490552941837","2.87442123407229","0.798742786184519","2.11687819436077","0.41954189687101","3.8727171595439","5.7769601471735","7.16457057488044","2.55471431211556","1.47170880333948","2.7869098819283","-0.464035692443744","3.00718624960781","1.3918106721694","5.86381979755184","1.57698407705098","5.36408692920448","3.20664527462094","3.27936283046665","2.78534184329737","0.699715546543558","11.2255171861908","11.3100213269124",
"World","WLD","Inflation, GDP deflator (annual %)","NY.GDP.DEFL.KD.ZG","","","2.32253045550574","3.0858748453327","3.34688047534105","3.00219095602619","3.73700226189102","2.89849435965009","3.31062448759471","4.10566063066081","4.72201383000848","5.46442517986677","6.38813885808232","11.6184268545936","16.7143554067789","10.656378273571","9.30693353406886","9.69308560738991","7.91491897796777","11.512237716234","13.0535457865899","10.0773395761492","8.11308950866379","7.72549325901899","7.92323284822739","5.52682014282651","5.09796961147002","7.10823309268465","6.51341535220848","7.14773882778444","7.98784957441168","8.67101474117165","7.34406692918725","8.08587553206087","9.8081576345724","8.66781823897942","6.6196380677948","4.64037084950077","4.72540874715084","4.33968760139913","5.42443432716622","3.84615384615385","3.6474762708812","3.93350333888964","5.6293282942252","5.78125184255491","5.51009528749724","5.84689231193522","7.84903037747773","2.33236151603498","4.36499973505229","5.4737367852274","3.59311084744351","2.2461223179242","1.94119897748668","2.26450727234607","1.93980774672983","2.89404191400374","2.7563126699351","2.39569466601004","1.88227520408287","4.64369866790126","7.33243424934894","5.13746742469083",
"Samoa","WSM","Inflation, GDP deflator (annual %)","NY.GDP.DEFL.KD.ZG","","","","","","","","","","","","4.40917377611345","7.6660141167303","11.8446607409858","25.2846786086589","8.37841157571751","4.54041939145471","15.1785720803312","-2.941176","14.292312739749","21.9999980383355","16.2219786719077","20.904188","17.8967657135287","15.8656401004948","1.5389822530985","-0.309706014589196","4.5174287763184","18.3739884358532","-2.79209420787217","9.00643950307933","6.11137370971481","8.56596841977273","0.654729967403767","68.2279527798493","-6.97546285989371","4.59005094492848","11.8364073965688","3.41364075045701","1.12623382889694","2.07489862101478","3.36684864796393","1.48135158713414","2.54749820051703","7.0727591038912","3.99513339074883","5.27411064845734","7.48868949405777","9.11982488742804","1.67772403527178","-5.14594346625773","-0.909859896408477","4.02647526320095","2.34629009874605","0.853113222017427","3.96466639608224","2.24475651909437","0.304905422515247","1.09758340635358","1.49948619479095","1.22360923994052","-0.401252917375643","5.63837728809762","8.83051928597354",
"Kosovo","XKX","Inflation, GDP deflator (annual %)","NY.GDP.DEFL.KD.ZG","","","","","","","","","","","","","","","","","","","","","","","","","","","","","","","","","","","","","","","","","","","","","","","","","","-2.83312999171889","6.39240138953099","6.30376606515529","3.52540286006931","0.353127123761723","1.60143890288818","0.607840658633862","0.779254169265613","0.440019143256507","1.49891925129965","0.962960139069509","1.38110717217515","6.11553993082821","7.19871121772341","5.00172039487603",
"Yemen, Rep.","YEM","Inflation, GDP deflator (annual %)","NY.GDP.DEFL.KD.ZG","","","","","","","","","","","","","","","","","","","","","","","","","","","","","","","","11.9935811151592","13.1717453439967","16.3759078637702","20.7843644356508","45.7433427627653","36.7700878974732","13.2904926919581","-8.34295175004308","33.4609053609904","23.3460519238341","2.74820045370649","8.71188048361509","10.8923428389302","14.1133199884498","18.5333535518157","13.588647275421","10.8882824348502","20.377746235765","-8.70527002029664","23.6162920182449","18.1136666696716","5.89315892251292","9.20895704915077","7.16332422002795","46.4762512255778","0.134410844260984","18.5535661652076","14.8536647661831","","","","","",
"South Africa","ZAF","Inflation, GDP deflator (annual %)","NY.GDP.DEFL.KD.ZG","","1.55245133157604","0.183994937544526","3.00393350819306","2.04864619056781","3.00249847404524","4.12004653533484","3.85498514945877","3.92194309999758","7.38669605401651","4.69053537939482","5.94440692526648","10.7214983484777","17.1272320140504","14.8176062024799","10.9448052413917","10.2919849515809","10.2564839551274","10.5206209730623","13.9617448705515","23.0461655206101","11.4064266045382","14.5536580308889","17.0691205854565","11.1505445547794","16.1443312605572","16.656865772349","14.8480301619174","15.4208324168045","17.0816612788057","15.4454404639221","15.6545219222237","14.7140252811412","13.3642582610797","9.81218708489008","10.8383194557783","8.02208799242219","8.13743291858027","8.07573837316775","6.88883410122743","9.18219141567356","7.80047496305909","12.537957905723","6.39576358713289","6.042171590455","5.59700978064043","6.06463701450308","8.24576476611674","7.85033172851331","8.6630418315964","6.12843243160444","5.53905643151262","4.68520638813985","5.84411140067347","5.36654618468381","5.54552812339873","6.9521719608848","5.47332197481477","3.99329508509443","4.61352469052481","5.25956789820643","6.50012837608445","4.75948416121869","4.52476355727447",
"Zambia","ZMB","Inflation, GDP deflator (annual %)","NY.GDP.DEFL.KD.ZG","","-3.6558317516409","2.09156229282105","0.403600057440983","4.08310518698201","10.5890550287602","23.6418516015495","0.262874459138416","15.9399054440875","22.9462097862278","-11.3944057438464","-7.49652375313784","3.71051097004526","19.8898473839698","10.8221496863328","-14.1698985843605","15.2045869825003","8.25401842691977","12.6814879060828","21.8890669832971","11.7629156496757","7.15861802485556","6.13860129264607","18.6293463518053","18.331231799032","41.1373505080315","81.9883566993867","62.0128982645801","34.4903044484454","80.8773347304922","106.388920043291","92.6545782085704","165.533953807921","143.658341657555","80.7421986460103","30.6111247595742","24.3492595595263","25.4025412591637","16.9068728138218","17.9238730663514","32.6138705117288","25.3312584622414","19.390923266941","17.6077236839923","19.7168232055938","16.6501990728872","14.5422526759543","12.9702107335817","10.6402448170694","5.55968566025587","13.9509131934519","11.1074133068604","6.99222722428104","9.73089122936896","5.44052456062747","6.65929211357343","13.5761011681416","10.0728370867333","7.41157094843257","7.63347048076743","13.9138706218412","25.1427776104844","6.10159471339777","8.88508255669976",
"Zimbabwe","ZWE","Inflation, GDP deflator (annual %)","NY.GDP.DEFL.KD.ZG","","-2.04129982380842","0.469617818890271","-2.34773995770331","6.14401173198465","2.7041432957009","-3.72996652941534","0.576561685959092","3.86620675976441","5.08033311302232","-12.0531442360975","6.16325390450838","13.4535695060271","20.450655938979","12.8537552682615","11.9337531308032","-1.66790849105959","8.50999910142021","2.48122572437578","15.1807299323366","12.7409349278169","6.59908115225014","3.85876198187043","-10.5015046805199","-16.5947477284717","-17.0166590234829","8.02588309877632","7.18936131386035","7.78511669251323","0.792932869746622","-0.920431045366584","-6.77730004315828","-14.1296583416493","-3.79112219212563","-3.89567256193503","3.03853825553458","8.98438332840628","-2.87904813795578","-27.0486492703599","8.00681329656179","0.627900021035586","-0.130890211660429","2.71295029474732","8.80127560706312","7.61152431608578","5.13660110663395","-2.0176787072881","0.894886823303793","1.34922252949015","95.4086596679546","2.57553601961588","2.17176103182936","4.85594551850788","8.09114024983452","0.624974485152464","0.367419652771034","2.01409473434026","3.0569050621757","200.769577579654","225.394648207397","604.945864228018","113.294980646573","264.580607816413","860.498796936762",
