"Fiscal_Year","Country","HE.Provider","Level.Of.Study","Mode.Of..Study","Academic.Year","Visa.Code","Visa.Fee....","Visa.NHS.Charge....","Visa.After.Graduation","Visa.Work.Requirements.After.Graduation","Salary.Requirements","Dependents.Allowed","Visa.Fee..Dependents","Visa.NHS.Charge.Depen","HE.Provider.Term.1","HE.Provider.Term.2","Enrollment","FX_Rate"
"2014","China","Abertay University","All postgraduate","Full-time","2014/2015","Tier 4 (General)","310","150","Not Applicable","None","None","Yes","310","150","September","January",60,10.15
"2014","China","Edinburgh Napier University","All postgraduate","Full-time","2014/2015","Tier 4 (General)","310","150","Not Applicable","None","None","Yes","310","150","September","January",4500,10.15
"2014","China","Glasgow Caledonian University","All postgraduate","Full-time","2014/2015","Tier 4 (General)","310","150","Not Applicable","None","None","Yes","310","150","September","January",2400,10.15
"2014","China","Glasgow School of Art","All postgraduate","Full-time","2014/2015","Tier 4 (General)","310","150","Not Applicable","None","None","Yes","310","150","September","January",720,10.15
"2014","China","Heriot-Watt University","All postgraduate","Full-time","2014/2015","Tier 4 (General)","310","150","Not Applicable","None","None","Yes","310","150","September","January",6780,10.15
"2014","China","Queen Margaret University, Edinburgh","All postgraduate","Full-time","2014/2015","Tier 4 (General)","310","150","Not Applicable","None","None","Yes","310","150","September","January",60,10.15
"2014","China","Robert Gordon University","All postgraduate","Full-time","2014/2015","Tier 4 (General)","310","150","Not Applicable","None","None","Yes","310","150","September","January",1320,10.15
"2014","China","Royal Conservatoire of Scotland","All postgraduate","Full-time","2014/2015","Tier 4 (General)","310","150","Not Applicable","None","None","Yes","310","150","September","January",300,10.15
"2014","China","SRUC","All postgraduate","Full-time","2014/2015","Tier 4 (General)","310","150","Not Applicable","None","None","Yes","310","150","September","January",0,10.15
"2014","China","The University of Aberdeen","All postgraduate","Full-time","2014/2015","Tier 4 (General)","310","150","Not Applicable","None","None","Yes","310","150","September","January",1740,10.15
"2014","China","The University of Dundee","All postgraduate","Full-time","2014/2015","Tier 4 (General)","310","150","Not Applicable","None","None","Yes","310","150","September","January",3180,10.15
"2014","China","The University of Edinburgh","All postgraduate","Full-time","2014/2015","Tier 4 (General)","310","150","Not Applicable","None","None","Yes","310","150","September","January",20700,10.15
"2014","China","The University of Glasgow","All postgraduate","Full-time","2014/2015","Tier 4 (General)","310","150","Not Applicable","None","None","Yes","310","150","September","January",21360,10.15
"2014","China","The University of St. Andrews","All postgraduate","Full-time","2014/2015","Tier 4 (General)","310","150","Not Applicable","None","None","Yes","310","150","September","January",4980,10.15
"2014","China","The University of Stirling","All postgraduate","Full-time","2014/2015","Tier 4 (General)","310","150","Not Applicable","None","None","Yes","310","150","September","January",8580,10.15
"2014","China","The University of Strathclyde","All postgraduate","Full-time","2014/2015","Tier 4 (General)","310","150","Not Applicable","None","None","Yes","310","150","September","January",6360,10.15
"2014","China","The University of the West of Scotland","All postgraduate","Full-time","2014/2015","Tier 4 (General)","310","150","Not Applicable","None","None","Yes","310","150","September","January",1380,10.15
"2014","China","University of the Highlands and Islands","All postgraduate","Full-time","2014/2015","Tier 4 (General)","310","150","Not Applicable","None","None","Yes","310","150","September","January",0,10.15
"2014","Gambia","Abertay University","All postgraduate","Full-time","2014/2015","Tier 4 (General)","310","150","Not Applicable","None","None","Yes","310","150","September","January",0,65.97
"2014","Gambia","Edinburgh Napier University","All postgraduate","Full-time","2014/2015","Tier 4 (General)","310","150","Not Applicable","None","None","Yes","310","150","September","January",0,65.97
"2014","Gambia","Glasgow Caledonian University","All postgraduate","Full-time","2014/2015","Tier 4 (General)","310","150","Not Applicable","None","None","Yes","310","150","September","January",0,65.97
"2014","Gambia","Glasgow School of Art","All postgraduate","Full-time","2014/2015","Tier 4 (General)","310","150","Not Applicable","None","None","Yes","310","150","September","January",0,65.97
"2014","Gambia","Heriot-Watt University","All postgraduate","Full-time","2014/2015","Tier 4 (General)","310","150","Not Applicable","None","None","Yes","310","150","September","January",0,65.97
"2014","Gambia","Queen Margaret University, Edinburgh","All postgraduate","Full-time","2014/2015","Tier 4 (General)","310","150","Not Applicable","None","None","Yes","310","150","September","January",0,65.97
"2014","Gambia","Robert Gordon University","All postgraduate","Full-time","2014/2015","Tier 4 (General)","310","150","Not Applicable","None","None","Yes","310","150","September","January",0,65.97
"2014","Gambia","Royal Conservatoire of Scotland","All postgraduate","Full-time","2014/2015","Tier 4 (General)","310","150","Not Applicable","None","None","Yes","310","150","September","January",0,65.97
"2014","Gambia","SRUC","All postgraduate","Full-time","2014/2015","Tier 4 (General)","310","150","Not Applicable","None","None","Yes","310","150","September","January",0,65.97
"2014","Gambia","The University of Aberdeen","All postgraduate","Full-time","2014/2015","Tier 4 (General)","310","150","Not Applicable","None","None","Yes","310","150","September","January",0,65.97
"2014","Gambia","The University of Dundee","All postgraduate","Full-time","2014/2015","Tier 4 (General)","310","150","Not Applicable","None","None","Yes","310","150","September","January",0,65.97
"2014","Gambia","The University of Edinburgh","All postgraduate","Full-time","2014/2015","Tier 4 (General)","310","150","Not Applicable","None","None","Yes","310","150","September","January",0,65.97
"2014","Gambia","The University of Glasgow","All postgraduate","Full-time","2014/2015","Tier 4 (General)","310","150","Not Applicable","None","None","Yes","310","150","September","January",0,65.97
"2014","Gambia","The University of St. Andrews","All postgraduate","Full-time","2014/2015","Tier 4 (General)","310","150","Not Applicable","None","None","Yes","310","150","September","January",0,65.97
"2014","Gambia","The University of Stirling","All postgraduate","Full-time","2014/2015","Tier 4 (General)","310","150","Not Applicable","None","None","Yes","310","150","September","January",0,65.97
"2014","Gambia","The University of Strathclyde","All postgraduate","Full-time","2014/2015","Tier 4 (General)","310","150","Not Applicable","None","None","Yes","310","150","September","January",0,65.97
"2014","Gambia","The University of the West of Scotland","All postgraduate","Full-time","2014/2015","Tier 4 (General)","310","150","Not Applicable","None","None","Yes","310","150","September","January",0,65.97
"2014","Gambia","University of the Highlands and Islands","All postgraduate","Full-time","2014/2015","Tier 4 (General)","310","150","Not Applicable","None","None","Yes","310","150","September","January",0,65.97
"2014","Ghana","Abertay University","All postgraduate","Full-time","2014/2015","Tier 4 (General)","310","150","Not Applicable","None","None","Yes","310","150","September","January",0,4.99
"2014","Ghana","Edinburgh Napier University","All postgraduate","Full-time","2014/2015","Tier 4 (General)","310","150","Not Applicable","None","None","Yes","310","150","September","January",120,4.99
"2014","Ghana","Glasgow Caledonian University","All postgraduate","Full-time","2014/2015","Tier 4 (General)","310","150","Not Applicable","None","None","Yes","310","150","September","January",120,4.99
"2014","Ghana","Glasgow School of Art","All postgraduate","Full-time","2014/2015","Tier 4 (General)","310","150","Not Applicable","None","None","Yes","310","150","September","January",0,4.99
"2014","Ghana","Heriot-Watt University","All postgraduate","Full-time","2014/2015","Tier 4 (General)","310","150","Not Applicable","None","None","Yes","310","150","September","January",240,4.99
"2014","Ghana","Queen Margaret University, Edinburgh","All postgraduate","Full-time","2014/2015","Tier 4 (General)","310","150","Not Applicable","None","None","Yes","310","150","September","January",0,4.99
"2014","Ghana","Robert Gordon University","All postgraduate","Full-time","2014/2015","Tier 4 (General)","310","150","Not Applicable","None","None","Yes","310","150","September","January",720,4.99
"2014","Ghana","Royal Conservatoire of Scotland","All postgraduate","Full-time","2014/2015","Tier 4 (General)","310","150","Not Applicable","None","None","Yes","310","150","September","January",0,4.99
"2014","Ghana","SRUC","All postgraduate","Full-time","2014/2015","Tier 4 (General)","310","150","Not Applicable","None","None","Yes","310","150","September","January",0,4.99
"2014","Ghana","The University of Aberdeen","All postgraduate","Full-time","2014/2015","Tier 4 (General)","310","150","Not Applicable","None","None","Yes","310","150","September","January",240,4.99
"2014","Ghana","The University of Dundee","All postgraduate","Full-time","2014/2015","Tier 4 (General)","310","150","Not Applicable","None","None","Yes","310","150","September","January",300,4.99
"2014","Ghana","The University of Edinburgh","All postgraduate","Full-time","2014/2015","Tier 4 (General)","310","150","Not Applicable","None","None","Yes","310","150","September","January",120,4.99
"2014","Ghana","The University of Glasgow","All postgraduate","Full-time","2014/2015","Tier 4 (General)","310","150","Not Applicable","None","None","Yes","310","150","September","January",60,4.99
"2014","Ghana","The University of St. Andrews","All postgraduate","Full-time","2014/2015","Tier 4 (General)","310","150","Not Applicable","None","None","Yes","310","150","September","January",0,4.99
"2014","Ghana","The University of Stirling","All postgraduate","Full-time","2014/2015","Tier 4 (General)","310","150","Not Applicable","None","None","Yes","310","150","September","January",120,4.99
"2014","Ghana","The University of Strathclyde","All postgraduate","Full-time","2014/2015","Tier 4 (General)","310","150","Not Applicable","None","None","Yes","310","150","September","January",120,4.99
"2014","Ghana","The University of the West of Scotland","All postgraduate","Full-time","2014/2015","Tier 4 (General)","310","150","Not Applicable","None","None","Yes","310","150","September","January",0,4.99
"2014","Ghana","University of the Highlands and Islands","All postgraduate","Full-time","2014/2015","Tier 4 (General)","310","150","Not Applicable","None","None","Yes","310","150","September","January",0,4.99
"2014","India","Abertay University","All postgraduate","Full-time","2014/2015","Tier 4 (General)","310","150","Not Applicable","None","None","Yes","310","150","September","January",60,100.56
"2014","India","Edinburgh Napier University","All postgraduate","Full-time","2014/2015","Tier 4 (General)","310","150","Not Applicable","None","None","Yes","310","150","September","January",1260,100.56
"2014","India","Glasgow Caledonian University","All postgraduate","Full-time","2014/2015","Tier 4 (General)","310","150","Not Applicable","None","None","Yes","310","150","September","January",1140,100.56
"2014","India","Glasgow School of Art","All postgraduate","Full-time","2014/2015","Tier 4 (General)","310","150","Not Applicable","None","None","Yes","310","150","September","January",240,100.56
"2014","India","Heriot-Watt University","All postgraduate","Full-time","2014/2015","Tier 4 (General)","310","150","Not Applicable","None","None","Yes","310","150","September","January",1080,100.56
"2014","India","Queen Margaret University, Edinburgh","All postgraduate","Full-time","2014/2015","Tier 4 (General)","310","150","Not Applicable","None","None","Yes","310","150","September","January",120,100.56
"2014","India","Robert Gordon University","All postgraduate","Full-time","2014/2015","Tier 4 (General)","310","150","Not Applicable","None","None","Yes","310","150","September","January",1320,100.56
"2014","India","Royal Conservatoire of Scotland","All postgraduate","Full-time","2014/2015","Tier 4 (General)","310","150","Not Applicable","None","None","Yes","310","150","September","January",60,100.56
"2014","India","SRUC","All postgraduate","Full-time","2014/2015","Tier 4 (General)","310","150","Not Applicable","None","None","Yes","310","150","September","January",0,100.56
"2014","India","The University of Aberdeen","All postgraduate","Full-time","2014/2015","Tier 4 (General)","310","150","Not Applicable","None","None","Yes","310","150","September","January",780,100.56
"2014","India","The University of Dundee","All postgraduate","Full-time","2014/2015","Tier 4 (General)","310","150","Not Applicable","None","None","Yes","310","150","September","January",660,100.56
"2014","India","The University of Edinburgh","All postgraduate","Full-time","2014/2015","Tier 4 (General)","310","150","Not Applicable","None","None","Yes","310","150","September","January",2700,100.56
"2014","India","The University of Glasgow","All postgraduate","Full-time","2014/2015","Tier 4 (General)","310","150","Not Applicable","None","None","Yes","310","150","September","January",1500,100.56
"2014","India","The University of St. Andrews","All postgraduate","Full-time","2014/2015","Tier 4 (General)","310","150","Not Applicable","None","None","Yes","310","150","September","January",1380,100.56
"2014","India","The University of Stirling","All postgraduate","Full-time","2014/2015","Tier 4 (General)","310","150","Not Applicable","None","None","Yes","310","150","September","January",180,100.56
"2014","India","The University of Strathclyde","All postgraduate","Full-time","2014/2015","Tier 4 (General)","310","150","Not Applicable","None","None","Yes","310","150","September","January",1980,100.56
"2014","India","The University of the West of Scotland","All postgraduate","Full-time","2014/2015","Tier 4 (General)","310","150","Not Applicable","None","None","Yes","310","150","September","January",300,100.56
"2014","India","University of the Highlands and Islands","All postgraduate","Full-time","2014/2015","Tier 4 (General)","310","150","Not Applicable","None","None","Yes","310","150","September","January",540,100.56
"2014","Japan","Abertay University","All postgraduate","Full-time","2014/2015","Tier 4 (General)","310","150","Not Applicable","None","None","Yes","310","150","September","January",0,175.15
"2014","Japan","Edinburgh Napier University","All postgraduate","Full-time","2014/2015","Tier 4 (General)","310","150","Not Applicable","None","None","Yes","310","150","September","January",0,175.15
"2014","Japan","Glasgow Caledonian University","All postgraduate","Full-time","2014/2015","Tier 4 (General)","310","150","Not Applicable","None","None","Yes","310","150","September","January",60,175.15
"2014","Japan","Glasgow School of Art","All postgraduate","Full-time","2014/2015","Tier 4 (General)","310","150","Not Applicable","None","None","Yes","310","150","September","January",120,175.15
"2014","Japan","Heriot-Watt University","All postgraduate","Full-time","2014/2015","Tier 4 (General)","310","150","Not Applicable","None","None","Yes","310","150","September","January",0,175.15
"2014","Japan","Queen Margaret University, Edinburgh","All postgraduate","Full-time","2014/2015","Tier 4 (General)","310","150","Not Applicable","None","None","Yes","310","150","September","January",0,175.15
"2014","Japan","Robert Gordon University","All postgraduate","Full-time","2014/2015","Tier 4 (General)","310","150","Not Applicable","None","None","Yes","310","150","September","January",0,175.15
"2014","Japan","Royal Conservatoire of Scotland","All postgraduate","Full-time","2014/2015","Tier 4 (General)","310","150","Not Applicable","None","None","Yes","310","150","September","January",0,175.15
"2014","Japan","SRUC","All postgraduate","Full-time","2014/2015","Tier 4 (General)","310","150","Not Applicable","None","None","Yes","310","150","September","January",0,175.15
"2014","Japan","The University of Aberdeen","All postgraduate","Full-time","2014/2015","Tier 4 (General)","310","150","Not Applicable","None","None","Yes","310","150","September","January",120,175.15
"2014","Japan","The University of Dundee","All postgraduate","Full-time","2014/2015","Tier 4 (General)","310","150","Not Applicable","None","None","Yes","310","150","September","January",120,175.15
"2014","Japan","The University of Edinburgh","All postgraduate","Full-time","2014/2015","Tier 4 (General)","310","150","Not Applicable","None","None","Yes","310","150","September","January",1020,175.15
"2014","Japan","The University of Glasgow","All postgraduate","Full-time","2014/2015","Tier 4 (General)","310","150","Not Applicable","None","None","Yes","310","150","September","January",480,175.15
"2014","Japan","The University of St. Andrews","All postgraduate","Full-time","2014/2015","Tier 4 (General)","310","150","Not Applicable","None","None","Yes","310","150","September","January",360,175.15
"2014","Japan","The University of Stirling","All postgraduate","Full-time","2014/2015","Tier 4 (General)","310","150","Not Applicable","None","None","Yes","310","150","September","January",180,175.15
"2014","Japan","The University of Strathclyde","All postgraduate","Full-time","2014/2015","Tier 4 (General)","310","150","Not Applicable","None","None","Yes","310","150","September","January",0,175.15
"2014","Japan","The University of the West of Scotland","All postgraduate","Full-time","2014/2015","Tier 4 (General)","310","150","Not Applicable","None","None","Yes","310","150","September","January",0,175.15
"2014","Japan","University of the Highlands and Islands","All postgraduate","Full-time","2014/2015","Tier 4 (General)","310","150","Not Applicable","None","None","Yes","310","150","September","January",0,175.15
"2014","Kenya","Abertay University","All postgraduate","Full-time","2014/2015","Tier 4 (General)","310","150","Not Applicable","None","None","Yes","310","150","September","January",60,144.77
"2014","Kenya","Edinburgh Napier University","All postgraduate","Full-time","2014/2015","Tier 4 (General)","310","150","Not Applicable","None","None","Yes","310","150","September","January",60,144.77
"2014","Kenya","Glasgow Caledonian University","All postgraduate","Full-time","2014/2015","Tier 4 (General)","310","150","Not Applicable","None","None","Yes","310","150","September","January",60,144.77
"2014","Kenya","Glasgow School of Art","All postgraduate","Full-time","2014/2015","Tier 4 (General)","310","150","Not Applicable","None","None","Yes","310","150","September","January",0,144.77
"2014","Kenya","Heriot-Watt University","All postgraduate","Full-time","2014/2015","Tier 4 (General)","310","150","Not Applicable","None","None","Yes","310","150","September","January",60,144.77
"2014","Kenya","Queen Margaret University, Edinburgh","All postgraduate","Full-time","2014/2015","Tier 4 (General)","310","150","Not Applicable","None","None","Yes","310","150","September","January",60,144.77
"2014","Kenya","Robert Gordon University","All postgraduate","Full-time","2014/2015","Tier 4 (General)","310","150","Not Applicable","None","None","Yes","310","150","September","January",120,144.77
"2014","Kenya","Royal Conservatoire of Scotland","All postgraduate","Full-time","2014/2015","Tier 4 (General)","310","150","Not Applicable","None","None","Yes","310","150","September","January",0,144.77
"2014","Kenya","SRUC","All postgraduate","Full-time","2014/2015","Tier 4 (General)","310","150","Not Applicable","None","None","Yes","310","150","September","January",0,144.77
"2014","Kenya","The University of Aberdeen","All postgraduate","Full-time","2014/2015","Tier 4 (General)","310","150","Not Applicable","None","None","Yes","310","150","September","January",240,144.77
"2014","Kenya","The University of Dundee","All postgraduate","Full-time","2014/2015","Tier 4 (General)","310","150","Not Applicable","None","None","Yes","310","150","September","January",180,144.77
"2014","Kenya","The University of Edinburgh","All postgraduate","Full-time","2014/2015","Tier 4 (General)","310","150","Not Applicable","None","None","Yes","310","150","September","January",120,144.77
"2014","Kenya","The University of Glasgow","All postgraduate","Full-time","2014/2015","Tier 4 (General)","310","150","Not Applicable","None","None","Yes","310","150","September","January",120,144.77
"2014","Kenya","The University of St. Andrews","All postgraduate","Full-time","2014/2015","Tier 4 (General)","310","150","Not Applicable","None","None","Yes","310","150","September","January",0,144.77
"2014","Kenya","The University of Stirling","All postgraduate","Full-time","2014/2015","Tier 4 (General)","310","150","Not Applicable","None","None","Yes","310","150","September","January",0,144.77
"2014","Kenya","The University of Strathclyde","All postgraduate","Full-time","2014/2015","Tier 4 (General)","310","150","Not Applicable","None","None","Yes","310","150","September","January",0,144.77
"2014","Kenya","The University of the West of Scotland","All postgraduate","Full-time","2014/2015","Tier 4 (General)","310","150","Not Applicable","None","None","Yes","310","150","September","January",0,144.77
"2014","Kenya","University of the Highlands and Islands","All postgraduate","Full-time","2014/2015","Tier 4 (General)","310","150","Not Applicable","None","None","Yes","310","150","September","January",0,144.77
"2014","Kuwait","Abertay University","All postgraduate","Full-time","2014/2015","Tier 4 (General)","310","150","Not Applicable","None","None","Yes","310","150","September","January",0,0.47
"2014","Kuwait","Edinburgh Napier University","All postgraduate","Full-time","2014/2015","Tier 4 (General)","310","150","Not Applicable","None","None","Yes","310","150","September","January",0,0.47
"2014","Kuwait","Glasgow Caledonian University","All postgraduate","Full-time","2014/2015","Tier 4 (General)","310","150","Not Applicable","None","None","Yes","310","150","September","January",30,0.47
"2014","Kuwait","Glasgow School of Art","All postgraduate","Full-time","2014/2015","Tier 4 (General)","310","150","Not Applicable","None","None","Yes","310","150","September","January",0,0.47
"2014","Kuwait","Heriot-Watt University","All postgraduate","Full-time","2014/2015","Tier 4 (General)","310","150","Not Applicable","None","None","Yes","310","150","September","January",15,0.47
"2014","Kuwait","Queen Margaret University, Edinburgh","All postgraduate","Full-time","2014/2015","Tier 4 (General)","310","150","Not Applicable","None","None","Yes","310","150","September","January",0,0.47
"2014","Kuwait","Robert Gordon University","All postgraduate","Full-time","2014/2015","Tier 4 (General)","310","150","Not Applicable","None","None","Yes","310","150","September","January",0,0.47
"2014","Kuwait","Royal Conservatoire of Scotland","All postgraduate","Full-time","2014/2015","Tier 4 (General)","310","150","Not Applicable","None","None","Yes","310","150","September","January",0,0.47
"2014","Kuwait","SRUC","All postgraduate","Full-time","2014/2015","Tier 4 (General)","310","150","Not Applicable","None","None","Yes","310","150","September","January",0,0.47
"2014","Kuwait","The University of Aberdeen","All postgraduate","Full-time","2014/2015","Tier 4 (General)","310","150","Not Applicable","None","None","Yes","310","150","September","January",30,0.47
"2014","Kuwait","The University of Dundee","All postgraduate","Full-time","2014/2015","Tier 4 (General)","310","150","Not Applicable","None","None","Yes","310","150","September","January",15,0.47
"2014","Kuwait","The University of Edinburgh","All postgraduate","Full-time","2014/2015","Tier 4 (General)","310","150","Not Applicable","None","None","Yes","310","150","September","January",15,0.47
"2014","Kuwait","The University of Glasgow","All postgraduate","Full-time","2014/2015","Tier 4 (General)","310","150","Not Applicable","None","None","Yes","310","150","September","January",45,0.47
"2014","Kuwait","The University of St. Andrews","All postgraduate","Full-time","2014/2015","Tier 4 (General)","310","150","Not Applicable","None","None","Yes","310","150","September","January",0,0.47
"2014","Kuwait","The University of Stirling","All postgraduate","Full-time","2014/2015","Tier 4 (General)","310","150","Not Applicable","None","None","Yes","310","150","September","January",15,0.47
"2014","Kuwait","The University of Strathclyde","All postgraduate","Full-time","2014/2015","Tier 4 (General)","310","150","Not Applicable","None","None","Yes","310","150","September","January",30,0.47
"2014","Kuwait","The University of the West of Scotland","All postgraduate","Full-time","2014/2015","Tier 4 (General)","310","150","Not Applicable","None","None","Yes","310","150","September","January",0,0.47
"2014","Kuwait","University of the Highlands and Islands","All postgraduate","Full-time","2014/2015","Tier 4 (General)","310","150","Not Applicable","None","None","Yes","310","150","September","January",0,0.47
"2014","Libya","Abertay University","All postgraduate","Full-time","2014/2015","Tier 4 (General)","310","150","Not Applicable","None","None","Yes","310","150","September","January",0,1.99
"2014","Libya","Edinburgh Napier University","All postgraduate","Full-time","2014/2015","Tier 4 (General)","310","150","Not Applicable","None","None","Yes","310","150","September","January",90,1.99
"2014","Libya","Glasgow Caledonian University","All postgraduate","Full-time","2014/2015","Tier 4 (General)","310","150","Not Applicable","None","None","Yes","310","150","September","January",225,1.99
"2014","Libya","Glasgow School of Art","All postgraduate","Full-time","2014/2015","Tier 4 (General)","310","150","Not Applicable","None","None","Yes","310","150","September","January",0,1.99
"2014","Libya","Heriot-Watt University","All postgraduate","Full-time","2014/2015","Tier 4 (General)","310","150","Not Applicable","None","None","Yes","310","150","September","January",180,1.99
"2014","Libya","Queen Margaret University, Edinburgh","All postgraduate","Full-time","2014/2015","Tier 4 (General)","310","150","Not Applicable","None","None","Yes","310","150","September","January",0,1.99
"2014","Libya","Robert Gordon University","All postgraduate","Full-time","2014/2015","Tier 4 (General)","310","150","Not Applicable","None","None","Yes","310","150","September","January",45,1.99
"2014","Libya","Royal Conservatoire of Scotland","All postgraduate","Full-time","2014/2015","Tier 4 (General)","310","150","Not Applicable","None","None","Yes","310","150","September","January",0,1.99
"2014","Libya","SRUC","All postgraduate","Full-time","2014/2015","Tier 4 (General)","310","150","Not Applicable","None","None","Yes","310","150","September","January",0,1.99
"2014","Libya","The University of Aberdeen","All postgraduate","Full-time","2014/2015","Tier 4 (General)","310","150","Not Applicable","None","None","Yes","310","150","September","January",90,1.99
"2014","Libya","The University of Dundee","All postgraduate","Full-time","2014/2015","Tier 4 (General)","310","150","Not Applicable","None","None","Yes","310","150","September","January",135,1.99
"2014","Libya","The University of Edinburgh","All postgraduate","Full-time","2014/2015","Tier 4 (General)","310","150","Not Applicable","None","None","Yes","310","150","September","January",0,1.99
"2014","Libya","The University of Glasgow","All postgraduate","Full-time","2014/2015","Tier 4 (General)","310","150","Not Applicable","None","None","Yes","310","150","September","January",270,1.99
"2014","Libya","The University of St. Andrews","All postgraduate","Full-time","2014/2015","Tier 4 (General)","310","150","Not Applicable","None","None","Yes","310","150","September","January",0,1.99
"2014","Libya","The University of Stirling","All postgraduate","Full-time","2014/2015","Tier 4 (General)","310","150","Not Applicable","None","None","Yes","310","150","September","January",45,1.99
"2014","Libya","The University of Strathclyde","All postgraduate","Full-time","2014/2015","Tier 4 (General)","310","150","Not Applicable","None","None","Yes","310","150","September","January",225,1.99
"2014","Libya","The University of the West of Scotland","All postgraduate","Full-time","2014/2015","Tier 4 (General)","310","150","Not Applicable","None","None","Yes","310","150","September","January",45,1.99
"2014","Libya","University of the Highlands and Islands","All postgraduate","Full-time","2014/2015","Tier 4 (General)","310","150","Not Applicable","None","None","Yes","310","150","September","January",0,1.99
"2014","Nigeria","Abertay University","All postgraduate","Full-time","2014/2015","Tier 4 (General)","310","150","Not Applicable","None","None","Yes","310","150","September","January",300,273.05
"2014","Nigeria","Edinburgh Napier University","All postgraduate","Full-time","2014/2015","Tier 4 (General)","310","150","Not Applicable","None","None","Yes","310","150","September","January",720,273.05
"2014","Nigeria","Glasgow Caledonian University","All postgraduate","Full-time","2014/2015","Tier 4 (General)","310","150","Not Applicable","None","None","Yes","310","150","September","January",1920,273.05
"2014","Nigeria","Glasgow School of Art","All postgraduate","Full-time","2014/2015","Tier 4 (General)","310","150","Not Applicable","None","None","Yes","310","150","September","January",0,273.05
"2014","Nigeria","Heriot-Watt University","All postgraduate","Full-time","2014/2015","Tier 4 (General)","310","150","Not Applicable","None","None","Yes","310","150","September","January",900,273.05
"2014","Nigeria","Queen Margaret University, Edinburgh","All postgraduate","Full-time","2014/2015","Tier 4 (General)","310","150","Not Applicable","None","None","Yes","310","150","September","January",120,273.05
"2014","Nigeria","Robert Gordon University","All postgraduate","Full-time","2014/2015","Tier 4 (General)","310","150","Not Applicable","None","None","Yes","310","150","September","January",4980,273.05
"2014","Nigeria","Royal Conservatoire of Scotland","All postgraduate","Full-time","2014/2015","Tier 4 (General)","310","150","Not Applicable","None","None","Yes","310","150","September","January",0,273.05
"2014","Nigeria","SRUC","All postgraduate","Full-time","2014/2015","Tier 4 (General)","310","150","Not Applicable","None","None","Yes","310","150","September","January",0,273.05
"2014","Nigeria","The University of Aberdeen","All postgraduate","Full-time","2014/2015","Tier 4 (General)","310","150","Not Applicable","None","None","Yes","310","150","September","January",2220,273.05
"2014","Nigeria","The University of Dundee","All postgraduate","Full-time","2014/2015","Tier 4 (General)","310","150","Not Applicable","None","None","Yes","310","150","September","January",1260,273.05
"2014","Nigeria","The University of Edinburgh","All postgraduate","Full-time","2014/2015","Tier 4 (General)","310","150","Not Applicable","None","None","Yes","310","150","September","January",660,273.05
"2014","Nigeria","The University of Glasgow","All postgraduate","Full-time","2014/2015","Tier 4 (General)","310","150","Not Applicable","None","None","Yes","310","150","September","January",840,273.05
"2014","Nigeria","The University of St. Andrews","All postgraduate","Full-time","2014/2015","Tier 4 (General)","310","150","Not Applicable","None","None","Yes","310","150","September","January",120,273.05
"2014","Nigeria","The University of Stirling","All postgraduate","Full-time","2014/2015","Tier 4 (General)","310","150","Not Applicable","None","None","Yes","310","150","September","January",240,273.05
"2014","Nigeria","The University of Strathclyde","All postgraduate","Full-time","2014/2015","Tier 4 (General)","310","150","Not Applicable","None","None","Yes","310","150","September","January",1200,273.05
"2014","Nigeria","The University of the West of Scotland","All postgraduate","Full-time","2014/2015","Tier 4 (General)","310","150","Not Applicable","None","None","Yes","310","150","September","January",480,273.05
"2014","Nigeria","University of the Highlands and Islands","All postgraduate","Full-time","2014/2015","Tier 4 (General)","310","150","Not Applicable","None","None","Yes","310","150","September","January",0,273.05
"2014","Oman","Abertay University","All postgraduate","Full-time","2014/2015","Tier 4 (General)","310","150","Not Applicable","None","None","Yes","310","150","September","January",0,0.63
"2014","Oman","Edinburgh Napier University","All postgraduate","Full-time","2014/2015","Tier 4 (General)","310","150","Not Applicable","None","None","Yes","310","150","September","January",30,0.63
"2014","Oman","Glasgow Caledonian University","All postgraduate","Full-time","2014/2015","Tier 4 (General)","310","150","Not Applicable","None","None","Yes","310","150","September","January",60,0.63
"2014","Oman","Glasgow School of Art","All postgraduate","Full-time","2014/2015","Tier 4 (General)","310","150","Not Applicable","None","None","Yes","310","150","September","January",0,0.63
"2014","Oman","Heriot-Watt University","All postgraduate","Full-time","2014/2015","Tier 4 (General)","310","150","Not Applicable","None","None","Yes","310","150","September","January",90,0.63
"2014","Oman","Queen Margaret University, Edinburgh","All postgraduate","Full-time","2014/2015","Tier 4 (General)","310","150","Not Applicable","None","None","Yes","310","150","September","January",60,0.63
"2014","Oman","Robert Gordon University","All postgraduate","Full-time","2014/2015","Tier 4 (General)","310","150","Not Applicable","None","None","Yes","310","150","September","January",60,0.63
"2014","Oman","Royal Conservatoire of Scotland","All postgraduate","Full-time","2014/2015","Tier 4 (General)","310","150","Not Applicable","None","None","Yes","310","150","September","January",0,0.63
"2014","Oman","SRUC","All postgraduate","Full-time","2014/2015","Tier 4 (General)","310","150","Not Applicable","None","None","Yes","310","150","September","January",0,0.63
"2014","Oman","The University of Aberdeen","All postgraduate","Full-time","2014/2015","Tier 4 (General)","310","150","Not Applicable","None","None","Yes","310","150","September","January",0,0.63
"2014","Oman","The University of Dundee","All postgraduate","Full-time","2014/2015","Tier 4 (General)","310","150","Not Applicable","None","None","Yes","310","150","September","January",30,0.63
"2014","Oman","The University of Edinburgh","All postgraduate","Full-time","2014/2015","Tier 4 (General)","310","150","Not Applicable","None","None","Yes","310","150","September","January",30,0.63
"2014","Oman","The University of Glasgow","All postgraduate","Full-time","2014/2015","Tier 4 (General)","310","150","Not Applicable","None","None","Yes","310","150","September","January",180,0.63
"2014","Oman","The University of St. Andrews","All postgraduate","Full-time","2014/2015","Tier 4 (General)","310","150","Not Applicable","None","None","Yes","310","150","September","January",0,0.63
"2014","Oman","The University of Stirling","All postgraduate","Full-time","2014/2015","Tier 4 (General)","310","150","Not Applicable","None","None","Yes","310","150","September","January",90,0.63
"2014","Oman","The University of Strathclyde","All postgraduate","Full-time","2014/2015","Tier 4 (General)","310","150","Not Applicable","None","None","Yes","310","150","September","January",150,0.63
"2014","Oman","The University of the West of Scotland","All postgraduate","Full-time","2014/2015","Tier 4 (General)","310","150","Not Applicable","None","None","Yes","310","150","September","January",0,0.63
"2014","Oman","University of the Highlands and Islands","All postgraduate","Full-time","2014/2015","Tier 4 (General)","310","150","Not Applicable","None","None","Yes","310","150","September","January",0,0.63
"2014","Pakistan","Abertay University","All postgraduate","Full-time","2014/2015","Tier 4 (General)","310","150","Not Applicable","None","None","Yes","310","150","September","January",60,100.56
"2014","Pakistan","Edinburgh Napier University","All postgraduate","Full-time","2014/2015","Tier 4 (General)","310","150","Not Applicable","None","None","Yes","310","150","September","January",240,100.56
"2014","Pakistan","Glasgow Caledonian University","All postgraduate","Full-time","2014/2015","Tier 4 (General)","310","150","Not Applicable","None","None","Yes","310","150","September","January",1500,100.56
"2014","Pakistan","Glasgow School of Art","All postgraduate","Full-time","2014/2015","Tier 4 (General)","310","150","Not Applicable","None","None","Yes","310","150","September","January",60,100.56
"2014","Pakistan","Heriot-Watt University","All postgraduate","Full-time","2014/2015","Tier 4 (General)","310","150","Not Applicable","None","None","Yes","310","150","September","January",300,100.56
"2014","Pakistan","Queen Margaret University, Edinburgh","All postgraduate","Full-time","2014/2015","Tier 4 (General)","310","150","Not Applicable","None","None","Yes","310","150","September","January",0,100.56
"2014","Pakistan","Robert Gordon University","All postgraduate","Full-time","2014/2015","Tier 4 (General)","310","150","Not Applicable","None","None","Yes","310","150","September","January",180,100.56
"2014","Pakistan","Royal Conservatoire of Scotland","All postgraduate","Full-time","2014/2015","Tier 4 (General)","310","150","Not Applicable","None","None","Yes","310","150","September","January",0,100.56
"2014","Pakistan","SRUC","All postgraduate","Full-time","2014/2015","Tier 4 (General)","310","150","Not Applicable","None","None","Yes","310","150","September","January",0,100.56
"2014","Pakistan","The University of Aberdeen","All postgraduate","Full-time","2014/2015","Tier 4 (General)","310","150","Not Applicable","None","None","Yes","310","150","September","January",120,100.56
"2014","Pakistan","The University of Dundee","All postgraduate","Full-time","2014/2015","Tier 4 (General)","310","150","Not Applicable","None","None","Yes","310","150","September","January",300,100.56
"2014","Pakistan","The University of Edinburgh","All postgraduate","Full-time","2014/2015","Tier 4 (General)","310","150","Not Applicable","None","None","Yes","310","150","September","January",420,100.56
"2014","Pakistan","The University of Glasgow","All postgraduate","Full-time","2014/2015","Tier 4 (General)","310","150","Not Applicable","None","None","Yes","310","150","September","January",480,100.56
"2014","Pakistan","The University of St. Andrews","All postgraduate","Full-time","2014/2015","Tier 4 (General)","310","150","Not Applicable","None","None","Yes","310","150","September","January",180,100.56
"2014","Pakistan","The University of Stirling","All postgraduate","Full-time","2014/2015","Tier 4 (General)","310","150","Not Applicable","None","None","Yes","310","150","September","January",120,100.56
"2014","Pakistan","The University of Strathclyde","All postgraduate","Full-time","2014/2015","Tier 4 (General)","310","150","Not Applicable","None","None","Yes","310","150","September","January",420,100.56
"2014","Pakistan","The University of the West of Scotland","All postgraduate","Full-time","2014/2015","Tier 4 (General)","310","150","Not Applicable","None","None","Yes","310","150","September","January",480,100.56
"2014","Pakistan","University of the Highlands and Islands","All postgraduate","Full-time","2014/2015","Tier 4 (General)","310","150","Not Applicable","None","None","Yes","310","150","September","January",60,100.56
"2014","Tanzania","Abertay University","All postgraduate","Full-time","2014/2015","Tier 4 (General)","310","150","Not Applicable","None","None","Yes","310","150","September","January",0,2738.82
"2014","Tanzania","Edinburgh Napier University","All postgraduate","Full-time","2014/2015","Tier 4 (General)","310","150","Not Applicable","None","None","Yes","310","150","September","January",0,2738.82
"2014","Tanzania","Glasgow Caledonian University","All postgraduate","Full-time","2014/2015","Tier 4 (General)","310","150","Not Applicable","None","None","Yes","310","150","September","January",0,2738.82
"2014","Tanzania","Glasgow School of Art","All postgraduate","Full-time","2014/2015","Tier 4 (General)","310","150","Not Applicable","None","None","Yes","310","150","September","January",0,2738.82
"2014","Tanzania","Heriot-Watt University","All postgraduate","Full-time","2014/2015","Tier 4 (General)","310","150","Not Applicable","None","None","Yes","310","150","September","January",0,2738.82
"2014","Tanzania","Queen Margaret University, Edinburgh","All postgraduate","Full-time","2014/2015","Tier 4 (General)","310","150","Not Applicable","None","None","Yes","310","150","September","January",60,2738.82
"2014","Tanzania","Robert Gordon University","All postgraduate","Full-time","2014/2015","Tier 4 (General)","310","150","Not Applicable","None","None","Yes","310","150","September","January",60,2738.82
"2014","Tanzania","Royal Conservatoire of Scotland","All postgraduate","Full-time","2014/2015","Tier 4 (General)","310","150","Not Applicable","None","None","Yes","310","150","September","January",0,2738.82
"2014","Tanzania","SRUC","All postgraduate","Full-time","2014/2015","Tier 4 (General)","310","150","Not Applicable","None","None","Yes","310","150","September","January",0,2738.82
"2014","Tanzania","The University of Aberdeen","All postgraduate","Full-time","2014/2015","Tier 4 (General)","310","150","Not Applicable","None","None","Yes","310","150","September","January",240,2738.82
"2014","Tanzania","The University of Dundee","All postgraduate","Full-time","2014/2015","Tier 4 (General)","310","150","Not Applicable","None","None","Yes","310","150","September","January",60,2738.82
"2014","Tanzania","The University of Edinburgh","All postgraduate","Full-time","2014/2015","Tier 4 (General)","310","150","Not Applicable","None","None","Yes","310","150","September","January",0,2738.82
"2014","Tanzania","The University of Glasgow","All postgraduate","Full-time","2014/2015","Tier 4 (General)","310","150","Not Applicable","None","None","Yes","310","150","September","January",60,2738.82
"2014","Tanzania","The University of St. Andrews","All postgraduate","Full-time","2014/2015","Tier 4 (General)","310","150","Not Applicable","None","None","Yes","310","150","September","January",0,2738.82
"2014","Tanzania","The University of Stirling","All postgraduate","Full-time","2014/2015","Tier 4 (General)","310","150","Not Applicable","None","None","Yes","310","150","September","January",0,2738.82
"2014","Tanzania","The University of Strathclyde","All postgraduate","Full-time","2014/2015","Tier 4 (General)","310","150","Not Applicable","None","None","Yes","310","150","September","January",60,2738.82
"2014","Tanzania","The University of the West of Scotland","All postgraduate","Full-time","2014/2015","Tier 4 (General)","310","150","Not Applicable","None","None","Yes","310","150","September","January",0,2738.82
"2014","Tanzania","University of the Highlands and Islands","All postgraduate","Full-time","2014/2015","Tier 4 (General)","310","150","Not Applicable","None","None","Yes","310","150","September","January",0,2738.82
"2014","Thailand","Abertay University","All postgraduate","Full-time","2014/2015","Tier 4 (General)","310","150","Not Applicable","None","None","Yes","310","150","September","January",0,53.52
"2014","Thailand","Edinburgh Napier University","All postgraduate","Full-time","2014/2015","Tier 4 (General)","310","150","Not Applicable","None","None","Yes","310","150","September","January",60,53.52
"2014","Thailand","Glasgow Caledonian University","All postgraduate","Full-time","2014/2015","Tier 4 (General)","310","150","Not Applicable","None","None","Yes","310","150","September","January",240,53.52
"2014","Thailand","Glasgow School of Art","All postgraduate","Full-time","2014/2015","Tier 4 (General)","310","150","Not Applicable","None","None","Yes","310","150","September","January",60,53.52
"2014","Thailand","Heriot-Watt University","All postgraduate","Full-time","2014/2015","Tier 4 (General)","310","150","Not Applicable","None","None","Yes","310","150","September","January",720,53.52
"2014","Thailand","Queen Margaret University, Edinburgh","All postgraduate","Full-time","2014/2015","Tier 4 (General)","310","150","Not Applicable","None","None","Yes","310","150","September","January",0,53.52
"2014","Thailand","Robert Gordon University","All postgraduate","Full-time","2014/2015","Tier 4 (General)","310","150","Not Applicable","None","None","Yes","310","150","September","January",120,53.52
"2014","Thailand","Royal Conservatoire of Scotland","All postgraduate","Full-time","2014/2015","Tier 4 (General)","310","150","Not Applicable","None","None","Yes","310","150","September","January",0,53.52
"2014","Thailand","SRUC","All postgraduate","Full-time","2014/2015","Tier 4 (General)","310","150","Not Applicable","None","None","Yes","310","150","September","January",0,53.52
"2014","Thailand","The University of Aberdeen","All postgraduate","Full-time","2014/2015","Tier 4 (General)","310","150","Not Applicable","None","None","Yes","310","150","September","January",840,53.52
"2014","Thailand","The University of Dundee","All postgraduate","Full-time","2014/2015","Tier 4 (General)","310","150","Not Applicable","None","None","Yes","310","150","September","January",240,53.52
"2014","Thailand","The University of Edinburgh","All postgraduate","Full-time","2014/2015","Tier 4 (General)","310","150","Not Applicable","None","None","Yes","310","150","September","January",1320,53.52
"2014","Thailand","The University of Glasgow","All postgraduate","Full-time","2014/2015","Tier 4 (General)","310","150","Not Applicable","None","None","Yes","310","150","September","January",960,53.52
"2014","Thailand","The University of St. Andrews","All postgraduate","Full-time","2014/2015","Tier 4 (General)","310","150","Not Applicable","None","None","Yes","310","150","September","January",480,53.52
"2014","Thailand","The University of Stirling","All postgraduate","Full-time","2014/2015","Tier 4 (General)","310","150","Not Applicable","None","None","Yes","310","150","September","January",300,53.52
"2014","Thailand","The University of Strathclyde","All postgraduate","Full-time","2014/2015","Tier 4 (General)","310","150","Not Applicable","None","None","Yes","310","150","September","January",1680,53.52
"2014","Thailand","The University of the West of Scotland","All postgraduate","Full-time","2014/2015","Tier 4 (General)","310","150","Not Applicable","None","None","Yes","310","150","September","January",0,53.52
"2014","Thailand","University of the Highlands and Islands","All postgraduate","Full-time","2014/2015","Tier 4 (General)","310","150","Not Applicable","None","None","Yes","310","150","September","January",0,53.52
"2014","Turkey","Abertay University","All postgraduate","Full-time","2014/2015","Tier 4 (General)","310","150","Not Applicable","None","None","Yes","310","150","September","January",0,3.6
"2014","Turkey","Edinburgh Napier University","All postgraduate","Full-time","2014/2015","Tier 4 (General)","310","150","Not Applicable","None","None","Yes","310","150","September","January",0,3.6
"2014","Turkey","Glasgow Caledonian University","All postgraduate","Full-time","2014/2015","Tier 4 (General)","310","150","Not Applicable","None","None","Yes","310","150","September","January",50,3.6
"2014","Turkey","Glasgow School of Art","All postgraduate","Full-time","2014/2015","Tier 4 (General)","310","150","Not Applicable","None","None","Yes","310","150","September","January",0,3.6
"2014","Turkey","Heriot-Watt University","All postgraduate","Full-time","2014/2015","Tier 4 (General)","310","150","Not Applicable","None","None","Yes","310","150","September","January",100,3.6
"2014","Turkey","Queen Margaret University, Edinburgh","All postgraduate","Full-time","2014/2015","Tier 4 (General)","310","150","Not Applicable","None","None","Yes","310","150","September","January",0,3.6
"2014","Turkey","Robert Gordon University","All postgraduate","Full-time","2014/2015","Tier 4 (General)","310","150","Not Applicable","None","None","Yes","310","150","September","January",0,3.6
"2014","Turkey","Royal Conservatoire of Scotland","All postgraduate","Full-time","2014/2015","Tier 4 (General)","310","150","Not Applicable","None","None","Yes","310","150","September","January",0,3.6
"2014","Turkey","SRUC","All postgraduate","Full-time","2014/2015","Tier 4 (General)","310","150","Not Applicable","None","None","Yes","310","150","September","January",0,3.6
"2014","Turkey","The University of Aberdeen","All postgraduate","Full-time","2014/2015","Tier 4 (General)","310","150","Not Applicable","None","None","Yes","310","150","September","January",50,3.6
"2014","Turkey","The University of Dundee","All postgraduate","Full-time","2014/2015","Tier 4 (General)","310","150","Not Applicable","None","None","Yes","310","150","September","January",100,3.6
"2014","Turkey","The University of Edinburgh","All postgraduate","Full-time","2014/2015","Tier 4 (General)","310","150","Not Applicable","None","None","Yes","310","150","September","January",350,3.6
"2014","Turkey","The University of Glasgow","All postgraduate","Full-time","2014/2015","Tier 4 (General)","310","150","Not Applicable","None","None","Yes","310","150","September","January",150,3.6
"2014","Turkey","The University of St. Andrews","All postgraduate","Full-time","2014/2015","Tier 4 (General)","310","150","Not Applicable","None","None","Yes","310","150","September","January",50,3.6
"2014","Turkey","The University of Stirling","All postgraduate","Full-time","2014/2015","Tier 4 (General)","310","150","Not Applicable","None","None","Yes","310","150","September","January",50,3.6
"2014","Turkey","The University of Strathclyde","All postgraduate","Full-time","2014/2015","Tier 4 (General)","310","150","Not Applicable","None","None","Yes","310","150","September","January",150,3.6
"2014","Turkey","The University of the West of Scotland","All postgraduate","Full-time","2014/2015","Tier 4 (General)","310","150","Not Applicable","None","None","Yes","310","150","September","January",0,3.6
"2014","Turkey","University of the Highlands and Islands","All postgraduate","Full-time","2014/2015","Tier 4 (General)","310","150","Not Applicable","None","None","Yes","310","150","September","January",0,3.6
"2014","Uganda","Abertay University","All postgraduate","Full-time","2014/2015","Tier 4 (General)","310","150","Not Applicable","None","None","Yes","310","150","September","January",0,4287.04
"2014","Uganda","Edinburgh Napier University","All postgraduate","Full-time","2014/2015","Tier 4 (General)","310","150","Not Applicable","None","None","Yes","310","150","September","January",0,4287.04
"2014","Uganda","Glasgow Caledonian University","All postgraduate","Full-time","2014/2015","Tier 4 (General)","310","150","Not Applicable","None","None","Yes","310","150","September","January",60,4287.04
"2014","Uganda","Glasgow School of Art","All postgraduate","Full-time","2014/2015","Tier 4 (General)","310","150","Not Applicable","None","None","Yes","310","150","September","January",0,4287.04
"2014","Uganda","Heriot-Watt University","All postgraduate","Full-time","2014/2015","Tier 4 (General)","310","150","Not Applicable","None","None","Yes","310","150","September","January",60,4287.04
"2014","Uganda","Queen Margaret University, Edinburgh","All postgraduate","Full-time","2014/2015","Tier 4 (General)","310","150","Not Applicable","None","None","Yes","310","150","September","January",0,4287.04
"2014","Uganda","Robert Gordon University","All postgraduate","Full-time","2014/2015","Tier 4 (General)","310","150","Not Applicable","None","None","Yes","310","150","September","January",180,4287.04
"2014","Uganda","Royal Conservatoire of Scotland","All postgraduate","Full-time","2014/2015","Tier 4 (General)","310","150","Not Applicable","None","None","Yes","310","150","September","January",0,4287.04
"2014","Uganda","SRUC","All postgraduate","Full-time","2014/2015","Tier 4 (General)","310","150","Not Applicable","None","None","Yes","310","150","September","January",0,4287.04
"2014","Uganda","The University of Aberdeen","All postgraduate","Full-time","2014/2015","Tier 4 (General)","310","150","Not Applicable","None","None","Yes","310","150","September","January",240,4287.04
"2014","Uganda","The University of Dundee","All postgraduate","Full-time","2014/2015","Tier 4 (General)","310","150","Not Applicable","None","None","Yes","310","150","September","January",180,4287.04
"2014","Uganda","The University of Edinburgh","All postgraduate","Full-time","2014/2015","Tier 4 (General)","310","150","Not Applicable","None","None","Yes","310","150","September","January",60,4287.04
"2014","Uganda","The University of Glasgow","All postgraduate","Full-time","2014/2015","Tier 4 (General)","310","150","Not Applicable","None","None","Yes","310","150","September","January",0,4287.04
"2014","Uganda","The University of St. Andrews","All postgraduate","Full-time","2014/2015","Tier 4 (General)","310","150","Not Applicable","None","None","Yes","310","150","September","January",0,4287.04
"2014","Uganda","The University of Stirling","All postgraduate","Full-time","2014/2015","Tier 4 (General)","310","150","Not Applicable","None","None","Yes","310","150","September","January",60,4287.04
"2014","Uganda","The University of Strathclyde","All postgraduate","Full-time","2014/2015","Tier 4 (General)","310","150","Not Applicable","None","None","Yes","310","150","September","January",60,4287.04
"2014","Uganda","The University of the West of Scotland","All postgraduate","Full-time","2014/2015","Tier 4 (General)","310","150","Not Applicable","None","None","Yes","310","150","September","January",0,4287.04
"2014","Uganda","University of the Highlands and Islands","All postgraduate","Full-time","2014/2015","Tier 4 (General)","310","150","Not Applicable","None","None","Yes","310","150","September","January",0,4287.04
"2015","China","Abertay University","All postgraduate","Full-time","2015/2016","Tier 4 (General)","322","150","Not Applicable","None","None","Yes","322","150","September","January",0,9.59
"2015","China","Edinburgh Napier University","All postgraduate","Full-time","2015/2016","Tier 4 (General)","322","150","Not Applicable","None","None","Yes","322","150","September","January",1200,9.59
"2015","China","Glasgow Caledonian University","All postgraduate","Full-time","2015/2016","Tier 4 (General)","322","150","Not Applicable","None","None","Yes","322","150","September","January",960,9.59
"2015","China","Glasgow School of Art","All postgraduate","Full-time","2015/2016","Tier 4 (General)","322","150","Not Applicable","None","None","Yes","322","150","September","January",660,9.59
"2015","China","Heriot-Watt University","All postgraduate","Full-time","2015/2016","Tier 4 (General)","322","150","Not Applicable","None","None","Yes","322","150","September","January",4200,9.59
"2015","China","Queen Margaret University, Edinburgh","All postgraduate","Full-time","2015/2016","Tier 4 (General)","322","150","Not Applicable","None","None","Yes","322","150","September","January",60,9.59
"2015","China","Robert Gordon University","All postgraduate","Full-time","2015/2016","Tier 4 (General)","322","150","Not Applicable","None","None","Yes","322","150","September","January",720,9.59
"2015","China","Royal Conservatoire of Scotland","All postgraduate","Full-time","2015/2016","Tier 4 (General)","322","150","Not Applicable","None","None","Yes","322","150","September","January",240,9.59
"2015","China","SRUC","All postgraduate","Full-time","2015/2016","Tier 4 (General)","322","150","Not Applicable","None","None","Yes","322","150","September","January",0,9.59
"2015","China","The University of Aberdeen","All postgraduate","Full-time","2015/2016","Tier 4 (General)","322","150","Not Applicable","None","None","Yes","322","150","September","January",1320,9.59
"2015","China","The University of Dundee","All postgraduate","Full-time","2015/2016","Tier 4 (General)","322","150","Not Applicable","None","None","Yes","322","150","September","January",1920,9.59
"2015","China","The University of Edinburgh","All postgraduate","Full-time","2015/2016","Tier 4 (General)","322","150","Not Applicable","None","None","Yes","322","150","September","January",16500,9.59
"2015","China","The University of Glasgow","All postgraduate","Full-time","2015/2016","Tier 4 (General)","322","150","Not Applicable","None","None","Yes","322","150","September","January",20220,9.59
"2015","China","The University of St. Andrews","All postgraduate","Full-time","2015/2016","Tier 4 (General)","322","150","Not Applicable","None","None","Yes","322","150","September","January",2760,9.59
"2015","China","The University of Stirling","All postgraduate","Full-time","2015/2016","Tier 4 (General)","322","150","Not Applicable","None","None","Yes","322","150","September","January",7680,9.59
"2015","China","The University of Strathclyde","All postgraduate","Full-time","2015/2016","Tier 4 (General)","322","150","Not Applicable","None","None","Yes","322","150","September","January",3840,9.59
"2015","China","The University of the West of Scotland","All postgraduate","Full-time","2015/2016","Tier 4 (General)","322","150","Not Applicable","None","None","Yes","322","150","September","January",360,9.59
"2015","China","University of the Highlands and Islands","All postgraduate","Full-time","2015/2016","Tier 4 (General)","322","150","Not Applicable","None","None","Yes","322","150","September","January",0,9.59
"2015","Gambia","Abertay University","All postgraduate","Full-time","2015/2016","Tier 4 (General)","322","150","Not Applicable","None","None","Yes","322","150","September","January",0,62.26
"2015","Gambia","Edinburgh Napier University","All postgraduate","Full-time","2015/2016","Tier 4 (General)","322","150","Not Applicable","None","None","Yes","322","150","September","January",0,62.26
"2015","Gambia","Glasgow Caledonian University","All postgraduate","Full-time","2015/2016","Tier 4 (General)","322","150","Not Applicable","None","None","Yes","322","150","September","January",120,62.26
"2015","Gambia","Glasgow School of Art","All postgraduate","Full-time","2015/2016","Tier 4 (General)","322","150","Not Applicable","None","None","Yes","322","150","September","January",0,62.26
"2015","Gambia","Heriot-Watt University","All postgraduate","Full-time","2015/2016","Tier 4 (General)","322","150","Not Applicable","None","None","Yes","322","150","September","January",0,62.26
"2015","Gambia","Queen Margaret University, Edinburgh","All postgraduate","Full-time","2015/2016","Tier 4 (General)","322","150","Not Applicable","None","None","Yes","322","150","September","January",0,62.26
"2015","Gambia","Robert Gordon University","All postgraduate","Full-time","2015/2016","Tier 4 (General)","322","150","Not Applicable","None","None","Yes","322","150","September","January",0,62.26
"2015","Gambia","Royal Conservatoire of Scotland","All postgraduate","Full-time","2015/2016","Tier 4 (General)","322","150","Not Applicable","None","None","Yes","322","150","September","January",0,62.26
"2015","Gambia","SRUC","All postgraduate","Full-time","2015/2016","Tier 4 (General)","322","150","Not Applicable","None","None","Yes","322","150","September","January",0,62.26
"2015","Gambia","The University of Aberdeen","All postgraduate","Full-time","2015/2016","Tier 4 (General)","322","150","Not Applicable","None","None","Yes","322","150","September","January",0,62.26
"2015","Gambia","The University of Dundee","All postgraduate","Full-time","2015/2016","Tier 4 (General)","322","150","Not Applicable","None","None","Yes","322","150","September","January",0,62.26
"2015","Gambia","The University of Edinburgh","All postgraduate","Full-time","2015/2016","Tier 4 (General)","322","150","Not Applicable","None","None","Yes","322","150","September","January",0,62.26
"2015","Gambia","The University of Glasgow","All postgraduate","Full-time","2015/2016","Tier 4 (General)","322","150","Not Applicable","None","None","Yes","322","150","September","January",0,62.26
"2015","Gambia","The University of St. Andrews","All postgraduate","Full-time","2015/2016","Tier 4 (General)","322","150","Not Applicable","None","None","Yes","322","150","September","January",0,62.26
"2015","Gambia","The University of Stirling","All postgraduate","Full-time","2015/2016","Tier 4 (General)","322","150","Not Applicable","None","None","Yes","322","150","September","January",0,62.26
"2015","Gambia","The University of Strathclyde","All postgraduate","Full-time","2015/2016","Tier 4 (General)","322","150","Not Applicable","None","None","Yes","322","150","September","January",0,62.26
"2015","Gambia","The University of the West of Scotland","All postgraduate","Full-time","2015/2016","Tier 4 (General)","322","150","Not Applicable","None","None","Yes","322","150","September","January",0,62.26
"2015","Gambia","University of the Highlands and Islands","All postgraduate","Full-time","2015/2016","Tier 4 (General)","322","150","Not Applicable","None","None","Yes","322","150","September","January",0,62.26
"2015","Ghana","Abertay University","All postgraduate","Full-time","2015/2016","Tier 4 (General)","322","150","Not Applicable","None","None","Yes","322","150","September","January",0,5.75
"2015","Ghana","Edinburgh Napier University","All postgraduate","Full-time","2015/2016","Tier 4 (General)","322","150","Not Applicable","None","None","Yes","322","150","September","January",55,5.75
"2015","Ghana","Glasgow Caledonian University","All postgraduate","Full-time","2015/2016","Tier 4 (General)","322","150","Not Applicable","None","None","Yes","322","150","September","January",110,5.75
"2015","Ghana","Glasgow School of Art","All postgraduate","Full-time","2015/2016","Tier 4 (General)","322","150","Not Applicable","None","None","Yes","322","150","September","January",0,5.75
"2015","Ghana","Heriot-Watt University","All postgraduate","Full-time","2015/2016","Tier 4 (General)","322","150","Not Applicable","None","None","Yes","322","150","September","January",165,5.75
"2015","Ghana","Queen Margaret University, Edinburgh","All postgraduate","Full-time","2015/2016","Tier 4 (General)","322","150","Not Applicable","None","None","Yes","322","150","September","January",0,5.75
"2015","Ghana","Robert Gordon University","All postgraduate","Full-time","2015/2016","Tier 4 (General)","322","150","Not Applicable","None","None","Yes","322","150","September","January",605,5.75
"2015","Ghana","Royal Conservatoire of Scotland","All postgraduate","Full-time","2015/2016","Tier 4 (General)","322","150","Not Applicable","None","None","Yes","322","150","September","January",0,5.75
"2015","Ghana","SRUC","All postgraduate","Full-time","2015/2016","Tier 4 (General)","322","150","Not Applicable","None","None","Yes","322","150","September","January",0,5.75
"2015","Ghana","The University of Aberdeen","All postgraduate","Full-time","2015/2016","Tier 4 (General)","322","150","Not Applicable","None","None","Yes","322","150","September","January",385,5.75
"2015","Ghana","The University of Dundee","All postgraduate","Full-time","2015/2016","Tier 4 (General)","322","150","Not Applicable","None","None","Yes","322","150","September","January",165,5.75
"2015","Ghana","The University of Edinburgh","All postgraduate","Full-time","2015/2016","Tier 4 (General)","322","150","Not Applicable","None","None","Yes","322","150","September","January",165,5.75
"2015","Ghana","The University of Glasgow","All postgraduate","Full-time","2015/2016","Tier 4 (General)","322","150","Not Applicable","None","None","Yes","322","150","September","January",110,5.75
"2015","Ghana","The University of St. Andrews","All postgraduate","Full-time","2015/2016","Tier 4 (General)","322","150","Not Applicable","None","None","Yes","322","150","September","January",0,5.75
"2015","Ghana","The University of Stirling","All postgraduate","Full-time","2015/2016","Tier 4 (General)","322","150","Not Applicable","None","None","Yes","322","150","September","January",165,5.75
"2015","Ghana","The University of Strathclyde","All postgraduate","Full-time","2015/2016","Tier 4 (General)","322","150","Not Applicable","None","None","Yes","322","150","September","January",165,5.75
"2015","Ghana","The University of the West of Scotland","All postgraduate","Full-time","2015/2016","Tier 4 (General)","322","150","Not Applicable","None","None","Yes","322","150","September","January",55,5.75
"2015","Ghana","University of the Highlands and Islands","All postgraduate","Full-time","2015/2016","Tier 4 (General)","322","150","Not Applicable","None","None","Yes","322","150","September","January",0,5.75
"2015","India","Abertay University","All postgraduate","Full-time","2015/2016","Tier 4 (General)","322","150","Not Applicable","None","None","Yes","322","150","September","January",0,97.92
"2015","India","Edinburgh Napier University","All postgraduate","Full-time","2015/2016","Tier 4 (General)","322","150","Not Applicable","None","None","Yes","322","150","September","January",960,97.92
"2015","India","Glasgow Caledonian University","All postgraduate","Full-time","2015/2016","Tier 4 (General)","322","150","Not Applicable","None","None","Yes","322","150","September","January",840,97.92
"2015","India","Glasgow School of Art","All postgraduate","Full-time","2015/2016","Tier 4 (General)","322","150","Not Applicable","None","None","Yes","322","150","September","January",60,97.92
"2015","India","Heriot-Watt University","All postgraduate","Full-time","2015/2016","Tier 4 (General)","322","150","Not Applicable","None","None","Yes","322","150","September","January",720,97.92
"2015","India","Queen Margaret University, Edinburgh","All postgraduate","Full-time","2015/2016","Tier 4 (General)","322","150","Not Applicable","None","None","Yes","322","150","September","January",60,97.92
"2015","India","Robert Gordon University","All postgraduate","Full-time","2015/2016","Tier 4 (General)","322","150","Not Applicable","None","None","Yes","322","150","September","January",960,97.92
"2015","India","Royal Conservatoire of Scotland","All postgraduate","Full-time","2015/2016","Tier 4 (General)","322","150","Not Applicable","None","None","Yes","322","150","September","January",0,97.92
"2015","India","SRUC","All postgraduate","Full-time","2015/2016","Tier 4 (General)","322","150","Not Applicable","None","None","Yes","322","150","September","January",0,97.92
"2015","India","The University of Aberdeen","All postgraduate","Full-time","2015/2016","Tier 4 (General)","322","150","Not Applicable","None","None","Yes","322","150","September","January",600,97.92
"2015","India","The University of Dundee","All postgraduate","Full-time","2015/2016","Tier 4 (General)","322","150","Not Applicable","None","None","Yes","322","150","September","January",480,97.92
"2015","India","The University of Edinburgh","All postgraduate","Full-time","2015/2016","Tier 4 (General)","322","150","Not Applicable","None","None","Yes","322","150","September","January",1680,97.92
"2015","India","The University of Glasgow","All postgraduate","Full-time","2015/2016","Tier 4 (General)","322","150","Not Applicable","None","None","Yes","322","150","September","January",1200,97.92
"2015","India","The University of St. Andrews","All postgraduate","Full-time","2015/2016","Tier 4 (General)","322","150","Not Applicable","None","None","Yes","322","150","September","January",480,97.92
"2015","India","The University of Stirling","All postgraduate","Full-time","2015/2016","Tier 4 (General)","322","150","Not Applicable","None","None","Yes","322","150","September","January",240,97.92
"2015","India","The University of Strathclyde","All postgraduate","Full-time","2015/2016","Tier 4 (General)","322","150","Not Applicable","None","None","Yes","322","150","September","January",1740,97.92
"2015","India","The University of the West of Scotland","All postgraduate","Full-time","2015/2016","Tier 4 (General)","322","150","Not Applicable","None","None","Yes","322","150","September","January",480,97.92
"2015","India","University of the Highlands and Islands","All postgraduate","Full-time","2015/2016","Tier 4 (General)","322","150","Not Applicable","None","None","Yes","322","150","September","January",120,97.92
"2015","Japan","Abertay University","All postgraduate","Full-time","2015/2016","Tier 4 (General)","322","150","Not Applicable","None","None","Yes","322","150","September","January",0,184.51
"2015","Japan","Edinburgh Napier University","All postgraduate","Full-time","2015/2016","Tier 4 (General)","322","150","Not Applicable","None","None","Yes","322","150","September","January",0,184.51
"2015","Japan","Glasgow Caledonian University","All postgraduate","Full-time","2015/2016","Tier 4 (General)","322","150","Not Applicable","None","None","Yes","322","150","September","January",0,184.51
"2015","Japan","Glasgow School of Art","All postgraduate","Full-time","2015/2016","Tier 4 (General)","322","150","Not Applicable","None","None","Yes","322","150","September","January",0,184.51
"2015","Japan","Heriot-Watt University","All postgraduate","Full-time","2015/2016","Tier 4 (General)","322","150","Not Applicable","None","None","Yes","322","150","September","January",0,184.51
"2015","Japan","Queen Margaret University, Edinburgh","All postgraduate","Full-time","2015/2016","Tier 4 (General)","322","150","Not Applicable","None","None","Yes","322","150","September","January",0,184.51
"2015","Japan","Robert Gordon University","All postgraduate","Full-time","2015/2016","Tier 4 (General)","322","150","Not Applicable","None","None","Yes","322","150","September","January",0,184.51
"2015","Japan","Royal Conservatoire of Scotland","All postgraduate","Full-time","2015/2016","Tier 4 (General)","322","150","Not Applicable","None","None","Yes","322","150","September","January",0,184.51
"2015","Japan","SRUC","All postgraduate","Full-time","2015/2016","Tier 4 (General)","322","150","Not Applicable","None","None","Yes","322","150","September","January",0,184.51
"2015","Japan","The University of Aberdeen","All postgraduate","Full-time","2015/2016","Tier 4 (General)","322","150","Not Applicable","None","None","Yes","322","150","September","January",60,184.51
"2015","Japan","The University of Dundee","All postgraduate","Full-time","2015/2016","Tier 4 (General)","322","150","Not Applicable","None","None","Yes","322","150","September","January",0,184.51
"2015","Japan","The University of Edinburgh","All postgraduate","Full-time","2015/2016","Tier 4 (General)","322","150","Not Applicable","None","None","Yes","322","150","September","January",420,184.51
"2015","Japan","The University of Glasgow","All postgraduate","Full-time","2015/2016","Tier 4 (General)","322","150","Not Applicable","None","None","Yes","322","150","September","January",240,184.51
"2015","Japan","The University of St. Andrews","All postgraduate","Full-time","2015/2016","Tier 4 (General)","322","150","Not Applicable","None","None","Yes","322","150","September","January",120,184.51
"2015","Japan","The University of Stirling","All postgraduate","Full-time","2015/2016","Tier 4 (General)","322","150","Not Applicable","None","None","Yes","322","150","September","January",120,184.51
"2015","Japan","The University of Strathclyde","All postgraduate","Full-time","2015/2016","Tier 4 (General)","322","150","Not Applicable","None","None","Yes","322","150","September","January",0,184.51
"2015","Japan","The University of the West of Scotland","All postgraduate","Full-time","2015/2016","Tier 4 (General)","322","150","Not Applicable","None","None","Yes","322","150","September","January",0,184.51
"2015","Japan","University of the Highlands and Islands","All postgraduate","Full-time","2015/2016","Tier 4 (General)","322","150","Not Applicable","None","None","Yes","322","150","September","January",0,184.51
"2015","Kenya","Abertay University","All postgraduate","Full-time","2015/2016","Tier 4 (General)","322","150","Not Applicable","None","None","Yes","322","150","September","January",0,150.37
"2015","Kenya","Edinburgh Napier University","All postgraduate","Full-time","2015/2016","Tier 4 (General)","322","150","Not Applicable","None","None","Yes","322","150","September","January",60,150.37
"2015","Kenya","Glasgow Caledonian University","All postgraduate","Full-time","2015/2016","Tier 4 (General)","322","150","Not Applicable","None","None","Yes","322","150","September","January",60,150.37
"2015","Kenya","Glasgow School of Art","All postgraduate","Full-time","2015/2016","Tier 4 (General)","322","150","Not Applicable","None","None","Yes","322","150","September","January",0,150.37
"2015","Kenya","Heriot-Watt University","All postgraduate","Full-time","2015/2016","Tier 4 (General)","322","150","Not Applicable","None","None","Yes","322","150","September","January",60,150.37
"2015","Kenya","Queen Margaret University, Edinburgh","All postgraduate","Full-time","2015/2016","Tier 4 (General)","322","150","Not Applicable","None","None","Yes","322","150","September","January",60,150.37
"2015","Kenya","Robert Gordon University","All postgraduate","Full-time","2015/2016","Tier 4 (General)","322","150","Not Applicable","None","None","Yes","322","150","September","January",120,150.37
"2015","Kenya","Royal Conservatoire of Scotland","All postgraduate","Full-time","2015/2016","Tier 4 (General)","322","150","Not Applicable","None","None","Yes","322","150","September","January",0,150.37
"2015","Kenya","SRUC","All postgraduate","Full-time","2015/2016","Tier 4 (General)","322","150","Not Applicable","None","None","Yes","322","150","September","January",0,150.37
"2015","Kenya","The University of Aberdeen","All postgraduate","Full-time","2015/2016","Tier 4 (General)","322","150","Not Applicable","None","None","Yes","322","150","September","January",240,150.37
"2015","Kenya","The University of Dundee","All postgraduate","Full-time","2015/2016","Tier 4 (General)","322","150","Not Applicable","None","None","Yes","322","150","September","January",180,150.37
"2015","Kenya","The University of Edinburgh","All postgraduate","Full-time","2015/2016","Tier 4 (General)","322","150","Not Applicable","None","None","Yes","322","150","September","January",540,150.37
"2015","Kenya","The University of Glasgow","All postgraduate","Full-time","2015/2016","Tier 4 (General)","322","150","Not Applicable","None","None","Yes","322","150","September","January",240,150.37
"2015","Kenya","The University of St. Andrews","All postgraduate","Full-time","2015/2016","Tier 4 (General)","322","150","Not Applicable","None","None","Yes","322","150","September","January",60,150.37
"2015","Kenya","The University of Stirling","All postgraduate","Full-time","2015/2016","Tier 4 (General)","322","150","Not Applicable","None","None","Yes","322","150","September","January",0,150.37
"2015","Kenya","The University of Strathclyde","All postgraduate","Full-time","2015/2016","Tier 4 (General)","322","150","Not Applicable","None","None","Yes","322","150","September","January",60,150.37
"2015","Kenya","The University of the West of Scotland","All postgraduate","Full-time","2015/2016","Tier 4 (General)","322","150","Not Applicable","None","None","Yes","322","150","September","January",0,150.37
"2015","Kenya","University of the Highlands and Islands","All postgraduate","Full-time","2015/2016","Tier 4 (General)","322","150","Not Applicable","None","None","Yes","322","150","September","January",60,150.37
"2015","Kuwait","Abertay University","All postgraduate","Full-time","2015/2016","Tier 4 (General)","322","150","Not Applicable","None","None","Yes","322","150","September","January",0,0.46
"2015","Kuwait","Edinburgh Napier University","All postgraduate","Full-time","2015/2016","Tier 4 (General)","322","150","Not Applicable","None","None","Yes","322","150","September","January",20,0.46
"2015","Kuwait","Glasgow Caledonian University","All postgraduate","Full-time","2015/2016","Tier 4 (General)","322","150","Not Applicable","None","None","Yes","322","150","September","January",40,0.46
"2015","Kuwait","Glasgow School of Art","All postgraduate","Full-time","2015/2016","Tier 4 (General)","322","150","Not Applicable","None","None","Yes","322","150","September","January",0,0.46
"2015","Kuwait","Heriot-Watt University","All postgraduate","Full-time","2015/2016","Tier 4 (General)","322","150","Not Applicable","None","None","Yes","322","150","September","January",20,0.46
"2015","Kuwait","Queen Margaret University, Edinburgh","All postgraduate","Full-time","2015/2016","Tier 4 (General)","322","150","Not Applicable","None","None","Yes","322","150","September","January",0,0.46
"2015","Kuwait","Robert Gordon University","All postgraduate","Full-time","2015/2016","Tier 4 (General)","322","150","Not Applicable","None","None","Yes","322","150","September","January",0,0.46
"2015","Kuwait","Royal Conservatoire of Scotland","All postgraduate","Full-time","2015/2016","Tier 4 (General)","322","150","Not Applicable","None","None","Yes","322","150","September","January",0,0.46
"2015","Kuwait","SRUC","All postgraduate","Full-time","2015/2016","Tier 4 (General)","322","150","Not Applicable","None","None","Yes","322","150","September","January",0,0.46
"2015","Kuwait","The University of Aberdeen","All postgraduate","Full-time","2015/2016","Tier 4 (General)","322","150","Not Applicable","None","None","Yes","322","150","September","January",20,0.46
"2015","Kuwait","The University of Dundee","All postgraduate","Full-time","2015/2016","Tier 4 (General)","322","150","Not Applicable","None","None","Yes","322","150","September","January",0,0.46
"2015","Kuwait","The University of Edinburgh","All postgraduate","Full-time","2015/2016","Tier 4 (General)","322","150","Not Applicable","None","None","Yes","322","150","September","January",20,0.46
"2015","Kuwait","The University of Glasgow","All postgraduate","Full-time","2015/2016","Tier 4 (General)","322","150","Not Applicable","None","None","Yes","322","150","September","January",60,0.46
"2015","Kuwait","The University of St. Andrews","All postgraduate","Full-time","2015/2016","Tier 4 (General)","322","150","Not Applicable","None","None","Yes","322","150","September","January",0,0.46
"2015","Kuwait","The University of Stirling","All postgraduate","Full-time","2015/2016","Tier 4 (General)","322","150","Not Applicable","None","None","Yes","322","150","September","January",20,0.46
"2015","Kuwait","The University of Strathclyde","All postgraduate","Full-time","2015/2016","Tier 4 (General)","322","150","Not Applicable","None","None","Yes","322","150","September","January",40,0.46
"2015","Kuwait","The University of the West of Scotland","All postgraduate","Full-time","2015/2016","Tier 4 (General)","322","150","Not Applicable","None","None","Yes","322","150","September","January",0,0.46
"2015","Kuwait","University of the Highlands and Islands","All postgraduate","Full-time","2015/2016","Tier 4 (General)","322","150","Not Applicable","None","None","Yes","322","150","September","January",0,0.46
"2015","Libya","Abertay University","All postgraduate","Full-time","2015/2016","Tier 4 (General)","322","150","Not Applicable","None","None","Yes","322","150","September","January",0,2.03
"2015","Libya","Edinburgh Napier University","All postgraduate","Full-time","2015/2016","Tier 4 (General)","322","150","Not Applicable","None","None","Yes","322","150","September","January",35,2.03
"2015","Libya","Glasgow Caledonian University","All postgraduate","Full-time","2015/2016","Tier 4 (General)","322","150","Not Applicable","None","None","Yes","322","150","September","January",105,2.03
"2015","Libya","Glasgow School of Art","All postgraduate","Full-time","2015/2016","Tier 4 (General)","322","150","Not Applicable","None","None","Yes","322","150","September","January",0,2.03
"2015","Libya","Heriot-Watt University","All postgraduate","Full-time","2015/2016","Tier 4 (General)","322","150","Not Applicable","None","None","Yes","322","150","September","January",175,2.03
"2015","Libya","Queen Margaret University, Edinburgh","All postgraduate","Full-time","2015/2016","Tier 4 (General)","322","150","Not Applicable","None","None","Yes","322","150","September","January",0,2.03
"2015","Libya","Robert Gordon University","All postgraduate","Full-time","2015/2016","Tier 4 (General)","322","150","Not Applicable","None","None","Yes","322","150","September","January",0,2.03
"2015","Libya","Royal Conservatoire of Scotland","All postgraduate","Full-time","2015/2016","Tier 4 (General)","322","150","Not Applicable","None","None","Yes","322","150","September","January",0,2.03
"2015","Libya","SRUC","All postgraduate","Full-time","2015/2016","Tier 4 (General)","322","150","Not Applicable","None","None","Yes","322","150","September","January",0,2.03
"2015","Libya","The University of Aberdeen","All postgraduate","Full-time","2015/2016","Tier 4 (General)","322","150","Not Applicable","None","None","Yes","322","150","September","January",35,2.03
"2015","Libya","The University of Dundee","All postgraduate","Full-time","2015/2016","Tier 4 (General)","322","150","Not Applicable","None","None","Yes","322","150","September","January",105,2.03
"2015","Libya","The University of Edinburgh","All postgraduate","Full-time","2015/2016","Tier 4 (General)","322","150","Not Applicable","None","None","Yes","322","150","September","January",0,2.03
"2015","Libya","The University of Glasgow","All postgraduate","Full-time","2015/2016","Tier 4 (General)","322","150","Not Applicable","None","None","Yes","322","150","September","January",140,2.03
"2015","Libya","The University of St. Andrews","All postgraduate","Full-time","2015/2016","Tier 4 (General)","322","150","Not Applicable","None","None","Yes","322","150","September","January",0,2.03
"2015","Libya","The University of Stirling","All postgraduate","Full-time","2015/2016","Tier 4 (General)","322","150","Not Applicable","None","None","Yes","322","150","September","January",35,2.03
"2015","Libya","The University of Strathclyde","All postgraduate","Full-time","2015/2016","Tier 4 (General)","322","150","Not Applicable","None","None","Yes","322","150","September","January",210,2.03
"2015","Libya","The University of the West of Scotland","All postgraduate","Full-time","2015/2016","Tier 4 (General)","322","150","Not Applicable","None","None","Yes","322","150","September","January",35,2.03
"2015","Libya","University of the Highlands and Islands","All postgraduate","Full-time","2015/2016","Tier 4 (General)","322","150","Not Applicable","None","None","Yes","322","150","September","January",0,2.03
"2015","Nigeria","Abertay University","All postgraduate","Full-time","2015/2016","Tier 4 (General)","322","150","Not Applicable","None","None","Yes","322","150","September","January",275,301.33
"2015","Nigeria","Edinburgh Napier University","All postgraduate","Full-time","2015/2016","Tier 4 (General)","322","150","Not Applicable","None","None","Yes","322","150","September","January",495,301.33
"2015","Nigeria","Glasgow Caledonian University","All postgraduate","Full-time","2015/2016","Tier 4 (General)","322","150","Not Applicable","None","None","Yes","322","150","September","January",1870,301.33
"2015","Nigeria","Glasgow School of Art","All postgraduate","Full-time","2015/2016","Tier 4 (General)","322","150","Not Applicable","None","None","Yes","322","150","September","January",0,301.33
"2015","Nigeria","Heriot-Watt University","All postgraduate","Full-time","2015/2016","Tier 4 (General)","322","150","Not Applicable","None","None","Yes","322","150","September","January",715,301.33
"2015","Nigeria","Queen Margaret University, Edinburgh","All postgraduate","Full-time","2015/2016","Tier 4 (General)","322","150","Not Applicable","None","None","Yes","322","150","September","January",55,301.33
"2015","Nigeria","Robert Gordon University","All postgraduate","Full-time","2015/2016","Tier 4 (General)","322","150","Not Applicable","None","None","Yes","322","150","September","January",4675,301.33
"2015","Nigeria","Royal Conservatoire of Scotland","All postgraduate","Full-time","2015/2016","Tier 4 (General)","322","150","Not Applicable","None","None","Yes","322","150","September","January",0,301.33
"2015","Nigeria","SRUC","All postgraduate","Full-time","2015/2016","Tier 4 (General)","322","150","Not Applicable","None","None","Yes","322","150","September","January",0,301.33
"2015","Nigeria","The University of Aberdeen","All postgraduate","Full-time","2015/2016","Tier 4 (General)","322","150","Not Applicable","None","None","Yes","322","150","September","January",2420,301.33
"2015","Nigeria","The University of Dundee","All postgraduate","Full-time","2015/2016","Tier 4 (General)","322","150","Not Applicable","None","None","Yes","322","150","September","January",1155,301.33
"2015","Nigeria","The University of Edinburgh","All postgraduate","Full-time","2015/2016","Tier 4 (General)","322","150","Not Applicable","None","None","Yes","322","150","September","January",770,301.33
"2015","Nigeria","The University of Glasgow","All postgraduate","Full-time","2015/2016","Tier 4 (General)","322","150","Not Applicable","None","None","Yes","322","150","September","January",935,301.33
"2015","Nigeria","The University of St. Andrews","All postgraduate","Full-time","2015/2016","Tier 4 (General)","322","150","Not Applicable","None","None","Yes","322","150","September","January",165,301.33
"2015","Nigeria","The University of Stirling","All postgraduate","Full-time","2015/2016","Tier 4 (General)","322","150","Not Applicable","None","None","Yes","322","150","September","January",275,301.33
"2015","Nigeria","The University of Strathclyde","All postgraduate","Full-time","2015/2016","Tier 4 (General)","322","150","Not Applicable","None","None","Yes","322","150","September","January",660,301.33
"2015","Nigeria","The University of the West of Scotland","All postgraduate","Full-time","2015/2016","Tier 4 (General)","322","150","Not Applicable","None","None","Yes","322","150","September","January",660,301.33
"2015","Nigeria","University of the Highlands and Islands","All postgraduate","Full-time","2015/2016","Tier 4 (General)","322","150","Not Applicable","None","None","Yes","322","150","September","January",0,301.33
"2015","Oman","Abertay University","All postgraduate","Full-time","2015/2016","Tier 4 (General)","322","150","Not Applicable","None","None","Yes","322","150","September","January",0,0.58
"2015","Oman","Edinburgh Napier University","All postgraduate","Full-time","2015/2016","Tier 4 (General)","322","150","Not Applicable","None","None","Yes","322","150","September","January",20,0.58
"2015","Oman","Glasgow Caledonian University","All postgraduate","Full-time","2015/2016","Tier 4 (General)","322","150","Not Applicable","None","None","Yes","322","150","September","January",40,0.58
"2015","Oman","Glasgow School of Art","All postgraduate","Full-time","2015/2016","Tier 4 (General)","322","150","Not Applicable","None","None","Yes","322","150","September","January",0,0.58
"2015","Oman","Heriot-Watt University","All postgraduate","Full-time","2015/2016","Tier 4 (General)","322","150","Not Applicable","None","None","Yes","322","150","September","January",80,0.58
"2015","Oman","Queen Margaret University, Edinburgh","All postgraduate","Full-time","2015/2016","Tier 4 (General)","322","150","Not Applicable","None","None","Yes","322","150","September","January",40,0.58
"2015","Oman","Robert Gordon University","All postgraduate","Full-time","2015/2016","Tier 4 (General)","322","150","Not Applicable","None","None","Yes","322","150","September","January",40,0.58
"2015","Oman","Royal Conservatoire of Scotland","All postgraduate","Full-time","2015/2016","Tier 4 (General)","322","150","Not Applicable","None","None","Yes","322","150","September","January",0,0.58
"2015","Oman","SRUC","All postgraduate","Full-time","2015/2016","Tier 4 (General)","322","150","Not Applicable","None","None","Yes","322","150","September","January",0,0.58
"2015","Oman","The University of Aberdeen","All postgraduate","Full-time","2015/2016","Tier 4 (General)","322","150","Not Applicable","None","None","Yes","322","150","September","January",20,0.58
"2015","Oman","The University of Dundee","All postgraduate","Full-time","2015/2016","Tier 4 (General)","322","150","Not Applicable","None","None","Yes","322","150","September","January",20,0.58
"2015","Oman","The University of Edinburgh","All postgraduate","Full-time","2015/2016","Tier 4 (General)","322","150","Not Applicable","None","None","Yes","322","150","September","January",20,0.58
"2015","Oman","The University of Glasgow","All postgraduate","Full-time","2015/2016","Tier 4 (General)","322","150","Not Applicable","None","None","Yes","322","150","September","January",80,0.58
"2015","Oman","The University of St. Andrews","All postgraduate","Full-time","2015/2016","Tier 4 (General)","322","150","Not Applicable","None","None","Yes","322","150","September","January",20,0.58
"2015","Oman","The University of Stirling","All postgraduate","Full-time","2015/2016","Tier 4 (General)","322","150","Not Applicable","None","None","Yes","322","150","September","January",20,0.58
"2015","Oman","The University of Strathclyde","All postgraduate","Full-time","2015/2016","Tier 4 (General)","322","150","Not Applicable","None","None","Yes","322","150","September","January",80,0.58
"2015","Oman","The University of the West of Scotland","All postgraduate","Full-time","2015/2016","Tier 4 (General)","322","150","Not Applicable","None","None","Yes","322","150","September","January",0,0.58
"2015","Oman","University of the Highlands and Islands","All postgraduate","Full-time","2015/2016","Tier 4 (General)","322","150","Not Applicable","None","None","Yes","322","150","September","January",0,0.58
"2015","Pakistan","Abertay University","All postgraduate","Full-time","2015/2016","Tier 4 (General)","322","150","Not Applicable","None","None","Yes","322","150","September","January",60,97.92
"2015","Pakistan","Edinburgh Napier University","All postgraduate","Full-time","2015/2016","Tier 4 (General)","322","150","Not Applicable","None","None","Yes","322","150","September","January",60,97.92
"2015","Pakistan","Glasgow Caledonian University","All postgraduate","Full-time","2015/2016","Tier 4 (General)","322","150","Not Applicable","None","None","Yes","322","150","September","January",660,97.92
"2015","Pakistan","Glasgow School of Art","All postgraduate","Full-time","2015/2016","Tier 4 (General)","322","150","Not Applicable","None","None","Yes","322","150","September","January",60,97.92
"2015","Pakistan","Heriot-Watt University","All postgraduate","Full-time","2015/2016","Tier 4 (General)","322","150","Not Applicable","None","None","Yes","322","150","September","January",180,97.92
"2015","Pakistan","Queen Margaret University, Edinburgh","All postgraduate","Full-time","2015/2016","Tier 4 (General)","322","150","Not Applicable","None","None","Yes","322","150","September","January",60,97.92
"2015","Pakistan","Robert Gordon University","All postgraduate","Full-time","2015/2016","Tier 4 (General)","322","150","Not Applicable","None","None","Yes","322","150","September","January",60,97.92
"2015","Pakistan","Royal Conservatoire of Scotland","All postgraduate","Full-time","2015/2016","Tier 4 (General)","322","150","Not Applicable","None","None","Yes","322","150","September","January",0,97.92
"2015","Pakistan","SRUC","All postgraduate","Full-time","2015/2016","Tier 4 (General)","322","150","Not Applicable","None","None","Yes","322","150","September","January",0,97.92
"2015","Pakistan","The University of Aberdeen","All postgraduate","Full-time","2015/2016","Tier 4 (General)","322","150","Not Applicable","None","None","Yes","322","150","September","January",120,97.92
"2015","Pakistan","The University of Dundee","All postgraduate","Full-time","2015/2016","Tier 4 (General)","322","150","Not Applicable","None","None","Yes","322","150","September","January",180,97.92
"2015","Pakistan","The University of Edinburgh","All postgraduate","Full-time","2015/2016","Tier 4 (General)","322","150","Not Applicable","None","None","Yes","322","150","September","January",120,97.92
"2015","Pakistan","The University of Glasgow","All postgraduate","Full-time","2015/2016","Tier 4 (General)","322","150","Not Applicable","None","None","Yes","322","150","September","January",360,97.92
"2015","Pakistan","The University of St. Andrews","All postgraduate","Full-time","2015/2016","Tier 4 (General)","322","150","Not Applicable","None","None","Yes","322","150","September","January",60,97.92
"2015","Pakistan","The University of Stirling","All postgraduate","Full-time","2015/2016","Tier 4 (General)","322","150","Not Applicable","None","None","Yes","322","150","September","January",60,97.92
"2015","Pakistan","The University of Strathclyde","All postgraduate","Full-time","2015/2016","Tier 4 (General)","322","150","Not Applicable","None","None","Yes","322","150","September","January",240,97.92
"2015","Pakistan","The University of the West of Scotland","All postgraduate","Full-time","2015/2016","Tier 4 (General)","322","150","Not Applicable","None","None","Yes","322","150","September","January",720,97.92
"2015","Pakistan","University of the Highlands and Islands","All postgraduate","Full-time","2015/2016","Tier 4 (General)","322","150","Not Applicable","None","None","Yes","322","150","September","January",0,97.92
"2015","Tanzania","Abertay University","All postgraduate","Full-time","2015/2016","Tier 4 (General)","322","150","Not Applicable","None","None","Yes","322","150","September","January",0,3099.67
"2015","Tanzania","Edinburgh Napier University","All postgraduate","Full-time","2015/2016","Tier 4 (General)","322","150","Not Applicable","None","None","Yes","322","150","September","January",60,3099.67
"2015","Tanzania","Glasgow Caledonian University","All postgraduate","Full-time","2015/2016","Tier 4 (General)","322","150","Not Applicable","None","None","Yes","322","150","September","January",60,3099.67
"2015","Tanzania","Glasgow School of Art","All postgraduate","Full-time","2015/2016","Tier 4 (General)","322","150","Not Applicable","None","None","Yes","322","150","September","January",0,3099.67
"2015","Tanzania","Heriot-Watt University","All postgraduate","Full-time","2015/2016","Tier 4 (General)","322","150","Not Applicable","None","None","Yes","322","150","September","January",120,3099.67
"2015","Tanzania","Queen Margaret University, Edinburgh","All postgraduate","Full-time","2015/2016","Tier 4 (General)","322","150","Not Applicable","None","None","Yes","322","150","September","January",0,3099.67
"2015","Tanzania","Robert Gordon University","All postgraduate","Full-time","2015/2016","Tier 4 (General)","322","150","Not Applicable","None","None","Yes","322","150","September","January",120,3099.67
"2015","Tanzania","Royal Conservatoire of Scotland","All postgraduate","Full-time","2015/2016","Tier 4 (General)","322","150","Not Applicable","None","None","Yes","322","150","September","January",0,3099.67
"2015","Tanzania","SRUC","All postgraduate","Full-time","2015/2016","Tier 4 (General)","322","150","Not Applicable","None","None","Yes","322","150","September","January",0,3099.67
"2015","Tanzania","The University of Aberdeen","All postgraduate","Full-time","2015/2016","Tier 4 (General)","322","150","Not Applicable","None","None","Yes","322","150","September","January",240,3099.67
"2015","Tanzania","The University of Dundee","All postgraduate","Full-time","2015/2016","Tier 4 (General)","322","150","Not Applicable","None","None","Yes","322","150","September","January",60,3099.67
"2015","Tanzania","The University of Edinburgh","All postgraduate","Full-time","2015/2016","Tier 4 (General)","322","150","Not Applicable","None","None","Yes","322","150","September","January",120,3099.67
"2015","Tanzania","The University of Glasgow","All postgraduate","Full-time","2015/2016","Tier 4 (General)","322","150","Not Applicable","None","None","Yes","322","150","September","January",120,3099.67
"2015","Tanzania","The University of St. Andrews","All postgraduate","Full-time","2015/2016","Tier 4 (General)","322","150","Not Applicable","None","None","Yes","322","150","September","January",0,3099.67
"2015","Tanzania","The University of Stirling","All postgraduate","Full-time","2015/2016","Tier 4 (General)","322","150","Not Applicable","None","None","Yes","322","150","September","January",0,3099.67
"2015","Tanzania","The University of Strathclyde","All postgraduate","Full-time","2015/2016","Tier 4 (General)","322","150","Not Applicable","None","None","Yes","322","150","September","January",60,3099.67
"2015","Tanzania","The University of the West of Scotland","All postgraduate","Full-time","2015/2016","Tier 4 (General)","322","150","Not Applicable","None","None","Yes","322","150","September","January",0,3099.67
"2015","Tanzania","University of the Highlands and Islands","All postgraduate","Full-time","2015/2016","Tier 4 (General)","322","150","Not Applicable","None","None","Yes","322","150","September","January",0,3099.67
"2015","Thailand","Abertay University","All postgraduate","Full-time","2015/2016","Tier 4 (General)","322","150","Not Applicable","None","None","Yes","322","150","September","January",0,52.43
"2015","Thailand","Edinburgh Napier University","All postgraduate","Full-time","2015/2016","Tier 4 (General)","322","150","Not Applicable","None","None","Yes","322","150","September","January",0,52.43
"2015","Thailand","Glasgow Caledonian University","All postgraduate","Full-time","2015/2016","Tier 4 (General)","322","150","Not Applicable","None","None","Yes","322","150","September","January",180,52.43
"2015","Thailand","Glasgow School of Art","All postgraduate","Full-time","2015/2016","Tier 4 (General)","322","150","Not Applicable","None","None","Yes","322","150","September","January",120,52.43
"2015","Thailand","Heriot-Watt University","All postgraduate","Full-time","2015/2016","Tier 4 (General)","322","150","Not Applicable","None","None","Yes","322","150","September","January",300,52.43
"2015","Thailand","Queen Margaret University, Edinburgh","All postgraduate","Full-time","2015/2016","Tier 4 (General)","322","150","Not Applicable","None","None","Yes","322","150","September","January",0,52.43
"2015","Thailand","Robert Gordon University","All postgraduate","Full-time","2015/2016","Tier 4 (General)","322","150","Not Applicable","None","None","Yes","322","150","September","January",120,52.43
"2015","Thailand","Royal Conservatoire of Scotland","All postgraduate","Full-time","2015/2016","Tier 4 (General)","322","150","Not Applicable","None","None","Yes","322","150","September","January",0,52.43
"2015","Thailand","SRUC","All postgraduate","Full-time","2015/2016","Tier 4 (General)","322","150","Not Applicable","None","None","Yes","322","150","September","January",0,52.43
"2015","Thailand","The University of Aberdeen","All postgraduate","Full-time","2015/2016","Tier 4 (General)","322","150","Not Applicable","None","None","Yes","322","150","September","January",960,52.43
"2015","Thailand","The University of Dundee","All postgraduate","Full-time","2015/2016","Tier 4 (General)","322","150","Not Applicable","None","None","Yes","322","150","September","January",180,52.43
"2015","Thailand","The University of Edinburgh","All postgraduate","Full-time","2015/2016","Tier 4 (General)","322","150","Not Applicable","None","None","Yes","322","150","September","January",600,52.43
"2015","Thailand","The University of Glasgow","All postgraduate","Full-time","2015/2016","Tier 4 (General)","322","150","Not Applicable","None","None","Yes","322","150","September","January",780,52.43
"2015","Thailand","The University of St. Andrews","All postgraduate","Full-time","2015/2016","Tier 4 (General)","322","150","Not Applicable","None","None","Yes","322","150","September","January",240,52.43
"2015","Thailand","The University of Stirling","All postgraduate","Full-time","2015/2016","Tier 4 (General)","322","150","Not Applicable","None","None","Yes","322","150","September","January",240,52.43
"2015","Thailand","The University of Strathclyde","All postgraduate","Full-time","2015/2016","Tier 4 (General)","322","150","Not Applicable","None","None","Yes","322","150","September","January",1440,52.43
"2015","Thailand","The University of the West of Scotland","All postgraduate","Full-time","2015/2016","Tier 4 (General)","322","150","Not Applicable","None","None","Yes","322","150","September","January",60,52.43
"2015","Thailand","University of the Highlands and Islands","All postgraduate","Full-time","2015/2016","Tier 4 (General)","322","150","Not Applicable","None","None","Yes","322","150","September","January",0,52.43
"2015","Turkey","Abertay University","All postgraduate","Full-time","2015/2016","Tier 4 (General)","322","150","Not Applicable","None","None","Yes","322","150","September","January",0,3.6
"2015","Turkey","Edinburgh Napier University","All postgraduate","Full-time","2015/2016","Tier 4 (General)","322","150","Not Applicable","None","None","Yes","322","150","September","January",0,3.6
"2015","Turkey","Glasgow Caledonian University","All postgraduate","Full-time","2015/2016","Tier 4 (General)","322","150","Not Applicable","None","None","Yes","322","150","September","January",50,3.6
"2015","Turkey","Glasgow School of Art","All postgraduate","Full-time","2015/2016","Tier 4 (General)","322","150","Not Applicable","None","None","Yes","322","150","September","January",0,3.6
"2015","Turkey","Heriot-Watt University","All postgraduate","Full-time","2015/2016","Tier 4 (General)","322","150","Not Applicable","None","None","Yes","322","150","September","January",100,3.6
"2015","Turkey","Queen Margaret University, Edinburgh","All postgraduate","Full-time","2015/2016","Tier 4 (General)","322","150","Not Applicable","None","None","Yes","322","150","September","January",0,3.6
"2015","Turkey","Robert Gordon University","All postgraduate","Full-time","2015/2016","Tier 4 (General)","322","150","Not Applicable","None","None","Yes","322","150","September","January",0,3.6
"2015","Turkey","Royal Conservatoire of Scotland","All postgraduate","Full-time","2015/2016","Tier 4 (General)","322","150","Not Applicable","None","None","Yes","322","150","September","January",0,3.6
"2015","Turkey","SRUC","All postgraduate","Full-time","2015/2016","Tier 4 (General)","322","150","Not Applicable","None","None","Yes","322","150","September","January",0,3.6
"2015","Turkey","The University of Aberdeen","All postgraduate","Full-time","2015/2016","Tier 4 (General)","322","150","Not Applicable","None","None","Yes","322","150","September","January",100,3.6
"2015","Turkey","The University of Dundee","All postgraduate","Full-time","2015/2016","Tier 4 (General)","322","150","Not Applicable","None","None","Yes","322","150","September","January",100,3.6
"2015","Turkey","The University of Edinburgh","All postgraduate","Full-time","2015/2016","Tier 4 (General)","322","150","Not Applicable","None","None","Yes","322","150","September","January",350,3.6
"2015","Turkey","The University of Glasgow","All postgraduate","Full-time","2015/2016","Tier 4 (General)","322","150","Not Applicable","None","None","Yes","322","150","September","January",150,3.6
"2015","Turkey","The University of St. Andrews","All postgraduate","Full-time","2015/2016","Tier 4 (General)","322","150","Not Applicable","None","None","Yes","322","150","September","January",100,3.6
"2015","Turkey","The University of Stirling","All postgraduate","Full-time","2015/2016","Tier 4 (General)","322","150","Not Applicable","None","None","Yes","322","150","September","January",100,3.6
"2015","Turkey","The University of Strathclyde","All postgraduate","Full-time","2015/2016","Tier 4 (General)","322","150","Not Applicable","None","None","Yes","322","150","September","January",200,3.6
"2015","Turkey","The University of the West of Scotland","All postgraduate","Full-time","2015/2016","Tier 4 (General)","322","150","Not Applicable","None","None","Yes","322","150","September","January",200,3.6
"2015","Turkey","University of the Highlands and Islands","All postgraduate","Full-time","2015/2016","Tier 4 (General)","322","150","Not Applicable","None","None","Yes","322","150","September","January",0,3.6
"2015","Uganda","Abertay University","All postgraduate","Full-time","2015/2016","Tier 4 (General)","322","150","Not Applicable","None","None","Yes","322","150","September","January",0,4971.36
"2015","Uganda","Edinburgh Napier University","All postgraduate","Full-time","2015/2016","Tier 4 (General)","322","150","Not Applicable","None","None","Yes","322","150","September","January",0,4971.36
"2015","Uganda","Glasgow Caledonian University","All postgraduate","Full-time","2015/2016","Tier 4 (General)","322","150","Not Applicable","None","None","Yes","322","150","September","January",0,4971.36
"2015","Uganda","Glasgow School of Art","All postgraduate","Full-time","2015/2016","Tier 4 (General)","322","150","Not Applicable","None","None","Yes","322","150","September","January",0,4971.36
"2015","Uganda","Heriot-Watt University","All postgraduate","Full-time","2015/2016","Tier 4 (General)","322","150","Not Applicable","None","None","Yes","322","150","September","January",60,4971.36
"2015","Uganda","Queen Margaret University, Edinburgh","All postgraduate","Full-time","2015/2016","Tier 4 (General)","322","150","Not Applicable","None","None","Yes","322","150","September","January",0,4971.36
"2015","Uganda","Robert Gordon University","All postgraduate","Full-time","2015/2016","Tier 4 (General)","322","150","Not Applicable","None","None","Yes","322","150","September","January",120,4971.36
"2015","Uganda","Royal Conservatoire of Scotland","All postgraduate","Full-time","2015/2016","Tier 4 (General)","322","150","Not Applicable","None","None","Yes","322","150","September","January",0,4971.36
"2015","Uganda","SRUC","All postgraduate","Full-time","2015/2016","Tier 4 (General)","322","150","Not Applicable","None","None","Yes","322","150","September","January",0,4971.36
"2015","Uganda","The University of Aberdeen","All postgraduate","Full-time","2015/2016","Tier 4 (General)","322","150","Not Applicable","None","None","Yes","322","150","September","January",120,4971.36
"2015","Uganda","The University of Dundee","All postgraduate","Full-time","2015/2016","Tier 4 (General)","322","150","Not Applicable","None","None","Yes","322","150","September","January",180,4971.36
"2015","Uganda","The University of Edinburgh","All postgraduate","Full-time","2015/2016","Tier 4 (General)","322","150","Not Applicable","None","None","Yes","322","150","September","January",60,4971.36
"2015","Uganda","The University of Glasgow","All postgraduate","Full-time","2015/2016","Tier 4 (General)","322","150","Not Applicable","None","None","Yes","322","150","September","January",0,4971.36
"2015","Uganda","The University of St. Andrews","All postgraduate","Full-time","2015/2016","Tier 4 (General)","322","150","Not Applicable","None","None","Yes","322","150","September","January",60,4971.36
"2015","Uganda","The University of Stirling","All postgraduate","Full-time","2015/2016","Tier 4 (General)","322","150","Not Applicable","None","None","Yes","322","150","September","January",60,4971.36
"2015","Uganda","The University of Strathclyde","All postgraduate","Full-time","2015/2016","Tier 4 (General)","322","150","Not Applicable","None","None","Yes","322","150","September","January",0,4971.36
"2015","Uganda","The University of the West of Scotland","All postgraduate","Full-time","2015/2016","Tier 4 (General)","322","150","Not Applicable","None","None","Yes","322","150","September","January",0,4971.36
"2015","Uganda","University of the Highlands and Islands","All postgraduate","Full-time","2015/2016","Tier 4 (General)","322","150","Not Applicable","None","None","Yes","322","150","September","January",0,4971.36
"2016","China","Abertay University","All postgraduate","Full-time","2016/2017","Tier 4 Pilot","328","150","Tier 2 Only","Companny Dependent","20800","Yes","328","150","September","January",0,8.94
"2016","China","Edinburgh Napier University","All postgraduate","Full-time","2016/2017","Tier 4 Pilot","328","150","Tier 2 Only","Companny Dependent","20800","Yes","328","150","September","January",600,8.94
"2016","China","Glasgow Caledonian University","All postgraduate","Full-time","2016/2017","Tier 4 Pilot","328","150","Tier 2 Only","Companny Dependent","20800","Yes","328","150","September","January",840,8.94
"2016","China","Glasgow School of Art","All postgraduate","Full-time","2016/2017","Tier 4 Pilot","328","150","Tier 2 Only","Companny Dependent","20800","Yes","328","150","September","January",780,8.94
"2016","China","Heriot-Watt University","All postgraduate","Full-time","2016/2017","Tier 4 Pilot","328","150","Tier 2 Only","Companny Dependent","20800","Yes","328","150","September","January",3300,8.94
"2016","China","Queen Margaret University, Edinburgh","All postgraduate","Full-time","2016/2017","Tier 4 Pilot","328","150","Tier 2 Only","Companny Dependent","20800","Yes","328","150","September","January",0,8.94
"2016","China","Robert Gordon University","All postgraduate","Full-time","2016/2017","Tier 4 Pilot","328","150","Tier 2 Only","Companny Dependent","20800","Yes","328","150","September","January",480,8.94
"2016","China","Royal Conservatoire of Scotland","All postgraduate","Full-time","2016/2017","Tier 4 Pilot","328","150","Tier 2 Only","Companny Dependent","20800","Yes","328","150","September","January",240,8.94
"2016","China","SRUC","All postgraduate","Full-time","2016/2017","Tier 4 Pilot","328","150","Tier 2 Only","Companny Dependent","20800","Yes","328","150","September","January",0,8.94
"2016","China","The University of Aberdeen","All postgraduate","Full-time","2016/2017","Tier 4 Pilot","328","150","Tier 2 Only","Companny Dependent","20800","Yes","328","150","September","January",1560,8.94
"2016","China","The University of Dundee","All postgraduate","Full-time","2016/2017","Tier 4 Pilot","328","150","Tier 2 Only","Companny Dependent","20800","Yes","328","150","September","January",3120,8.94
"2016","China","The University of Edinburgh","All postgraduate","Full-time","2016/2017","Tier 4 Pilot","328","150","Tier 2 Only","Companny Dependent","20800","Yes","328","150","September","January",19140,8.94
"2016","China","The University of Glasgow","All postgraduate","Full-time","2016/2017","Tier 4 Pilot","328","150","Tier 2 Only","Companny Dependent","20800","Yes","328","150","September","January",22980,8.94
"2016","China","The University of St. Andrews","All postgraduate","Full-time","2016/2017","Tier 4 Pilot","328","150","Tier 2 Only","Companny Dependent","20800","Yes","328","150","September","January",2460,8.94
"2016","China","The University of Stirling","All postgraduate","Full-time","2016/2017","Tier 4 Pilot","328","150","Tier 2 Only","Companny Dependent","20800","Yes","328","150","September","January",6840,8.94
"2016","China","The University of Strathclyde","All postgraduate","Full-time","2016/2017","Tier 4 Pilot","328","150","Tier 2 Only","Companny Dependent","20800","Yes","328","150","September","January",4980,8.94
"2016","China","The University of the West of Scotland","All postgraduate","Full-time","2016/2017","Tier 4 Pilot","328","150","Tier 2 Only","Companny Dependent","20800","Yes","328","150","September","January",240,8.94
"2016","China","University of the Highlands and Islands","All postgraduate","Full-time","2016/2017","Tier 4 Pilot","328","150","Tier 2 Only","Companny Dependent","20800","Yes","328","150","September","January",0,8.94
"2016","Gambia","Abertay University","All postgraduate","Full-time","2016/2017","Tier 4 Pilot","328","150","Tier 2 Only","Companny Dependent","20800","Yes","328","150","September","January",0,56.5
"2016","Gambia","Edinburgh Napier University","All postgraduate","Full-time","2016/2017","Tier 4 Pilot","328","150","Tier 2 Only","Companny Dependent","20800","Yes","328","150","September","January",0,56.5
"2016","Gambia","Glasgow Caledonian University","All postgraduate","Full-time","2016/2017","Tier 4 Pilot","328","150","Tier 2 Only","Companny Dependent","20800","Yes","328","150","September","January",120,56.5
"2016","Gambia","Glasgow School of Art","All postgraduate","Full-time","2016/2017","Tier 4 Pilot","328","150","Tier 2 Only","Companny Dependent","20800","Yes","328","150","September","January",0,56.5
"2016","Gambia","Heriot-Watt University","All postgraduate","Full-time","2016/2017","Tier 4 Pilot","328","150","Tier 2 Only","Companny Dependent","20800","Yes","328","150","September","January",0,56.5
"2016","Gambia","Queen Margaret University, Edinburgh","All postgraduate","Full-time","2016/2017","Tier 4 Pilot","328","150","Tier 2 Only","Companny Dependent","20800","Yes","328","150","September","January",0,56.5
"2016","Gambia","Robert Gordon University","All postgraduate","Full-time","2016/2017","Tier 4 Pilot","328","150","Tier 2 Only","Companny Dependent","20800","Yes","328","150","September","January",0,56.5
"2016","Gambia","Royal Conservatoire of Scotland","All postgraduate","Full-time","2016/2017","Tier 4 Pilot","328","150","Tier 2 Only","Companny Dependent","20800","Yes","328","150","September","January",0,56.5
"2016","Gambia","SRUC","All postgraduate","Full-time","2016/2017","Tier 4 Pilot","328","150","Tier 2 Only","Companny Dependent","20800","Yes","328","150","September","January",0,56.5
"2016","Gambia","The University of Aberdeen","All postgraduate","Full-time","2016/2017","Tier 4 Pilot","328","150","Tier 2 Only","Companny Dependent","20800","Yes","328","150","September","January",0,56.5
"2016","Gambia","The University of Dundee","All postgraduate","Full-time","2016/2017","Tier 4 Pilot","328","150","Tier 2 Only","Companny Dependent","20800","Yes","328","150","September","January",0,56.5
"2016","Gambia","The University of Edinburgh","All postgraduate","Full-time","2016/2017","Tier 4 Pilot","328","150","Tier 2 Only","Companny Dependent","20800","Yes","328","150","September","January",0,56.5
"2016","Gambia","The University of Glasgow","All postgraduate","Full-time","2016/2017","Tier 4 Pilot","328","150","Tier 2 Only","Companny Dependent","20800","Yes","328","150","September","January",0,56.5
"2016","Gambia","The University of St. Andrews","All postgraduate","Full-time","2016/2017","Tier 4 Pilot","328","150","Tier 2 Only","Companny Dependent","20800","Yes","328","150","September","January",0,56.5
"2016","Gambia","The University of Stirling","All postgraduate","Full-time","2016/2017","Tier 4 Pilot","328","150","Tier 2 Only","Companny Dependent","20800","Yes","328","150","September","January",0,56.5
"2016","Gambia","The University of Strathclyde","All postgraduate","Full-time","2016/2017","Tier 4 Pilot","328","150","Tier 2 Only","Companny Dependent","20800","Yes","328","150","September","January",0,56.5
"2016","Gambia","The University of the West of Scotland","All postgraduate","Full-time","2016/2017","Tier 4 Pilot","328","150","Tier 2 Only","Companny Dependent","20800","Yes","328","150","September","January",0,56.5
"2016","Gambia","University of the Highlands and Islands","All postgraduate","Full-time","2016/2017","Tier 4 Pilot","328","150","Tier 2 Only","Companny Dependent","20800","Yes","328","150","September","January",0,56.5
"2016","Ghana","Abertay University","All postgraduate","Full-time","2016/2017","Tier 4 Pilot","328","150","Tier 2 Only","Companny Dependent","20800","Yes","328","150","September","January",0,5.33
"2016","Ghana","Edinburgh Napier University","All postgraduate","Full-time","2016/2017","Tier 4 Pilot","328","150","Tier 2 Only","Companny Dependent","20800","Yes","328","150","September","January",60,5.33
"2016","Ghana","Glasgow Caledonian University","All postgraduate","Full-time","2016/2017","Tier 4 Pilot","328","150","Tier 2 Only","Companny Dependent","20800","Yes","328","150","September","January",120,5.33
"2016","Ghana","Glasgow School of Art","All postgraduate","Full-time","2016/2017","Tier 4 Pilot","328","150","Tier 2 Only","Companny Dependent","20800","Yes","328","150","September","January",0,5.33
"2016","Ghana","Heriot-Watt University","All postgraduate","Full-time","2016/2017","Tier 4 Pilot","328","150","Tier 2 Only","Companny Dependent","20800","Yes","328","150","September","January",240,5.33
"2016","Ghana","Queen Margaret University, Edinburgh","All postgraduate","Full-time","2016/2017","Tier 4 Pilot","328","150","Tier 2 Only","Companny Dependent","20800","Yes","328","150","September","January",60,5.33
"2016","Ghana","Robert Gordon University","All postgraduate","Full-time","2016/2017","Tier 4 Pilot","328","150","Tier 2 Only","Companny Dependent","20800","Yes","328","150","September","January",600,5.33
"2016","Ghana","Royal Conservatoire of Scotland","All postgraduate","Full-time","2016/2017","Tier 4 Pilot","328","150","Tier 2 Only","Companny Dependent","20800","Yes","328","150","September","January",0,5.33
"2016","Ghana","SRUC","All postgraduate","Full-time","2016/2017","Tier 4 Pilot","328","150","Tier 2 Only","Companny Dependent","20800","Yes","328","150","September","January",0,5.33
"2016","Ghana","The University of Aberdeen","All postgraduate","Full-time","2016/2017","Tier 4 Pilot","328","150","Tier 2 Only","Companny Dependent","20800","Yes","328","150","September","January",360,5.33
"2016","Ghana","The University of Dundee","All postgraduate","Full-time","2016/2017","Tier 4 Pilot","328","150","Tier 2 Only","Companny Dependent","20800","Yes","328","150","September","January",240,5.33
"2016","Ghana","The University of Edinburgh","All postgraduate","Full-time","2016/2017","Tier 4 Pilot","328","150","Tier 2 Only","Companny Dependent","20800","Yes","328","150","September","January",180,5.33
"2016","Ghana","The University of Glasgow","All postgraduate","Full-time","2016/2017","Tier 4 Pilot","328","150","Tier 2 Only","Companny Dependent","20800","Yes","328","150","September","January",120,5.33
"2016","Ghana","The University of St. Andrews","All postgraduate","Full-time","2016/2017","Tier 4 Pilot","328","150","Tier 2 Only","Companny Dependent","20800","Yes","328","150","September","January",0,5.33
"2016","Ghana","The University of Stirling","All postgraduate","Full-time","2016/2017","Tier 4 Pilot","328","150","Tier 2 Only","Companny Dependent","20800","Yes","328","150","September","January",180,5.33
"2016","Ghana","The University of Strathclyde","All postgraduate","Full-time","2016/2017","Tier 4 Pilot","328","150","Tier 2 Only","Companny Dependent","20800","Yes","328","150","September","January",180,5.33
"2016","Ghana","The University of the West of Scotland","All postgraduate","Full-time","2016/2017","Tier 4 Pilot","328","150","Tier 2 Only","Companny Dependent","20800","Yes","328","150","September","January",240,5.33
"2016","Ghana","University of the Highlands and Islands","All postgraduate","Full-time","2016/2017","Tier 4 Pilot","328","150","Tier 2 Only","Companny Dependent","20800","Yes","328","150","September","January",0,5.33
"2016","India","Abertay University","All postgraduate","Full-time","2016/2017","Tier 4 Pilot","328","150","Tier 2 Only","Companny Dependent","20800","Yes","328","150","September","January",60,90.37
"2016","India","Edinburgh Napier University","All postgraduate","Full-time","2016/2017","Tier 4 Pilot","328","150","Tier 2 Only","Companny Dependent","20800","Yes","328","150","September","January",900,90.37
"2016","India","Glasgow Caledonian University","All postgraduate","Full-time","2016/2017","Tier 4 Pilot","328","150","Tier 2 Only","Companny Dependent","20800","Yes","328","150","September","January",1020,90.37
"2016","India","Glasgow School of Art","All postgraduate","Full-time","2016/2017","Tier 4 Pilot","328","150","Tier 2 Only","Companny Dependent","20800","Yes","328","150","September","January",120,90.37
"2016","India","Heriot-Watt University","All postgraduate","Full-time","2016/2017","Tier 4 Pilot","328","150","Tier 2 Only","Companny Dependent","20800","Yes","328","150","September","January",720,90.37
"2016","India","Queen Margaret University, Edinburgh","All postgraduate","Full-time","2016/2017","Tier 4 Pilot","328","150","Tier 2 Only","Companny Dependent","20800","Yes","328","150","September","January",60,90.37
"2016","India","Robert Gordon University","All postgraduate","Full-time","2016/2017","Tier 4 Pilot","328","150","Tier 2 Only","Companny Dependent","20800","Yes","328","150","September","January",540,90.37
"2016","India","Royal Conservatoire of Scotland","All postgraduate","Full-time","2016/2017","Tier 4 Pilot","328","150","Tier 2 Only","Companny Dependent","20800","Yes","328","150","September","January",0,90.37
"2016","India","SRUC","All postgraduate","Full-time","2016/2017","Tier 4 Pilot","328","150","Tier 2 Only","Companny Dependent","20800","Yes","328","150","September","January",0,90.37
"2016","India","The University of Aberdeen","All postgraduate","Full-time","2016/2017","Tier 4 Pilot","328","150","Tier 2 Only","Companny Dependent","20800","Yes","328","150","September","January",480,90.37
"2016","India","The University of Dundee","All postgraduate","Full-time","2016/2017","Tier 4 Pilot","328","150","Tier 2 Only","Companny Dependent","20800","Yes","328","150","September","January",660,90.37
"2016","India","The University of Edinburgh","All postgraduate","Full-time","2016/2017","Tier 4 Pilot","328","150","Tier 2 Only","Companny Dependent","20800","Yes","328","150","September","January",1980,90.37
"2016","India","The University of Glasgow","All postgraduate","Full-time","2016/2017","Tier 4 Pilot","328","150","Tier 2 Only","Companny Dependent","20800","Yes","328","150","September","January",960,90.37
"2016","India","The University of St. Andrews","All postgraduate","Full-time","2016/2017","Tier 4 Pilot","328","150","Tier 2 Only","Companny Dependent","20800","Yes","328","150","September","January",360,90.37
"2016","India","The University of Stirling","All postgraduate","Full-time","2016/2017","Tier 4 Pilot","328","150","Tier 2 Only","Companny Dependent","20800","Yes","328","150","September","January",600,90.37
"2016","India","The University of Strathclyde","All postgraduate","Full-time","2016/2017","Tier 4 Pilot","328","150","Tier 2 Only","Companny Dependent","20800","Yes","328","150","September","January",1920,90.37
"2016","India","The University of the West of Scotland","All postgraduate","Full-time","2016/2017","Tier 4 Pilot","328","150","Tier 2 Only","Companny Dependent","20800","Yes","328","150","September","January",720,90.37
"2016","India","University of the Highlands and Islands","All postgraduate","Full-time","2016/2017","Tier 4 Pilot","328","150","Tier 2 Only","Companny Dependent","20800","Yes","328","150","September","January",60,90.37
"2016","Japan","Abertay University","All postgraduate","Full-time","2016/2017","Tier 4 Pilot","328","150","Tier 2 Only","Companny Dependent","20800","Yes","328","150","September","January",0,146.81
"2016","Japan","Edinburgh Napier University","All postgraduate","Full-time","2016/2017","Tier 4 Pilot","328","150","Tier 2 Only","Companny Dependent","20800","Yes","328","150","September","January",0,146.81
"2016","Japan","Glasgow Caledonian University","All postgraduate","Full-time","2016/2017","Tier 4 Pilot","328","150","Tier 2 Only","Companny Dependent","20800","Yes","328","150","September","January",0,146.81
"2016","Japan","Glasgow School of Art","All postgraduate","Full-time","2016/2017","Tier 4 Pilot","328","150","Tier 2 Only","Companny Dependent","20800","Yes","328","150","September","January",60,146.81
"2016","Japan","Heriot-Watt University","All postgraduate","Full-time","2016/2017","Tier 4 Pilot","328","150","Tier 2 Only","Companny Dependent","20800","Yes","328","150","September","January",60,146.81
"2016","Japan","Queen Margaret University, Edinburgh","All postgraduate","Full-time","2016/2017","Tier 4 Pilot","328","150","Tier 2 Only","Companny Dependent","20800","Yes","328","150","September","January",0,146.81
"2016","Japan","Robert Gordon University","All postgraduate","Full-time","2016/2017","Tier 4 Pilot","328","150","Tier 2 Only","Companny Dependent","20800","Yes","328","150","September","January",0,146.81
"2016","Japan","Royal Conservatoire of Scotland","All postgraduate","Full-time","2016/2017","Tier 4 Pilot","328","150","Tier 2 Only","Companny Dependent","20800","Yes","328","150","September","January",0,146.81
"2016","Japan","SRUC","All postgraduate","Full-time","2016/2017","Tier 4 Pilot","328","150","Tier 2 Only","Companny Dependent","20800","Yes","328","150","September","January",0,146.81
"2016","Japan","The University of Aberdeen","All postgraduate","Full-time","2016/2017","Tier 4 Pilot","328","150","Tier 2 Only","Companny Dependent","20800","Yes","328","150","September","January",60,146.81
"2016","Japan","The University of Dundee","All postgraduate","Full-time","2016/2017","Tier 4 Pilot","328","150","Tier 2 Only","Companny Dependent","20800","Yes","328","150","September","January",0,146.81
"2016","Japan","The University of Edinburgh","All postgraduate","Full-time","2016/2017","Tier 4 Pilot","328","150","Tier 2 Only","Companny Dependent","20800","Yes","328","150","September","January",480,146.81
"2016","Japan","The University of Glasgow","All postgraduate","Full-time","2016/2017","Tier 4 Pilot","328","150","Tier 2 Only","Companny Dependent","20800","Yes","328","150","September","January",240,146.81
"2016","Japan","The University of St. Andrews","All postgraduate","Full-time","2016/2017","Tier 4 Pilot","328","150","Tier 2 Only","Companny Dependent","20800","Yes","328","150","September","January",120,146.81
"2016","Japan","The University of Stirling","All postgraduate","Full-time","2016/2017","Tier 4 Pilot","328","150","Tier 2 Only","Companny Dependent","20800","Yes","328","150","September","January",240,146.81
"2016","Japan","The University of Strathclyde","All postgraduate","Full-time","2016/2017","Tier 4 Pilot","328","150","Tier 2 Only","Companny Dependent","20800","Yes","328","150","September","January",60,146.81
"2016","Japan","The University of the West of Scotland","All postgraduate","Full-time","2016/2017","Tier 4 Pilot","328","150","Tier 2 Only","Companny Dependent","20800","Yes","328","150","September","January",0,146.81
"2016","Japan","University of the Highlands and Islands","All postgraduate","Full-time","2016/2017","Tier 4 Pilot","328","150","Tier 2 Only","Companny Dependent","20800","Yes","328","150","September","January",0,146.81
"2016","Kenya","Abertay University","All postgraduate","Full-time","2016/2017","Tier 4 Pilot","328","150","Tier 2 Only","Companny Dependent","20800","Yes","328","150","September","January",0,136.37
"2016","Kenya","Edinburgh Napier University","All postgraduate","Full-time","2016/2017","Tier 4 Pilot","328","150","Tier 2 Only","Companny Dependent","20800","Yes","328","150","September","January",60,136.37
"2016","Kenya","Glasgow Caledonian University","All postgraduate","Full-time","2016/2017","Tier 4 Pilot","328","150","Tier 2 Only","Companny Dependent","20800","Yes","328","150","September","January",60,136.37
"2016","Kenya","Glasgow School of Art","All postgraduate","Full-time","2016/2017","Tier 4 Pilot","328","150","Tier 2 Only","Companny Dependent","20800","Yes","328","150","September","January",0,136.37
"2016","Kenya","Heriot-Watt University","All postgraduate","Full-time","2016/2017","Tier 4 Pilot","328","150","Tier 2 Only","Companny Dependent","20800","Yes","328","150","September","January",120,136.37
"2016","Kenya","Queen Margaret University, Edinburgh","All postgraduate","Full-time","2016/2017","Tier 4 Pilot","328","150","Tier 2 Only","Companny Dependent","20800","Yes","328","150","September","January",0,136.37
"2016","Kenya","Robert Gordon University","All postgraduate","Full-time","2016/2017","Tier 4 Pilot","328","150","Tier 2 Only","Companny Dependent","20800","Yes","328","150","September","January",60,136.37
"2016","Kenya","Royal Conservatoire of Scotland","All postgraduate","Full-time","2016/2017","Tier 4 Pilot","328","150","Tier 2 Only","Companny Dependent","20800","Yes","328","150","September","January",0,136.37
"2016","Kenya","SRUC","All postgraduate","Full-time","2016/2017","Tier 4 Pilot","328","150","Tier 2 Only","Companny Dependent","20800","Yes","328","150","September","January",0,136.37
"2016","Kenya","The University of Aberdeen","All postgraduate","Full-time","2016/2017","Tier 4 Pilot","328","150","Tier 2 Only","Companny Dependent","20800","Yes","328","150","September","January",180,136.37
"2016","Kenya","The University of Dundee","All postgraduate","Full-time","2016/2017","Tier 4 Pilot","328","150","Tier 2 Only","Companny Dependent","20800","Yes","328","150","September","January",180,136.37
"2016","Kenya","The University of Edinburgh","All postgraduate","Full-time","2016/2017","Tier 4 Pilot","328","150","Tier 2 Only","Companny Dependent","20800","Yes","328","150","September","January",660,136.37
"2016","Kenya","The University of Glasgow","All postgraduate","Full-time","2016/2017","Tier 4 Pilot","328","150","Tier 2 Only","Companny Dependent","20800","Yes","328","150","September","January",240,136.37
"2016","Kenya","The University of St. Andrews","All postgraduate","Full-time","2016/2017","Tier 4 Pilot","328","150","Tier 2 Only","Companny Dependent","20800","Yes","328","150","September","January",120,136.37
"2016","Kenya","The University of Stirling","All postgraduate","Full-time","2016/2017","Tier 4 Pilot","328","150","Tier 2 Only","Companny Dependent","20800","Yes","328","150","September","January",60,136.37
"2016","Kenya","The University of Strathclyde","All postgraduate","Full-time","2016/2017","Tier 4 Pilot","328","150","Tier 2 Only","Companny Dependent","20800","Yes","328","150","September","January",60,136.37
"2016","Kenya","The University of the West of Scotland","All postgraduate","Full-time","2016/2017","Tier 4 Pilot","328","150","Tier 2 Only","Companny Dependent","20800","Yes","328","150","September","January",60,136.37
"2016","Kenya","University of the Highlands and Islands","All postgraduate","Full-time","2016/2017","Tier 4 Pilot","328","150","Tier 2 Only","Companny Dependent","20800","Yes","328","150","September","January",60,136.37
"2016","Kuwait","Abertay University","All postgraduate","Full-time","2016/2017","Tier 4 Pilot","328","150","Tier 2 Only","Companny Dependent","20800","Yes","328","150","September","January",0,0.4
"2016","Kuwait","Edinburgh Napier University","All postgraduate","Full-time","2016/2017","Tier 4 Pilot","328","150","Tier 2 Only","Companny Dependent","20800","Yes","328","150","September","January",0,0.4
"2016","Kuwait","Glasgow Caledonian University","All postgraduate","Full-time","2016/2017","Tier 4 Pilot","328","150","Tier 2 Only","Companny Dependent","20800","Yes","328","150","September","January",70,0.4
"2016","Kuwait","Glasgow School of Art","All postgraduate","Full-time","2016/2017","Tier 4 Pilot","328","150","Tier 2 Only","Companny Dependent","20800","Yes","328","150","September","January",0,0.4
"2016","Kuwait","Heriot-Watt University","All postgraduate","Full-time","2016/2017","Tier 4 Pilot","328","150","Tier 2 Only","Companny Dependent","20800","Yes","328","150","September","January",35,0.4
"2016","Kuwait","Queen Margaret University, Edinburgh","All postgraduate","Full-time","2016/2017","Tier 4 Pilot","328","150","Tier 2 Only","Companny Dependent","20800","Yes","328","150","September","January",0,0.4
"2016","Kuwait","Robert Gordon University","All postgraduate","Full-time","2016/2017","Tier 4 Pilot","328","150","Tier 2 Only","Companny Dependent","20800","Yes","328","150","September","January",0,0.4
"2016","Kuwait","Royal Conservatoire of Scotland","All postgraduate","Full-time","2016/2017","Tier 4 Pilot","328","150","Tier 2 Only","Companny Dependent","20800","Yes","328","150","September","January",0,0.4
"2016","Kuwait","SRUC","All postgraduate","Full-time","2016/2017","Tier 4 Pilot","328","150","Tier 2 Only","Companny Dependent","20800","Yes","328","150","September","January",0,0.4
"2016","Kuwait","The University of Aberdeen","All postgraduate","Full-time","2016/2017","Tier 4 Pilot","328","150","Tier 2 Only","Companny Dependent","20800","Yes","328","150","September","January",70,0.4
"2016","Kuwait","The University of Dundee","All postgraduate","Full-time","2016/2017","Tier 4 Pilot","328","150","Tier 2 Only","Companny Dependent","20800","Yes","328","150","September","January",70,0.4
"2016","Kuwait","The University of Edinburgh","All postgraduate","Full-time","2016/2017","Tier 4 Pilot","328","150","Tier 2 Only","Companny Dependent","20800","Yes","328","150","September","January",70,0.4
"2016","Kuwait","The University of Glasgow","All postgraduate","Full-time","2016/2017","Tier 4 Pilot","328","150","Tier 2 Only","Companny Dependent","20800","Yes","328","150","September","January",105,0.4
"2016","Kuwait","The University of St. Andrews","All postgraduate","Full-time","2016/2017","Tier 4 Pilot","328","150","Tier 2 Only","Companny Dependent","20800","Yes","328","150","September","January",0,0.4
"2016","Kuwait","The University of Stirling","All postgraduate","Full-time","2016/2017","Tier 4 Pilot","328","150","Tier 2 Only","Companny Dependent","20800","Yes","328","150","September","January",35,0.4
"2016","Kuwait","The University of Strathclyde","All postgraduate","Full-time","2016/2017","Tier 4 Pilot","328","150","Tier 2 Only","Companny Dependent","20800","Yes","328","150","September","January",105,0.4
"2016","Kuwait","The University of the West of Scotland","All postgraduate","Full-time","2016/2017","Tier 4 Pilot","328","150","Tier 2 Only","Companny Dependent","20800","Yes","328","150","September","January",35,0.4
"2016","Kuwait","University of the Highlands and Islands","All postgraduate","Full-time","2016/2017","Tier 4 Pilot","328","150","Tier 2 Only","Companny Dependent","20800","Yes","328","150","September","January",0,0.4
"2016","Libya","Abertay University","All postgraduate","Full-time","2016/2017","Tier 4 Pilot","328","150","Tier 2 Only","Companny Dependent","20800","Yes","328","150","September","January",0,1.84
"2016","Libya","Edinburgh Napier University","All postgraduate","Full-time","2016/2017","Tier 4 Pilot","328","150","Tier 2 Only","Companny Dependent","20800","Yes","328","150","September","January",0,1.84
"2016","Libya","Glasgow Caledonian University","All postgraduate","Full-time","2016/2017","Tier 4 Pilot","328","150","Tier 2 Only","Companny Dependent","20800","Yes","328","150","September","January",165,1.84
"2016","Libya","Glasgow School of Art","All postgraduate","Full-time","2016/2017","Tier 4 Pilot","328","150","Tier 2 Only","Companny Dependent","20800","Yes","328","150","September","January",0,1.84
"2016","Libya","Heriot-Watt University","All postgraduate","Full-time","2016/2017","Tier 4 Pilot","328","150","Tier 2 Only","Companny Dependent","20800","Yes","328","150","September","January",110,1.84
"2016","Libya","Queen Margaret University, Edinburgh","All postgraduate","Full-time","2016/2017","Tier 4 Pilot","328","150","Tier 2 Only","Companny Dependent","20800","Yes","328","150","September","January",0,1.84
"2016","Libya","Robert Gordon University","All postgraduate","Full-time","2016/2017","Tier 4 Pilot","328","150","Tier 2 Only","Companny Dependent","20800","Yes","328","150","September","January",0,1.84
"2016","Libya","Royal Conservatoire of Scotland","All postgraduate","Full-time","2016/2017","Tier 4 Pilot","328","150","Tier 2 Only","Companny Dependent","20800","Yes","328","150","September","January",0,1.84
"2016","Libya","SRUC","All postgraduate","Full-time","2016/2017","Tier 4 Pilot","328","150","Tier 2 Only","Companny Dependent","20800","Yes","328","150","September","January",0,1.84
"2016","Libya","The University of Aberdeen","All postgraduate","Full-time","2016/2017","Tier 4 Pilot","328","150","Tier 2 Only","Companny Dependent","20800","Yes","328","150","September","January",110,1.84
"2016","Libya","The University of Dundee","All postgraduate","Full-time","2016/2017","Tier 4 Pilot","328","150","Tier 2 Only","Companny Dependent","20800","Yes","328","150","September","January",110,1.84
"2016","Libya","The University of Edinburgh","All postgraduate","Full-time","2016/2017","Tier 4 Pilot","328","150","Tier 2 Only","Companny Dependent","20800","Yes","328","150","September","January",0,1.84
"2016","Libya","The University of Glasgow","All postgraduate","Full-time","2016/2017","Tier 4 Pilot","328","150","Tier 2 Only","Companny Dependent","20800","Yes","328","150","September","January",165,1.84
"2016","Libya","The University of St. Andrews","All postgraduate","Full-time","2016/2017","Tier 4 Pilot","328","150","Tier 2 Only","Companny Dependent","20800","Yes","328","150","September","January",0,1.84
"2016","Libya","The University of Stirling","All postgraduate","Full-time","2016/2017","Tier 4 Pilot","328","150","Tier 2 Only","Companny Dependent","20800","Yes","328","150","September","January",55,1.84
"2016","Libya","The University of Strathclyde","All postgraduate","Full-time","2016/2017","Tier 4 Pilot","328","150","Tier 2 Only","Companny Dependent","20800","Yes","328","150","September","January",220,1.84
"2016","Libya","The University of the West of Scotland","All postgraduate","Full-time","2016/2017","Tier 4 Pilot","328","150","Tier 2 Only","Companny Dependent","20800","Yes","328","150","September","January",0,1.84
"2016","Libya","University of the Highlands and Islands","All postgraduate","Full-time","2016/2017","Tier 4 Pilot","328","150","Tier 2 Only","Companny Dependent","20800","Yes","328","150","September","January",0,1.84
"2016","Nigeria","Abertay University","All postgraduate","Full-time","2016/2017","Tier 4 Pilot","328","150","Tier 2 Only","Companny Dependent","20800","Yes","328","150","September","January",0,345.82
"2016","Nigeria","Edinburgh Napier University","All postgraduate","Full-time","2016/2017","Tier 4 Pilot","328","150","Tier 2 Only","Companny Dependent","20800","Yes","328","150","September","January",0,345.82
"2016","Nigeria","Glasgow Caledonian University","All postgraduate","Full-time","2016/2017","Tier 4 Pilot","328","150","Tier 2 Only","Companny Dependent","20800","Yes","328","150","September","January",0,345.82
"2016","Nigeria","Glasgow School of Art","All postgraduate","Full-time","2016/2017","Tier 4 Pilot","328","150","Tier 2 Only","Companny Dependent","20800","Yes","328","150","September","January",0,345.82
"2016","Nigeria","Heriot-Watt University","All postgraduate","Full-time","2016/2017","Tier 4 Pilot","328","150","Tier 2 Only","Companny Dependent","20800","Yes","328","150","September","January",0,345.82
"2016","Nigeria","Queen Margaret University, Edinburgh","All postgraduate","Full-time","2016/2017","Tier 4 Pilot","328","150","Tier 2 Only","Companny Dependent","20800","Yes","328","150","September","January",0,345.82
"2016","Nigeria","Robert Gordon University","All postgraduate","Full-time","2016/2017","Tier 4 Pilot","328","150","Tier 2 Only","Companny Dependent","20800","Yes","328","150","September","January",0,345.82
"2016","Nigeria","Royal Conservatoire of Scotland","All postgraduate","Full-time","2016/2017","Tier 4 Pilot","328","150","Tier 2 Only","Companny Dependent","20800","Yes","328","150","September","January",0,345.82
"2016","Nigeria","SRUC","All postgraduate","Full-time","2016/2017","Tier 4 Pilot","328","150","Tier 2 Only","Companny Dependent","20800","Yes","328","150","September","January",0,345.82
"2016","Nigeria","The University of Aberdeen","All postgraduate","Full-time","2016/2017","Tier 4 Pilot","328","150","Tier 2 Only","Companny Dependent","20800","Yes","328","150","September","January",0,345.82
"2016","Nigeria","The University of Dundee","All postgraduate","Full-time","2016/2017","Tier 4 Pilot","328","150","Tier 2 Only","Companny Dependent","20800","Yes","328","150","September","January",60,345.82
"2016","Nigeria","The University of Edinburgh","All postgraduate","Full-time","2016/2017","Tier 4 Pilot","328","150","Tier 2 Only","Companny Dependent","20800","Yes","328","150","September","January",0,345.82
"2016","Nigeria","The University of Glasgow","All postgraduate","Full-time","2016/2017","Tier 4 Pilot","328","150","Tier 2 Only","Companny Dependent","20800","Yes","328","150","September","January",60,345.82
"2016","Nigeria","The University of St. Andrews","All postgraduate","Full-time","2016/2017","Tier 4 Pilot","328","150","Tier 2 Only","Companny Dependent","20800","Yes","328","150","September","January",0,345.82
"2016","Nigeria","The University of Stirling","All postgraduate","Full-time","2016/2017","Tier 4 Pilot","328","150","Tier 2 Only","Companny Dependent","20800","Yes","328","150","September","January",0,345.82
"2016","Nigeria","The University of Strathclyde","All postgraduate","Full-time","2016/2017","Tier 4 Pilot","328","150","Tier 2 Only","Companny Dependent","20800","Yes","328","150","September","January",0,345.82
"2016","Nigeria","The University of the West of Scotland","All postgraduate","Full-time","2016/2017","Tier 4 Pilot","328","150","Tier 2 Only","Companny Dependent","20800","Yes","328","150","September","January",60,345.82
"2016","Nigeria","University of the Highlands and Islands","All postgraduate","Full-time","2016/2017","Tier 4 Pilot","328","150","Tier 2 Only","Companny Dependent","20800","Yes","328","150","September","January",0,345.82
"2016","Oman","Abertay University","All postgraduate","Full-time","2016/2017","Tier 4 Pilot","328","150","Tier 2 Only","Companny Dependent","20800","Yes","328","150","September","January",0,0.52
"2016","Oman","Edinburgh Napier University","All postgraduate","Full-time","2016/2017","Tier 4 Pilot","328","150","Tier 2 Only","Companny Dependent","20800","Yes","328","150","September","January",0,0.52
"2016","Oman","Glasgow Caledonian University","All postgraduate","Full-time","2016/2017","Tier 4 Pilot","328","150","Tier 2 Only","Companny Dependent","20800","Yes","328","150","September","January",105,0.52
"2016","Oman","Glasgow School of Art","All postgraduate","Full-time","2016/2017","Tier 4 Pilot","328","150","Tier 2 Only","Companny Dependent","20800","Yes","328","150","September","January",0,0.52
"2016","Oman","Heriot-Watt University","All postgraduate","Full-time","2016/2017","Tier 4 Pilot","328","150","Tier 2 Only","Companny Dependent","20800","Yes","328","150","September","January",105,0.52
"2016","Oman","Queen Margaret University, Edinburgh","All postgraduate","Full-time","2016/2017","Tier 4 Pilot","328","150","Tier 2 Only","Companny Dependent","20800","Yes","328","150","September","January",35,0.52
"2016","Oman","Robert Gordon University","All postgraduate","Full-time","2016/2017","Tier 4 Pilot","328","150","Tier 2 Only","Companny Dependent","20800","Yes","328","150","September","January",70,0.52
"2016","Oman","Royal Conservatoire of Scotland","All postgraduate","Full-time","2016/2017","Tier 4 Pilot","328","150","Tier 2 Only","Companny Dependent","20800","Yes","328","150","September","January",0,0.52
"2016","Oman","SRUC","All postgraduate","Full-time","2016/2017","Tier 4 Pilot","328","150","Tier 2 Only","Companny Dependent","20800","Yes","328","150","September","January",0,0.52
"2016","Oman","The University of Aberdeen","All postgraduate","Full-time","2016/2017","Tier 4 Pilot","328","150","Tier 2 Only","Companny Dependent","20800","Yes","328","150","September","January",70,0.52
"2016","Oman","The University of Dundee","All postgraduate","Full-time","2016/2017","Tier 4 Pilot","328","150","Tier 2 Only","Companny Dependent","20800","Yes","328","150","September","January",35,0.52
"2016","Oman","The University of Edinburgh","All postgraduate","Full-time","2016/2017","Tier 4 Pilot","328","150","Tier 2 Only","Companny Dependent","20800","Yes","328","150","September","January",70,0.52
"2016","Oman","The University of Glasgow","All postgraduate","Full-time","2016/2017","Tier 4 Pilot","328","150","Tier 2 Only","Companny Dependent","20800","Yes","328","150","September","January",140,0.52
"2016","Oman","The University of St. Andrews","All postgraduate","Full-time","2016/2017","Tier 4 Pilot","328","150","Tier 2 Only","Companny Dependent","20800","Yes","328","150","September","January",35,0.52
"2016","Oman","The University of Stirling","All postgraduate","Full-time","2016/2017","Tier 4 Pilot","328","150","Tier 2 Only","Companny Dependent","20800","Yes","328","150","September","January",70,0.52
"2016","Oman","The University of Strathclyde","All postgraduate","Full-time","2016/2017","Tier 4 Pilot","328","150","Tier 2 Only","Companny Dependent","20800","Yes","328","150","September","January",105,0.52
"2016","Oman","The University of the West of Scotland","All postgraduate","Full-time","2016/2017","Tier 4 Pilot","328","150","Tier 2 Only","Companny Dependent","20800","Yes","328","150","September","January",0,0.52
"2016","Oman","University of the Highlands and Islands","All postgraduate","Full-time","2016/2017","Tier 4 Pilot","328","150","Tier 2 Only","Companny Dependent","20800","Yes","328","150","September","January",0,0.52
"2016","Pakistan","Abertay University","All postgraduate","Full-time","2016/2017","Tier 4 Pilot","328","150","Tier 2 Only","Companny Dependent","20800","Yes","328","150","September","January",60,90.37
"2016","Pakistan","Edinburgh Napier University","All postgraduate","Full-time","2016/2017","Tier 4 Pilot","328","150","Tier 2 Only","Companny Dependent","20800","Yes","328","150","September","January",120,90.37
"2016","Pakistan","Glasgow Caledonian University","All postgraduate","Full-time","2016/2017","Tier 4 Pilot","328","150","Tier 2 Only","Companny Dependent","20800","Yes","328","150","September","January",420,90.37
"2016","Pakistan","Glasgow School of Art","All postgraduate","Full-time","2016/2017","Tier 4 Pilot","328","150","Tier 2 Only","Companny Dependent","20800","Yes","328","150","September","January",0,90.37
"2016","Pakistan","Heriot-Watt University","All postgraduate","Full-time","2016/2017","Tier 4 Pilot","328","150","Tier 2 Only","Companny Dependent","20800","Yes","328","150","September","January",240,90.37
"2016","Pakistan","Queen Margaret University, Edinburgh","All postgraduate","Full-time","2016/2017","Tier 4 Pilot","328","150","Tier 2 Only","Companny Dependent","20800","Yes","328","150","September","January",60,90.37
"2016","Pakistan","Robert Gordon University","All postgraduate","Full-time","2016/2017","Tier 4 Pilot","328","150","Tier 2 Only","Companny Dependent","20800","Yes","328","150","September","January",120,90.37
"2016","Pakistan","Royal Conservatoire of Scotland","All postgraduate","Full-time","2016/2017","Tier 4 Pilot","328","150","Tier 2 Only","Companny Dependent","20800","Yes","328","150","September","January",0,90.37
"2016","Pakistan","SRUC","All postgraduate","Full-time","2016/2017","Tier 4 Pilot","328","150","Tier 2 Only","Companny Dependent","20800","Yes","328","150","September","January",0,90.37
"2016","Pakistan","The University of Aberdeen","All postgraduate","Full-time","2016/2017","Tier 4 Pilot","328","150","Tier 2 Only","Companny Dependent","20800","Yes","328","150","September","January",180,90.37
"2016","Pakistan","The University of Dundee","All postgraduate","Full-time","2016/2017","Tier 4 Pilot","328","150","Tier 2 Only","Companny Dependent","20800","Yes","328","150","September","January",300,90.37
"2016","Pakistan","The University of Edinburgh","All postgraduate","Full-time","2016/2017","Tier 4 Pilot","328","150","Tier 2 Only","Companny Dependent","20800","Yes","328","150","September","January",300,90.37
"2016","Pakistan","The University of Glasgow","All postgraduate","Full-time","2016/2017","Tier 4 Pilot","328","150","Tier 2 Only","Companny Dependent","20800","Yes","328","150","September","January",420,90.37
"2016","Pakistan","The University of St. Andrews","All postgraduate","Full-time","2016/2017","Tier 4 Pilot","328","150","Tier 2 Only","Companny Dependent","20800","Yes","328","150","September","January",120,90.37
"2016","Pakistan","The University of Stirling","All postgraduate","Full-time","2016/2017","Tier 4 Pilot","328","150","Tier 2 Only","Companny Dependent","20800","Yes","328","150","September","January",60,90.37
"2016","Pakistan","The University of Strathclyde","All postgraduate","Full-time","2016/2017","Tier 4 Pilot","328","150","Tier 2 Only","Companny Dependent","20800","Yes","328","150","September","January",300,90.37
"2016","Pakistan","The University of the West of Scotland","All postgraduate","Full-time","2016/2017","Tier 4 Pilot","328","150","Tier 2 Only","Companny Dependent","20800","Yes","328","150","September","January",1080,90.37
"2016","Pakistan","University of the Highlands and Islands","All postgraduate","Full-time","2016/2017","Tier 4 Pilot","328","150","Tier 2 Only","Companny Dependent","20800","Yes","328","150","September","January",0,90.37
"2016","Tanzania","Abertay University","All postgraduate","Full-time","2016/2017","Tier 4 Pilot","328","150","Tier 2 Only","Companny Dependent","20800","Yes","328","150","September","January",0,2932.81
"2016","Tanzania","Edinburgh Napier University","All postgraduate","Full-time","2016/2017","Tier 4 Pilot","328","150","Tier 2 Only","Companny Dependent","20800","Yes","328","150","September","January",0,2932.81
"2016","Tanzania","Glasgow Caledonian University","All postgraduate","Full-time","2016/2017","Tier 4 Pilot","328","150","Tier 2 Only","Companny Dependent","20800","Yes","328","150","September","January",0,2932.81
"2016","Tanzania","Glasgow School of Art","All postgraduate","Full-time","2016/2017","Tier 4 Pilot","328","150","Tier 2 Only","Companny Dependent","20800","Yes","328","150","September","January",0,2932.81
"2016","Tanzania","Heriot-Watt University","All postgraduate","Full-time","2016/2017","Tier 4 Pilot","328","150","Tier 2 Only","Companny Dependent","20800","Yes","328","150","September","January",0,2932.81
"2016","Tanzania","Queen Margaret University, Edinburgh","All postgraduate","Full-time","2016/2017","Tier 4 Pilot","328","150","Tier 2 Only","Companny Dependent","20800","Yes","328","150","September","January",0,2932.81
"2016","Tanzania","Robert Gordon University","All postgraduate","Full-time","2016/2017","Tier 4 Pilot","328","150","Tier 2 Only","Companny Dependent","20800","Yes","328","150","September","January",0,2932.81
"2016","Tanzania","Royal Conservatoire of Scotland","All postgraduate","Full-time","2016/2017","Tier 4 Pilot","328","150","Tier 2 Only","Companny Dependent","20800","Yes","328","150","September","January",0,2932.81
"2016","Tanzania","SRUC","All postgraduate","Full-time","2016/2017","Tier 4 Pilot","328","150","Tier 2 Only","Companny Dependent","20800","Yes","328","150","September","January",0,2932.81
"2016","Tanzania","The University of Aberdeen","All postgraduate","Full-time","2016/2017","Tier 4 Pilot","328","150","Tier 2 Only","Companny Dependent","20800","Yes","328","150","September","January",0,2932.81
"2016","Tanzania","The University of Dundee","All postgraduate","Full-time","2016/2017","Tier 4 Pilot","328","150","Tier 2 Only","Companny Dependent","20800","Yes","328","150","September","January",0,2932.81
"2016","Tanzania","The University of Edinburgh","All postgraduate","Full-time","2016/2017","Tier 4 Pilot","328","150","Tier 2 Only","Companny Dependent","20800","Yes","328","150","September","January",0,2932.81
"2016","Tanzania","The University of Glasgow","All postgraduate","Full-time","2016/2017","Tier 4 Pilot","328","150","Tier 2 Only","Companny Dependent","20800","Yes","328","150","September","January",0,2932.81
"2016","Tanzania","The University of St. Andrews","All postgraduate","Full-time","2016/2017","Tier 4 Pilot","328","150","Tier 2 Only","Companny Dependent","20800","Yes","328","150","September","January",0,2932.81
"2016","Tanzania","The University of Stirling","All postgraduate","Full-time","2016/2017","Tier 4 Pilot","328","150","Tier 2 Only","Companny Dependent","20800","Yes","328","150","September","January",0,2932.81
"2016","Tanzania","The University of Strathclyde","All postgraduate","Full-time","2016/2017","Tier 4 Pilot","328","150","Tier 2 Only","Companny Dependent","20800","Yes","328","150","September","January",0,2932.81
"2016","Tanzania","The University of the West of Scotland","All postgraduate","Full-time","2016/2017","Tier 4 Pilot","328","150","Tier 2 Only","Companny Dependent","20800","Yes","328","150","September","January",0,2932.81
"2016","Tanzania","University of the Highlands and Islands","All postgraduate","Full-time","2016/2017","Tier 4 Pilot","328","150","Tier 2 Only","Companny Dependent","20800","Yes","328","150","September","January",0,2932.81
"2016","Thailand","Abertay University","All postgraduate","Full-time","2016/2017","Tier 4 Pilot","328","150","Tier 2 Only","Companny Dependent","20800","Yes","328","150","September","January",0,47.36
"2016","Thailand","Edinburgh Napier University","All postgraduate","Full-time","2016/2017","Tier 4 Pilot","328","150","Tier 2 Only","Companny Dependent","20800","Yes","328","150","September","January",0,47.36
"2016","Thailand","Glasgow Caledonian University","All postgraduate","Full-time","2016/2017","Tier 4 Pilot","328","150","Tier 2 Only","Companny Dependent","20800","Yes","328","150","September","January",120,47.36
"2016","Thailand","Glasgow School of Art","All postgraduate","Full-time","2016/2017","Tier 4 Pilot","328","150","Tier 2 Only","Companny Dependent","20800","Yes","328","150","September","January",60,47.36
"2016","Thailand","Heriot-Watt University","All postgraduate","Full-time","2016/2017","Tier 4 Pilot","328","150","Tier 2 Only","Companny Dependent","20800","Yes","328","150","September","January",420,47.36
"2016","Thailand","Queen Margaret University, Edinburgh","All postgraduate","Full-time","2016/2017","Tier 4 Pilot","328","150","Tier 2 Only","Companny Dependent","20800","Yes","328","150","September","January",0,47.36
"2016","Thailand","Robert Gordon University","All postgraduate","Full-time","2016/2017","Tier 4 Pilot","328","150","Tier 2 Only","Companny Dependent","20800","Yes","328","150","September","January",60,47.36
"2016","Thailand","Royal Conservatoire of Scotland","All postgraduate","Full-time","2016/2017","Tier 4 Pilot","328","150","Tier 2 Only","Companny Dependent","20800","Yes","328","150","September","January",0,47.36
"2016","Thailand","SRUC","All postgraduate","Full-time","2016/2017","Tier 4 Pilot","328","150","Tier 2 Only","Companny Dependent","20800","Yes","328","150","September","January",0,47.36
"2016","Thailand","The University of Aberdeen","All postgraduate","Full-time","2016/2017","Tier 4 Pilot","328","150","Tier 2 Only","Companny Dependent","20800","Yes","328","150","September","January",660,47.36
"2016","Thailand","The University of Dundee","All postgraduate","Full-time","2016/2017","Tier 4 Pilot","328","150","Tier 2 Only","Companny Dependent","20800","Yes","328","150","September","January",240,47.36
"2016","Thailand","The University of Edinburgh","All postgraduate","Full-time","2016/2017","Tier 4 Pilot","328","150","Tier 2 Only","Companny Dependent","20800","Yes","328","150","September","January",840,47.36
"2016","Thailand","The University of Glasgow","All postgraduate","Full-time","2016/2017","Tier 4 Pilot","328","150","Tier 2 Only","Companny Dependent","20800","Yes","328","150","September","January",720,47.36
"2016","Thailand","The University of St. Andrews","All postgraduate","Full-time","2016/2017","Tier 4 Pilot","328","150","Tier 2 Only","Companny Dependent","20800","Yes","328","150","September","January",180,47.36
"2016","Thailand","The University of Stirling","All postgraduate","Full-time","2016/2017","Tier 4 Pilot","328","150","Tier 2 Only","Companny Dependent","20800","Yes","328","150","September","January",420,47.36
"2016","Thailand","The University of Strathclyde","All postgraduate","Full-time","2016/2017","Tier 4 Pilot","328","150","Tier 2 Only","Companny Dependent","20800","Yes","328","150","September","January",1500,47.36
"2016","Thailand","The University of the West of Scotland","All postgraduate","Full-time","2016/2017","Tier 4 Pilot","328","150","Tier 2 Only","Companny Dependent","20800","Yes","328","150","September","January",120,47.36
"2016","Thailand","University of the Highlands and Islands","All postgraduate","Full-time","2016/2017","Tier 4 Pilot","328","150","Tier 2 Only","Companny Dependent","20800","Yes","328","150","September","January",0,47.36
"2016","Turkey","Abertay University","All postgraduate","Full-time","2016/2017","Tier 4 Pilot","328","150","Tier 2 Only","Companny Dependent","20800","Yes","328","150","September","January",0,4.06
"2016","Turkey","Edinburgh Napier University","All postgraduate","Full-time","2016/2017","Tier 4 Pilot","328","150","Tier 2 Only","Companny Dependent","20800","Yes","328","150","September","January",0,4.06
"2016","Turkey","Glasgow Caledonian University","All postgraduate","Full-time","2016/2017","Tier 4 Pilot","328","150","Tier 2 Only","Companny Dependent","20800","Yes","328","150","September","January",0,4.06
"2016","Turkey","Glasgow School of Art","All postgraduate","Full-time","2016/2017","Tier 4 Pilot","328","150","Tier 2 Only","Companny Dependent","20800","Yes","328","150","September","January",0,4.06
"2016","Turkey","Heriot-Watt University","All postgraduate","Full-time","2016/2017","Tier 4 Pilot","328","150","Tier 2 Only","Companny Dependent","20800","Yes","328","150","September","January",120,4.06
"2016","Turkey","Queen Margaret University, Edinburgh","All postgraduate","Full-time","2016/2017","Tier 4 Pilot","328","150","Tier 2 Only","Companny Dependent","20800","Yes","328","150","September","January",0,4.06
"2016","Turkey","Robert Gordon University","All postgraduate","Full-time","2016/2017","Tier 4 Pilot","328","150","Tier 2 Only","Companny Dependent","20800","Yes","328","150","September","January",0,4.06
"2016","Turkey","Royal Conservatoire of Scotland","All postgraduate","Full-time","2016/2017","Tier 4 Pilot","328","150","Tier 2 Only","Companny Dependent","20800","Yes","328","150","September","January",0,4.06
"2016","Turkey","SRUC","All postgraduate","Full-time","2016/2017","Tier 4 Pilot","328","150","Tier 2 Only","Companny Dependent","20800","Yes","328","150","September","January",0,4.06
"2016","Turkey","The University of Aberdeen","All postgraduate","Full-time","2016/2017","Tier 4 Pilot","328","150","Tier 2 Only","Companny Dependent","20800","Yes","328","150","September","January",180,4.06
"2016","Turkey","The University of Dundee","All postgraduate","Full-time","2016/2017","Tier 4 Pilot","328","150","Tier 2 Only","Companny Dependent","20800","Yes","328","150","September","January",60,4.06
"2016","Turkey","The University of Edinburgh","All postgraduate","Full-time","2016/2017","Tier 4 Pilot","328","150","Tier 2 Only","Companny Dependent","20800","Yes","328","150","September","January",480,4.06
"2016","Turkey","The University of Glasgow","All postgraduate","Full-time","2016/2017","Tier 4 Pilot","328","150","Tier 2 Only","Companny Dependent","20800","Yes","328","150","September","January",180,4.06
"2016","Turkey","The University of St. Andrews","All postgraduate","Full-time","2016/2017","Tier 4 Pilot","328","150","Tier 2 Only","Companny Dependent","20800","Yes","328","150","September","January",60,4.06
"2016","Turkey","The University of Stirling","All postgraduate","Full-time","2016/2017","Tier 4 Pilot","328","150","Tier 2 Only","Companny Dependent","20800","Yes","328","150","September","January",180,4.06
"2016","Turkey","The University of Strathclyde","All postgraduate","Full-time","2016/2017","Tier 4 Pilot","328","150","Tier 2 Only","Companny Dependent","20800","Yes","328","150","September","January",180,4.06
"2016","Turkey","The University of the West of Scotland","All postgraduate","Full-time","2016/2017","Tier 4 Pilot","328","150","Tier 2 Only","Companny Dependent","20800","Yes","328","150","September","January",480,4.06
"2016","Turkey","University of the Highlands and Islands","All postgraduate","Full-time","2016/2017","Tier 4 Pilot","328","150","Tier 2 Only","Companny Dependent","20800","Yes","328","150","September","January",0,4.06
"2016","Uganda","Abertay University","All postgraduate","Full-time","2016/2017","Tier 4 Pilot","328","150","Tier 2 Only","Companny Dependent","20800","Yes","328","150","September","January",0,4605.98
"2016","Uganda","Edinburgh Napier University","All postgraduate","Full-time","2016/2017","Tier 4 Pilot","328","150","Tier 2 Only","Companny Dependent","20800","Yes","328","150","September","January",0,4605.98
"2016","Uganda","Glasgow Caledonian University","All postgraduate","Full-time","2016/2017","Tier 4 Pilot","328","150","Tier 2 Only","Companny Dependent","20800","Yes","328","150","September","January",0,4605.98
"2016","Uganda","Glasgow School of Art","All postgraduate","Full-time","2016/2017","Tier 4 Pilot","328","150","Tier 2 Only","Companny Dependent","20800","Yes","328","150","September","January",0,4605.98
"2016","Uganda","Heriot-Watt University","All postgraduate","Full-time","2016/2017","Tier 4 Pilot","328","150","Tier 2 Only","Companny Dependent","20800","Yes","328","150","September","January",0,4605.98
"2016","Uganda","Queen Margaret University, Edinburgh","All postgraduate","Full-time","2016/2017","Tier 4 Pilot","328","150","Tier 2 Only","Companny Dependent","20800","Yes","328","150","September","January",0,4605.98
"2016","Uganda","Robert Gordon University","All postgraduate","Full-time","2016/2017","Tier 4 Pilot","328","150","Tier 2 Only","Companny Dependent","20800","Yes","328","150","September","January",0,4605.98
"2016","Uganda","Royal Conservatoire of Scotland","All postgraduate","Full-time","2016/2017","Tier 4 Pilot","328","150","Tier 2 Only","Companny Dependent","20800","Yes","328","150","September","January",0,4605.98
"2016","Uganda","SRUC","All postgraduate","Full-time","2016/2017","Tier 4 Pilot","328","150","Tier 2 Only","Companny Dependent","20800","Yes","328","150","September","January",0,4605.98
"2016","Uganda","The University of Aberdeen","All postgraduate","Full-time","2016/2017","Tier 4 Pilot","328","150","Tier 2 Only","Companny Dependent","20800","Yes","328","150","September","January",0,4605.98
"2016","Uganda","The University of Dundee","All postgraduate","Full-time","2016/2017","Tier 4 Pilot","328","150","Tier 2 Only","Companny Dependent","20800","Yes","328","150","September","January",0,4605.98
"2016","Uganda","The University of Edinburgh","All postgraduate","Full-time","2016/2017","Tier 4 Pilot","328","150","Tier 2 Only","Companny Dependent","20800","Yes","328","150","September","January",0,4605.98
"2016","Uganda","The University of Glasgow","All postgraduate","Full-time","2016/2017","Tier 4 Pilot","328","150","Tier 2 Only","Companny Dependent","20800","Yes","328","150","September","January",0,4605.98
"2016","Uganda","The University of St. Andrews","All postgraduate","Full-time","2016/2017","Tier 4 Pilot","328","150","Tier 2 Only","Companny Dependent","20800","Yes","328","150","September","January",0,4605.98
"2016","Uganda","The University of Stirling","All postgraduate","Full-time","2016/2017","Tier 4 Pilot","328","150","Tier 2 Only","Companny Dependent","20800","Yes","328","150","September","January",0,4605.98
"2016","Uganda","The University of Strathclyde","All postgraduate","Full-time","2016/2017","Tier 4 Pilot","328","150","Tier 2 Only","Companny Dependent","20800","Yes","328","150","September","January",0,4605.98
"2016","Uganda","The University of the West of Scotland","All postgraduate","Full-time","2016/2017","Tier 4 Pilot","328","150","Tier 2 Only","Companny Dependent","20800","Yes","328","150","September","January",0,4605.98
"2016","Uganda","University of the Highlands and Islands","All postgraduate","Full-time","2016/2017","Tier 4 Pilot","328","150","Tier 2 Only","Companny Dependent","20800","Yes","328","150","September","January",0,4605.98
"2017","China","Abertay University","All postgraduate","Full-time","2017/2018","Tier 4 Pilot","328","150","Tier 2 Only","Companny Dependent","20800","Yes","328","150","September","January",120,8.77
"2017","China","Edinburgh Napier University","All postgraduate","Full-time","2017/2018","Tier 4 Pilot","328","150","Tier 2 Only","Companny Dependent","20800","Yes","328","150","September","January",900,8.77
"2017","China","Glasgow Caledonian University","All postgraduate","Full-time","2017/2018","Tier 4 Pilot","328","150","Tier 2 Only","Companny Dependent","20800","Yes","328","150","September","January",720,8.77
"2017","China","Glasgow School of Art","All postgraduate","Full-time","2017/2018","Tier 4 Pilot","328","150","Tier 2 Only","Companny Dependent","20800","Yes","328","150","September","January",1200,8.77
"2017","China","Heriot-Watt University","All postgraduate","Full-time","2017/2018","Tier 4 Pilot","328","150","Tier 2 Only","Companny Dependent","20800","Yes","328","150","September","January",3600,8.77
"2017","China","Queen Margaret University, Edinburgh","All postgraduate","Full-time","2017/2018","Tier 4 Pilot","328","150","Tier 2 Only","Companny Dependent","20800","Yes","328","150","September","January",0,8.77
"2017","China","Robert Gordon University","All postgraduate","Full-time","2017/2018","Tier 4 Pilot","328","150","Tier 2 Only","Companny Dependent","20800","Yes","328","150","September","January",240,8.77
"2017","China","Royal Conservatoire of Scotland","All postgraduate","Full-time","2017/2018","Tier 4 Pilot","328","150","Tier 2 Only","Companny Dependent","20800","Yes","328","150","September","January",240,8.77
"2017","China","SRUC","All postgraduate","Part-time","2017/2018","Tier 4 Pilot","328","150","Tier 2 Only","Companny Dependent","20800","Yes","328","150","September","January",0,8.77
"2017","China","The University of Aberdeen","All postgraduate","Full-time","2017/2018","Tier 4 Pilot","328","150","Tier 2 Only","Companny Dependent","20800","Yes","328","150","September","January",3180,8.77
"2017","China","The University of Dundee","All postgraduate","Full-time","2017/2018","Tier 4 Pilot","328","150","Tier 2 Only","Companny Dependent","20800","Yes","328","150","September","January",4440,8.77
"2017","China","The University of Edinburgh","All postgraduate","Full-time","2017/2018","Tier 4 Pilot","328","150","Tier 2 Only","Companny Dependent","20800","Yes","328","150","September","January",20520,8.77
"2017","China","The University of Glasgow","All postgraduate","Full-time","2017/2018","Tier 4 Pilot","328","150","Tier 2 Only","Companny Dependent","20800","Yes","328","150","September","January",27780,8.77
"2017","China","The University of St. Andrews","All postgraduate","Full-time","2017/2018","Tier 4 Pilot","328","150","Tier 2 Only","Companny Dependent","20800","Yes","328","150","September","January",2760,8.77
"2017","China","The University of Stirling","All postgraduate","Full-time","2017/2018","Tier 4 Pilot","328","150","Tier 2 Only","Companny Dependent","20800","Yes","328","150","September","January",6720,8.77
"2017","China","The University of Strathclyde","All postgraduate","Full-time","2017/2018","Tier 4 Pilot","328","150","Tier 2 Only","Companny Dependent","20800","Yes","328","150","September","January",5340,8.77
"2017","China","The University of the West of Scotland","All postgraduate","Full-time","2017/2018","Tier 4 Pilot","328","150","Tier 2 Only","Companny Dependent","20800","Yes","328","150","September","January",240,8.77
"2017","China","University of the Highlands and Islands","All postgraduate","Full-time","2017/2018","Tier 4 Pilot","328","150","Tier 2 Only","Companny Dependent","20800","Yes","328","150","September","January",0,8.77
"2017","Gambia","Abertay University","All postgraduate","Full-time","2017/2018","Tier 4 Pilot","328","150","Tier 2 Only","Companny Dependent","20800","Yes","328","150","September","January",0,59.75
"2017","Gambia","Edinburgh Napier University","All postgraduate","Full-time","2017/2018","Tier 4 Pilot","328","150","Tier 2 Only","Companny Dependent","20800","Yes","328","150","September","January",0,59.75
"2017","Gambia","Glasgow Caledonian University","All postgraduate","Full-time","2017/2018","Tier 4 Pilot","328","150","Tier 2 Only","Companny Dependent","20800","Yes","328","150","September","January",0,59.75
"2017","Gambia","Glasgow School of Art","All postgraduate","Full-time","2017/2018","Tier 4 Pilot","328","150","Tier 2 Only","Companny Dependent","20800","Yes","328","150","September","January",0,59.75
"2017","Gambia","Heriot-Watt University","All postgraduate","Full-time","2017/2018","Tier 4 Pilot","328","150","Tier 2 Only","Companny Dependent","20800","Yes","328","150","September","January",0,59.75
"2017","Gambia","Queen Margaret University, Edinburgh","All postgraduate","Full-time","2017/2018","Tier 4 Pilot","328","150","Tier 2 Only","Companny Dependent","20800","Yes","328","150","September","January",0,59.75
"2017","Gambia","Robert Gordon University","All postgraduate","Full-time","2017/2018","Tier 4 Pilot","328","150","Tier 2 Only","Companny Dependent","20800","Yes","328","150","September","January",0,59.75
"2017","Gambia","Royal Conservatoire of Scotland","All postgraduate","Full-time","2017/2018","Tier 4 Pilot","328","150","Tier 2 Only","Companny Dependent","20800","Yes","328","150","September","January",0,59.75
"2017","Gambia","SRUC","All postgraduate","Part-time","2017/2018","Tier 4 Pilot","328","150","Tier 2 Only","Companny Dependent","20800","Yes","328","150","September","January",0,59.75
"2017","Gambia","The University of Aberdeen","All postgraduate","Full-time","2017/2018","Tier 4 Pilot","328","150","Tier 2 Only","Companny Dependent","20800","Yes","328","150","September","January",0,59.75
"2017","Gambia","The University of Dundee","All postgraduate","Full-time","2017/2018","Tier 4 Pilot","328","150","Tier 2 Only","Companny Dependent","20800","Yes","328","150","September","January",0,59.75
"2017","Gambia","The University of Edinburgh","All postgraduate","Full-time","2017/2018","Tier 4 Pilot","328","150","Tier 2 Only","Companny Dependent","20800","Yes","328","150","September","January",0,59.75
"2017","Gambia","The University of Glasgow","All postgraduate","Full-time","2017/2018","Tier 4 Pilot","328","150","Tier 2 Only","Companny Dependent","20800","Yes","328","150","September","January",0,59.75
"2017","Gambia","The University of St. Andrews","All postgraduate","Full-time","2017/2018","Tier 4 Pilot","328","150","Tier 2 Only","Companny Dependent","20800","Yes","328","150","September","January",0,59.75
"2017","Gambia","The University of Stirling","All postgraduate","Full-time","2017/2018","Tier 4 Pilot","328","150","Tier 2 Only","Companny Dependent","20800","Yes","328","150","September","January",0,59.75
"2017","Gambia","The University of Strathclyde","All postgraduate","Full-time","2017/2018","Tier 4 Pilot","328","150","Tier 2 Only","Companny Dependent","20800","Yes","328","150","September","January",0,59.75
"2017","Gambia","The University of the West of Scotland","All postgraduate","Full-time","2017/2018","Tier 4 Pilot","328","150","Tier 2 Only","Companny Dependent","20800","Yes","328","150","September","January",0,59.75
"2017","Gambia","University of the Highlands and Islands","All postgraduate","Full-time","2017/2018","Tier 4 Pilot","328","150","Tier 2 Only","Companny Dependent","20800","Yes","328","150","September","January",0,59.75
"2017","Ghana","Abertay University","All postgraduate","Full-time","2017/2018","Tier 4 Pilot","328","150","Tier 2 Only","Companny Dependent","20800","Yes","328","150","September","January",0,5.64
"2017","Ghana","Edinburgh Napier University","All postgraduate","Full-time","2017/2018","Tier 4 Pilot","328","150","Tier 2 Only","Companny Dependent","20800","Yes","328","150","September","January",60,5.64
"2017","Ghana","Glasgow Caledonian University","All postgraduate","Full-time","2017/2018","Tier 4 Pilot","328","150","Tier 2 Only","Companny Dependent","20800","Yes","328","150","September","January",120,5.64
"2017","Ghana","Glasgow School of Art","All postgraduate","Full-time","2017/2018","Tier 4 Pilot","328","150","Tier 2 Only","Companny Dependent","20800","Yes","328","150","September","January",0,5.64
"2017","Ghana","Heriot-Watt University","All postgraduate","Full-time","2017/2018","Tier 4 Pilot","328","150","Tier 2 Only","Companny Dependent","20800","Yes","328","150","September","January",240,5.64
"2017","Ghana","Queen Margaret University, Edinburgh","All postgraduate","Full-time","2017/2018","Tier 4 Pilot","328","150","Tier 2 Only","Companny Dependent","20800","Yes","328","150","September","January",60,5.64
"2017","Ghana","Robert Gordon University","All postgraduate","Full-time","2017/2018","Tier 4 Pilot","328","150","Tier 2 Only","Companny Dependent","20800","Yes","328","150","September","January",540,5.64
"2017","Ghana","Royal Conservatoire of Scotland","All postgraduate","Full-time","2017/2018","Tier 4 Pilot","328","150","Tier 2 Only","Companny Dependent","20800","Yes","328","150","September","January",0,5.64
"2017","Ghana","SRUC","All postgraduate","Part-time","2017/2018","Tier 4 Pilot","328","150","Tier 2 Only","Companny Dependent","20800","Yes","328","150","September","January",0,5.64
"2017","Ghana","The University of Aberdeen","All postgraduate","Full-time","2017/2018","Tier 4 Pilot","328","150","Tier 2 Only","Companny Dependent","20800","Yes","328","150","September","January",300,5.64
"2017","Ghana","The University of Dundee","All postgraduate","Full-time","2017/2018","Tier 4 Pilot","328","150","Tier 2 Only","Companny Dependent","20800","Yes","328","150","September","January",180,5.64
"2017","Ghana","The University of Edinburgh","All postgraduate","Full-time","2017/2018","Tier 4 Pilot","328","150","Tier 2 Only","Companny Dependent","20800","Yes","328","150","September","January",120,5.64
"2017","Ghana","The University of Glasgow","All postgraduate","Full-time","2017/2018","Tier 4 Pilot","328","150","Tier 2 Only","Companny Dependent","20800","Yes","328","150","September","January",60,5.64
"2017","Ghana","The University of St. Andrews","All postgraduate","Full-time","2017/2018","Tier 4 Pilot","328","150","Tier 2 Only","Companny Dependent","20800","Yes","328","150","September","January",0,5.64
"2017","Ghana","The University of Stirling","All postgraduate","Full-time","2017/2018","Tier 4 Pilot","328","150","Tier 2 Only","Companny Dependent","20800","Yes","328","150","September","January",180,5.64
"2017","Ghana","The University of Strathclyde","All postgraduate","Full-time","2017/2018","Tier 4 Pilot","328","150","Tier 2 Only","Companny Dependent","20800","Yes","328","150","September","January",120,5.64
"2017","Ghana","The University of the West of Scotland","All postgraduate","Full-time","2017/2018","Tier 4 Pilot","328","150","Tier 2 Only","Companny Dependent","20800","Yes","328","150","September","January",300,5.64
"2017","Ghana","University of the Highlands and Islands","All postgraduate","Full-time","2017/2018","Tier 4 Pilot","328","150","Tier 2 Only","Companny Dependent","20800","Yes","328","150","September","January",0,5.64
"2017","India","Abertay University","All postgraduate","Full-time","2017/2018","Tier 4 Pilot","328","150","Tier 2 Only","Companny Dependent","20800","Yes","328","150","September","January",240,84.48
"2017","India","Edinburgh Napier University","All postgraduate","Full-time","2017/2018","Tier 4 Pilot","328","150","Tier 2 Only","Companny Dependent","20800","Yes","328","150","September","January",1860,84.48
"2017","India","Glasgow Caledonian University","All postgraduate","Full-time","2017/2018","Tier 4 Pilot","328","150","Tier 2 Only","Companny Dependent","20800","Yes","328","150","September","January",840,84.48
"2017","India","Glasgow School of Art","All postgraduate","Full-time","2017/2018","Tier 4 Pilot","328","150","Tier 2 Only","Companny Dependent","20800","Yes","328","150","September","January",120,84.48
"2017","India","Heriot-Watt University","All postgraduate","Full-time","2017/2018","Tier 4 Pilot","328","150","Tier 2 Only","Companny Dependent","20800","Yes","328","150","September","January",720,84.48
"2017","India","Queen Margaret University, Edinburgh","All postgraduate","Full-time","2017/2018","Tier 4 Pilot","328","150","Tier 2 Only","Companny Dependent","20800","Yes","328","150","September","January",120,84.48
"2017","India","Robert Gordon University","All postgraduate","Full-time","2017/2018","Tier 4 Pilot","328","150","Tier 2 Only","Companny Dependent","20800","Yes","328","150","September","January",480,84.48
"2017","India","Royal Conservatoire of Scotland","All postgraduate","Full-time","2017/2018","Tier 4 Pilot","328","150","Tier 2 Only","Companny Dependent","20800","Yes","328","150","September","January",0,84.48
"2017","India","SRUC","All postgraduate","Part-time","2017/2018","Tier 4 Pilot","328","150","Tier 2 Only","Companny Dependent","20800","Yes","328","150","September","January",0,84.48
"2017","India","The University of Aberdeen","All postgraduate","Full-time","2017/2018","Tier 4 Pilot","328","150","Tier 2 Only","Companny Dependent","20800","Yes","328","150","September","January",480,84.48
"2017","India","The University of Dundee","All postgraduate","Full-time","2017/2018","Tier 4 Pilot","328","150","Tier 2 Only","Companny Dependent","20800","Yes","328","150","September","January",720,84.48
"2017","India","The University of Edinburgh","All postgraduate","Full-time","2017/2018","Tier 4 Pilot","328","150","Tier 2 Only","Companny Dependent","20800","Yes","328","150","September","January",2040,84.48
"2017","India","The University of Glasgow","All postgraduate","Full-time","2017/2018","Tier 4 Pilot","328","150","Tier 2 Only","Companny Dependent","20800","Yes","328","150","September","January",1560,84.48
"2017","India","The University of St. Andrews","All postgraduate","Full-time","2017/2018","Tier 4 Pilot","328","150","Tier 2 Only","Companny Dependent","20800","Yes","328","150","September","January",360,84.48
"2017","India","The University of Stirling","All postgraduate","Full-time","2017/2018","Tier 4 Pilot","328","150","Tier 2 Only","Companny Dependent","20800","Yes","328","150","September","January",900,84.48
"2017","India","The University of Strathclyde","All postgraduate","Full-time","2017/2018","Tier 4 Pilot","328","150","Tier 2 Only","Companny Dependent","20800","Yes","328","150","September","January",1980,84.48
"2017","India","The University of the West of Scotland","All postgraduate","Full-time","2017/2018","Tier 4 Pilot","328","150","Tier 2 Only","Companny Dependent","20800","Yes","328","150","September","January",1020,84.48
"2017","India","University of the Highlands and Islands","All postgraduate","Full-time","2017/2018","Tier 4 Pilot","328","150","Tier 2 Only","Companny Dependent","20800","Yes","328","150","September","January",0,84.48
"2017","Japan","Abertay University","All postgraduate","Full-time","2017/2018","Tier 4 Pilot","328","150","Tier 2 Only","Companny Dependent","20800","Yes","328","150","September","January",0,145.71
"2017","Japan","Edinburgh Napier University","All postgraduate","Full-time","2017/2018","Tier 4 Pilot","328","150","Tier 2 Only","Companny Dependent","20800","Yes","328","150","September","January",0,145.71
"2017","Japan","Glasgow Caledonian University","All postgraduate","Full-time","2017/2018","Tier 4 Pilot","328","150","Tier 2 Only","Companny Dependent","20800","Yes","328","150","September","January",0,145.71
"2017","Japan","Glasgow School of Art","All postgraduate","Full-time","2017/2018","Tier 4 Pilot","328","150","Tier 2 Only","Companny Dependent","20800","Yes","328","150","September","January",60,145.71
"2017","Japan","Heriot-Watt University","All postgraduate","Full-time","2017/2018","Tier 4 Pilot","328","150","Tier 2 Only","Companny Dependent","20800","Yes","328","150","September","January",0,145.71
"2017","Japan","Queen Margaret University, Edinburgh","All postgraduate","Full-time","2017/2018","Tier 4 Pilot","328","150","Tier 2 Only","Companny Dependent","20800","Yes","328","150","September","January",0,145.71
"2017","Japan","Robert Gordon University","All postgraduate","Full-time","2017/2018","Tier 4 Pilot","328","150","Tier 2 Only","Companny Dependent","20800","Yes","328","150","September","January",0,145.71
"2017","Japan","Royal Conservatoire of Scotland","All postgraduate","Full-time","2017/2018","Tier 4 Pilot","328","150","Tier 2 Only","Companny Dependent","20800","Yes","328","150","September","January",0,145.71
"2017","Japan","SRUC","All postgraduate","Part-time","2017/2018","Tier 4 Pilot","328","150","Tier 2 Only","Companny Dependent","20800","Yes","328","150","September","January",0,145.71
"2017","Japan","The University of Aberdeen","All postgraduate","Full-time","2017/2018","Tier 4 Pilot","328","150","Tier 2 Only","Companny Dependent","20800","Yes","328","150","September","January",60,145.71
"2017","Japan","The University of Dundee","All postgraduate","Full-time","2017/2018","Tier 4 Pilot","328","150","Tier 2 Only","Companny Dependent","20800","Yes","328","150","September","January",60,145.71
"2017","Japan","The University of Edinburgh","All postgraduate","Full-time","2017/2018","Tier 4 Pilot","328","150","Tier 2 Only","Companny Dependent","20800","Yes","328","150","September","January",420,145.71
"2017","Japan","The University of Glasgow","All postgraduate","Full-time","2017/2018","Tier 4 Pilot","328","150","Tier 2 Only","Companny Dependent","20800","Yes","328","150","September","January",120,145.71
"2017","Japan","The University of St. Andrews","All postgraduate","Full-time","2017/2018","Tier 4 Pilot","328","150","Tier 2 Only","Companny Dependent","20800","Yes","328","150","September","January",120,145.71
"2017","Japan","The University of Stirling","All postgraduate","Full-time","2017/2018","Tier 4 Pilot","328","150","Tier 2 Only","Companny Dependent","20800","Yes","328","150","September","January",180,145.71
"2017","Japan","The University of Strathclyde","All postgraduate","Full-time","2017/2018","Tier 4 Pilot","328","150","Tier 2 Only","Companny Dependent","20800","Yes","328","150","September","January",0,145.71
"2017","Japan","The University of the West of Scotland","All postgraduate","Full-time","2017/2018","Tier 4 Pilot","328","150","Tier 2 Only","Companny Dependent","20800","Yes","328","150","September","January",0,145.71
"2017","Japan","University of the Highlands and Islands","All postgraduate","Full-time","2017/2018","Tier 4 Pilot","328","150","Tier 2 Only","Companny Dependent","20800","Yes","328","150","September","January",0,145.71
"2017","Kenya","Abertay University","All postgraduate","Full-time","2017/2018","Tier 4 Pilot","328","150","Tier 2 Only","Companny Dependent","20800","Yes","328","150","September","January",0,134.44
"2017","Kenya","Edinburgh Napier University","All postgraduate","Full-time","2017/2018","Tier 4 Pilot","328","150","Tier 2 Only","Companny Dependent","20800","Yes","328","150","September","January",0,134.44
"2017","Kenya","Glasgow Caledonian University","All postgraduate","Full-time","2017/2018","Tier 4 Pilot","328","150","Tier 2 Only","Companny Dependent","20800","Yes","328","150","September","January",60,134.44
"2017","Kenya","Glasgow School of Art","All postgraduate","Full-time","2017/2018","Tier 4 Pilot","328","150","Tier 2 Only","Companny Dependent","20800","Yes","328","150","September","January",0,134.44
"2017","Kenya","Heriot-Watt University","All postgraduate","Full-time","2017/2018","Tier 4 Pilot","328","150","Tier 2 Only","Companny Dependent","20800","Yes","328","150","September","January",60,134.44
"2017","Kenya","Queen Margaret University, Edinburgh","All postgraduate","Full-time","2017/2018","Tier 4 Pilot","328","150","Tier 2 Only","Companny Dependent","20800","Yes","328","150","September","January",0,134.44
"2017","Kenya","Robert Gordon University","All postgraduate","Full-time","2017/2018","Tier 4 Pilot","328","150","Tier 2 Only","Companny Dependent","20800","Yes","328","150","September","January",0,134.44
"2017","Kenya","Royal Conservatoire of Scotland","All postgraduate","Full-time","2017/2018","Tier 4 Pilot","328","150","Tier 2 Only","Companny Dependent","20800","Yes","328","150","September","January",0,134.44
"2017","Kenya","SRUC","All postgraduate","Part-time","2017/2018","Tier 4 Pilot","328","150","Tier 2 Only","Companny Dependent","20800","Yes","328","150","September","January",0,134.44
"2017","Kenya","The University of Aberdeen","All postgraduate","Full-time","2017/2018","Tier 4 Pilot","328","150","Tier 2 Only","Companny Dependent","20800","Yes","328","150","September","January",120,134.44
"2017","Kenya","The University of Dundee","All postgraduate","Full-time","2017/2018","Tier 4 Pilot","328","150","Tier 2 Only","Companny Dependent","20800","Yes","328","150","September","January",60,134.44
"2017","Kenya","The University of Edinburgh","All postgraduate","Full-time","2017/2018","Tier 4 Pilot","328","150","Tier 2 Only","Companny Dependent","20800","Yes","328","150","September","January",180,134.44
"2017","Kenya","The University of Glasgow","All postgraduate","Full-time","2017/2018","Tier 4 Pilot","328","150","Tier 2 Only","Companny Dependent","20800","Yes","328","150","September","January",120,134.44
"2017","Kenya","The University of St. Andrews","All postgraduate","Full-time","2017/2018","Tier 4 Pilot","328","150","Tier 2 Only","Companny Dependent","20800","Yes","328","150","September","January",0,134.44
"2017","Kenya","The University of Stirling","All postgraduate","Full-time","2017/2018","Tier 4 Pilot","328","150","Tier 2 Only","Companny Dependent","20800","Yes","328","150","September","January",60,134.44
"2017","Kenya","The University of Strathclyde","All postgraduate","Full-time","2017/2018","Tier 4 Pilot","328","150","Tier 2 Only","Companny Dependent","20800","Yes","328","150","September","January",120,134.44
"2017","Kenya","The University of the West of Scotland","All postgraduate","Full-time","2017/2018","Tier 4 Pilot","328","150","Tier 2 Only","Companny Dependent","20800","Yes","328","150","September","January",120,134.44
"2017","Kenya","University of the Highlands and Islands","All postgraduate","Full-time","2017/2018","Tier 4 Pilot","328","150","Tier 2 Only","Companny Dependent","20800","Yes","328","150","September","January",0,134.44
"2017","Kuwait","Abertay University","All postgraduate","Full-time","2017/2018","Tier 4 Pilot","328","150","Tier 2 Only","Companny Dependent","20800","Yes","328","150","September","January",0,0.4
"2017","Kuwait","Edinburgh Napier University","All postgraduate","Full-time","2017/2018","Tier 4 Pilot","328","150","Tier 2 Only","Companny Dependent","20800","Yes","328","150","September","January",0,0.4
"2017","Kuwait","Glasgow Caledonian University","All postgraduate","Full-time","2017/2018","Tier 4 Pilot","328","150","Tier 2 Only","Companny Dependent","20800","Yes","328","150","September","January",40,0.4
"2017","Kuwait","Glasgow School of Art","All postgraduate","Full-time","2017/2018","Tier 4 Pilot","328","150","Tier 2 Only","Companny Dependent","20800","Yes","328","150","September","January",0,0.4
"2017","Kuwait","Heriot-Watt University","All postgraduate","Full-time","2017/2018","Tier 4 Pilot","328","150","Tier 2 Only","Companny Dependent","20800","Yes","328","150","September","January",20,0.4
"2017","Kuwait","Queen Margaret University, Edinburgh","All postgraduate","Full-time","2017/2018","Tier 4 Pilot","328","150","Tier 2 Only","Companny Dependent","20800","Yes","328","150","September","January",0,0.4
"2017","Kuwait","Robert Gordon University","All postgraduate","Full-time","2017/2018","Tier 4 Pilot","328","150","Tier 2 Only","Companny Dependent","20800","Yes","328","150","September","January",0,0.4
"2017","Kuwait","Royal Conservatoire of Scotland","All postgraduate","Full-time","2017/2018","Tier 4 Pilot","328","150","Tier 2 Only","Companny Dependent","20800","Yes","328","150","September","January",0,0.4
"2017","Kuwait","SRUC","All postgraduate","Part-time","2017/2018","Tier 4 Pilot","328","150","Tier 2 Only","Companny Dependent","20800","Yes","328","150","September","January",0,0.4
"2017","Kuwait","The University of Aberdeen","All postgraduate","Full-time","2017/2018","Tier 4 Pilot","328","150","Tier 2 Only","Companny Dependent","20800","Yes","328","150","September","January",60,0.4
"2017","Kuwait","The University of Dundee","All postgraduate","Full-time","2017/2018","Tier 4 Pilot","328","150","Tier 2 Only","Companny Dependent","20800","Yes","328","150","September","January",20,0.4
"2017","Kuwait","The University of Edinburgh","All postgraduate","Full-time","2017/2018","Tier 4 Pilot","328","150","Tier 2 Only","Companny Dependent","20800","Yes","328","150","September","January",40,0.4
"2017","Kuwait","The University of Glasgow","All postgraduate","Full-time","2017/2018","Tier 4 Pilot","328","150","Tier 2 Only","Companny Dependent","20800","Yes","328","150","September","January",80,0.4
"2017","Kuwait","The University of St. Andrews","All postgraduate","Full-time","2017/2018","Tier 4 Pilot","328","150","Tier 2 Only","Companny Dependent","20800","Yes","328","150","September","January",0,0.4
"2017","Kuwait","The University of Stirling","All postgraduate","Full-time","2017/2018","Tier 4 Pilot","328","150","Tier 2 Only","Companny Dependent","20800","Yes","328","150","September","January",20,0.4
"2017","Kuwait","The University of Strathclyde","All postgraduate","Full-time","2017/2018","Tier 4 Pilot","328","150","Tier 2 Only","Companny Dependent","20800","Yes","328","150","September","January",80,0.4
"2017","Kuwait","The University of the West of Scotland","All postgraduate","Full-time","2017/2018","Tier 4 Pilot","328","150","Tier 2 Only","Companny Dependent","20800","Yes","328","150","September","January",0,0.4
"2017","Kuwait","University of the Highlands and Islands","All postgraduate","Full-time","2017/2018","Tier 4 Pilot","328","150","Tier 2 Only","Companny Dependent","20800","Yes","328","150","September","January",0,0.4
"2017","Libya","Abertay University","All postgraduate","Full-time","2017/2018","Tier 4 Pilot","328","150","Tier 2 Only","Companny Dependent","20800","Yes","328","150","September","January",0,1.77
"2017","Libya","Edinburgh Napier University","All postgraduate","Full-time","2017/2018","Tier 4 Pilot","328","150","Tier 2 Only","Companny Dependent","20800","Yes","328","150","September","January",0,1.77
"2017","Libya","Glasgow Caledonian University","All postgraduate","Full-time","2017/2018","Tier 4 Pilot","328","150","Tier 2 Only","Companny Dependent","20800","Yes","328","150","September","January",0,1.77
"2017","Libya","Glasgow School of Art","All postgraduate","Full-time","2017/2018","Tier 4 Pilot","328","150","Tier 2 Only","Companny Dependent","20800","Yes","328","150","September","January",0,1.77
"2017","Libya","Heriot-Watt University","All postgraduate","Full-time","2017/2018","Tier 4 Pilot","328","150","Tier 2 Only","Companny Dependent","20800","Yes","328","150","September","January",35,1.77
"2017","Libya","Queen Margaret University, Edinburgh","All postgraduate","Full-time","2017/2018","Tier 4 Pilot","328","150","Tier 2 Only","Companny Dependent","20800","Yes","328","150","September","January",0,1.77
"2017","Libya","Robert Gordon University","All postgraduate","Full-time","2017/2018","Tier 4 Pilot","328","150","Tier 2 Only","Companny Dependent","20800","Yes","328","150","September","January",0,1.77
"2017","Libya","Royal Conservatoire of Scotland","All postgraduate","Full-time","2017/2018","Tier 4 Pilot","328","150","Tier 2 Only","Companny Dependent","20800","Yes","328","150","September","January",0,1.77
"2017","Libya","SRUC","All postgraduate","Part-time","2017/2018","Tier 4 Pilot","328","150","Tier 2 Only","Companny Dependent","20800","Yes","328","150","September","January",0,1.77
"2017","Libya","The University of Aberdeen","All postgraduate","Full-time","2017/2018","Tier 4 Pilot","328","150","Tier 2 Only","Companny Dependent","20800","Yes","328","150","September","January",35,1.77
"2017","Libya","The University of Dundee","All postgraduate","Full-time","2017/2018","Tier 4 Pilot","328","150","Tier 2 Only","Companny Dependent","20800","Yes","328","150","September","January",70,1.77
"2017","Libya","The University of Edinburgh","All postgraduate","Full-time","2017/2018","Tier 4 Pilot","328","150","Tier 2 Only","Companny Dependent","20800","Yes","328","150","September","January",0,1.77
"2017","Libya","The University of Glasgow","All postgraduate","Full-time","2017/2018","Tier 4 Pilot","328","150","Tier 2 Only","Companny Dependent","20800","Yes","328","150","September","January",35,1.77
"2017","Libya","The University of St. Andrews","All postgraduate","Full-time","2017/2018","Tier 4 Pilot","328","150","Tier 2 Only","Companny Dependent","20800","Yes","328","150","September","January",0,1.77
"2017","Libya","The University of Stirling","All postgraduate","Full-time","2017/2018","Tier 4 Pilot","328","150","Tier 2 Only","Companny Dependent","20800","Yes","328","150","September","January",0,1.77
"2017","Libya","The University of Strathclyde","All postgraduate","Full-time","2017/2018","Tier 4 Pilot","328","150","Tier 2 Only","Companny Dependent","20800","Yes","328","150","September","January",70,1.77
"2017","Libya","The University of the West of Scotland","All postgraduate","Full-time","2017/2018","Tier 4 Pilot","328","150","Tier 2 Only","Companny Dependent","20800","Yes","328","150","September","January",35,1.77
"2017","Libya","University of the Highlands and Islands","All postgraduate","Full-time","2017/2018","Tier 4 Pilot","328","150","Tier 2 Only","Companny Dependent","20800","Yes","328","150","September","January",0,1.77
"2017","Nigeria","Abertay University","All postgraduate","Full-time","2017/2018","Tier 4 Pilot","328","150","Tier 2 Only","Companny Dependent","20800","Yes","328","150","September","January",0,400.56
"2017","Nigeria","Edinburgh Napier University","All postgraduate","Full-time","2017/2018","Tier 4 Pilot","328","150","Tier 2 Only","Companny Dependent","20800","Yes","328","150","September","January",0,400.56
"2017","Nigeria","Glasgow Caledonian University","All postgraduate","Full-time","2017/2018","Tier 4 Pilot","328","150","Tier 2 Only","Companny Dependent","20800","Yes","328","150","September","January",0,400.56
"2017","Nigeria","Glasgow School of Art","All postgraduate","Full-time","2017/2018","Tier 4 Pilot","328","150","Tier 2 Only","Companny Dependent","20800","Yes","328","150","September","January",0,400.56
"2017","Nigeria","Heriot-Watt University","All postgraduate","Full-time","2017/2018","Tier 4 Pilot","328","150","Tier 2 Only","Companny Dependent","20800","Yes","328","150","September","January",0,400.56
"2017","Nigeria","Queen Margaret University, Edinburgh","All postgraduate","Full-time","2017/2018","Tier 4 Pilot","328","150","Tier 2 Only","Companny Dependent","20800","Yes","328","150","September","January",0,400.56
"2017","Nigeria","Robert Gordon University","All postgraduate","Full-time","2017/2018","Tier 4 Pilot","328","150","Tier 2 Only","Companny Dependent","20800","Yes","328","150","September","January",0,400.56
"2017","Nigeria","Royal Conservatoire of Scotland","All postgraduate","Full-time","2017/2018","Tier 4 Pilot","328","150","Tier 2 Only","Companny Dependent","20800","Yes","328","150","September","January",0,400.56
"2017","Nigeria","SRUC","All postgraduate","Part-time","2017/2018","Tier 4 Pilot","328","150","Tier 2 Only","Companny Dependent","20800","Yes","328","150","September","January",0,400.56
"2017","Nigeria","The University of Aberdeen","All postgraduate","Full-time","2017/2018","Tier 4 Pilot","328","150","Tier 2 Only","Companny Dependent","20800","Yes","328","150","September","January",60,400.56
"2017","Nigeria","The University of Dundee","All postgraduate","Full-time","2017/2018","Tier 4 Pilot","328","150","Tier 2 Only","Companny Dependent","20800","Yes","328","150","September","January",60,400.56
"2017","Nigeria","The University of Edinburgh","All postgraduate","Full-time","2017/2018","Tier 4 Pilot","328","150","Tier 2 Only","Companny Dependent","20800","Yes","328","150","September","January",0,400.56
"2017","Nigeria","The University of Glasgow","All postgraduate","Full-time","2017/2018","Tier 4 Pilot","328","150","Tier 2 Only","Companny Dependent","20800","Yes","328","150","September","January",0,400.56
"2017","Nigeria","The University of St. Andrews","All postgraduate","Full-time","2017/2018","Tier 4 Pilot","328","150","Tier 2 Only","Companny Dependent","20800","Yes","328","150","September","January",0,400.56
"2017","Nigeria","The University of Stirling","All postgraduate","Full-time","2017/2018","Tier 4 Pilot","328","150","Tier 2 Only","Companny Dependent","20800","Yes","328","150","September","January",0,400.56
"2017","Nigeria","The University of Strathclyde","All postgraduate","Full-time","2017/2018","Tier 4 Pilot","328","150","Tier 2 Only","Companny Dependent","20800","Yes","328","150","September","January",0,400.56
"2017","Nigeria","The University of the West of Scotland","All postgraduate","Full-time","2017/2018","Tier 4 Pilot","328","150","Tier 2 Only","Companny Dependent","20800","Yes","328","150","September","January",60,400.56
"2017","Nigeria","University of the Highlands and Islands","All postgraduate","Full-time","2017/2018","Tier 4 Pilot","328","150","Tier 2 Only","Companny Dependent","20800","Yes","328","150","September","January",0,400.56
"2017","Oman","Abertay University","All postgraduate","Full-time","2017/2018","Tier 4 Pilot","328","150","Tier 2 Only","Companny Dependent","20800","Yes","328","150","September","January",0,0.5
"2017","Oman","Edinburgh Napier University","All postgraduate","Full-time","2017/2018","Tier 4 Pilot","328","150","Tier 2 Only","Companny Dependent","20800","Yes","328","150","September","January",20,0.5
"2017","Oman","Glasgow Caledonian University","All postgraduate","Full-time","2017/2018","Tier 4 Pilot","328","150","Tier 2 Only","Companny Dependent","20800","Yes","328","150","September","January",40,0.5
"2017","Oman","Glasgow School of Art","All postgraduate","Full-time","2017/2018","Tier 4 Pilot","328","150","Tier 2 Only","Companny Dependent","20800","Yes","328","150","September","January",0,0.5
"2017","Oman","Heriot-Watt University","All postgraduate","Full-time","2017/2018","Tier 4 Pilot","328","150","Tier 2 Only","Companny Dependent","20800","Yes","328","150","September","January",60,0.5
"2017","Oman","Queen Margaret University, Edinburgh","All postgraduate","Full-time","2017/2018","Tier 4 Pilot","328","150","Tier 2 Only","Companny Dependent","20800","Yes","328","150","September","January",20,0.5
"2017","Oman","Robert Gordon University","All postgraduate","Full-time","2017/2018","Tier 4 Pilot","328","150","Tier 2 Only","Companny Dependent","20800","Yes","328","150","September","January",20,0.5
"2017","Oman","Royal Conservatoire of Scotland","All postgraduate","Full-time","2017/2018","Tier 4 Pilot","328","150","Tier 2 Only","Companny Dependent","20800","Yes","328","150","September","January",0,0.5
"2017","Oman","SRUC","All postgraduate","Part-time","2017/2018","Tier 4 Pilot","328","150","Tier 2 Only","Companny Dependent","20800","Yes","328","150","September","January",0,0.5
"2017","Oman","The University of Aberdeen","All postgraduate","Full-time","2017/2018","Tier 4 Pilot","328","150","Tier 2 Only","Companny Dependent","20800","Yes","328","150","September","January",40,0.5
"2017","Oman","The University of Dundee","All postgraduate","Full-time","2017/2018","Tier 4 Pilot","328","150","Tier 2 Only","Companny Dependent","20800","Yes","328","150","September","January",20,0.5
"2017","Oman","The University of Edinburgh","All postgraduate","Full-time","2017/2018","Tier 4 Pilot","328","150","Tier 2 Only","Companny Dependent","20800","Yes","328","150","September","January",20,0.5
"2017","Oman","The University of Glasgow","All postgraduate","Full-time","2017/2018","Tier 4 Pilot","328","150","Tier 2 Only","Companny Dependent","20800","Yes","328","150","September","January",60,0.5
"2017","Oman","The University of St. Andrews","All postgraduate","Full-time","2017/2018","Tier 4 Pilot","328","150","Tier 2 Only","Companny Dependent","20800","Yes","328","150","September","January",0,0.5
"2017","Oman","The University of Stirling","All postgraduate","Full-time","2017/2018","Tier 4 Pilot","328","150","Tier 2 Only","Companny Dependent","20800","Yes","328","150","September","January",20,0.5
"2017","Oman","The University of Strathclyde","All postgraduate","Full-time","2017/2018","Tier 4 Pilot","328","150","Tier 2 Only","Companny Dependent","20800","Yes","328","150","September","January",40,0.5
"2017","Oman","The University of the West of Scotland","All postgraduate","Full-time","2017/2018","Tier 4 Pilot","328","150","Tier 2 Only","Companny Dependent","20800","Yes","328","150","September","January",0,0.5
"2017","Oman","University of the Highlands and Islands","All postgraduate","Full-time","2017/2018","Tier 4 Pilot","328","150","Tier 2 Only","Companny Dependent","20800","Yes","328","150","September","January",0,0.5
"2017","Pakistan","Abertay University","All postgraduate","Full-time","2017/2018","Tier 4 Pilot","328","150","Tier 2 Only","Companny Dependent","20800","Yes","328","150","September","January",60,84.48
"2017","Pakistan","Edinburgh Napier University","All postgraduate","Full-time","2017/2018","Tier 4 Pilot","328","150","Tier 2 Only","Companny Dependent","20800","Yes","328","150","September","January",180,84.48
"2017","Pakistan","Glasgow Caledonian University","All postgraduate","Full-time","2017/2018","Tier 4 Pilot","328","150","Tier 2 Only","Companny Dependent","20800","Yes","328","150","September","January",660,84.48
"2017","Pakistan","Glasgow School of Art","All postgraduate","Full-time","2017/2018","Tier 4 Pilot","328","150","Tier 2 Only","Companny Dependent","20800","Yes","328","150","September","January",0,84.48
"2017","Pakistan","Heriot-Watt University","All postgraduate","Full-time","2017/2018","Tier 4 Pilot","328","150","Tier 2 Only","Companny Dependent","20800","Yes","328","150","September","January",240,84.48
"2017","Pakistan","Queen Margaret University, Edinburgh","All postgraduate","Full-time","2017/2018","Tier 4 Pilot","328","150","Tier 2 Only","Companny Dependent","20800","Yes","328","150","September","January",60,84.48
"2017","Pakistan","Robert Gordon University","All postgraduate","Full-time","2017/2018","Tier 4 Pilot","328","150","Tier 2 Only","Companny Dependent","20800","Yes","328","150","September","January",120,84.48
"2017","Pakistan","Royal Conservatoire of Scotland","All postgraduate","Full-time","2017/2018","Tier 4 Pilot","328","150","Tier 2 Only","Companny Dependent","20800","Yes","328","150","September","January",0,84.48
"2017","Pakistan","SRUC","All postgraduate","Part-time","2017/2018","Tier 4 Pilot","328","150","Tier 2 Only","Companny Dependent","20800","Yes","328","150","September","January",0,84.48
"2017","Pakistan","The University of Aberdeen","All postgraduate","Full-time","2017/2018","Tier 4 Pilot","328","150","Tier 2 Only","Companny Dependent","20800","Yes","328","150","September","January",180,84.48
"2017","Pakistan","The University of Dundee","All postgraduate","Full-time","2017/2018","Tier 4 Pilot","328","150","Tier 2 Only","Companny Dependent","20800","Yes","328","150","September","January",300,84.48
"2017","Pakistan","The University of Edinburgh","All postgraduate","Full-time","2017/2018","Tier 4 Pilot","328","150","Tier 2 Only","Companny Dependent","20800","Yes","328","150","September","January",300,84.48
"2017","Pakistan","The University of Glasgow","All postgraduate","Full-time","2017/2018","Tier 4 Pilot","328","150","Tier 2 Only","Companny Dependent","20800","Yes","328","150","September","January",420,84.48
"2017","Pakistan","The University of St. Andrews","All postgraduate","Full-time","2017/2018","Tier 4 Pilot","328","150","Tier 2 Only","Companny Dependent","20800","Yes","328","150","September","January",60,84.48
"2017","Pakistan","The University of Stirling","All postgraduate","Full-time","2017/2018","Tier 4 Pilot","328","150","Tier 2 Only","Companny Dependent","20800","Yes","328","150","September","January",120,84.48
"2017","Pakistan","The University of Strathclyde","All postgraduate","Full-time","2017/2018","Tier 4 Pilot","328","150","Tier 2 Only","Companny Dependent","20800","Yes","328","150","September","January",300,84.48
"2017","Pakistan","The University of the West of Scotland","All postgraduate","Full-time","2017/2018","Tier 4 Pilot","328","150","Tier 2 Only","Companny Dependent","20800","Yes","328","150","September","January",1260,84.48
"2017","Pakistan","University of the Highlands and Islands","All postgraduate","Full-time","2017/2018","Tier 4 Pilot","328","150","Tier 2 Only","Companny Dependent","20800","Yes","328","150","September","January",0,84.48
"2017","Tanzania","Abertay University","All postgraduate","Full-time","2017/2018","Tier 4 Pilot","328","150","Tier 2 Only","Companny Dependent","20800","Yes","328","150","September","January",0,2908.09
"2017","Tanzania","Edinburgh Napier University","All postgraduate","Full-time","2017/2018","Tier 4 Pilot","328","150","Tier 2 Only","Companny Dependent","20800","Yes","328","150","September","January",0,2908.09
"2017","Tanzania","Glasgow Caledonian University","All postgraduate","Full-time","2017/2018","Tier 4 Pilot","328","150","Tier 2 Only","Companny Dependent","20800","Yes","328","150","September","January",0,2908.09
"2017","Tanzania","Glasgow School of Art","All postgraduate","Full-time","2017/2018","Tier 4 Pilot","328","150","Tier 2 Only","Companny Dependent","20800","Yes","328","150","September","January",0,2908.09
"2017","Tanzania","Heriot-Watt University","All postgraduate","Full-time","2017/2018","Tier 4 Pilot","328","150","Tier 2 Only","Companny Dependent","20800","Yes","328","150","September","January",0,2908.09
"2017","Tanzania","Queen Margaret University, Edinburgh","All postgraduate","Full-time","2017/2018","Tier 4 Pilot","328","150","Tier 2 Only","Companny Dependent","20800","Yes","328","150","September","January",0,2908.09
"2017","Tanzania","Robert Gordon University","All postgraduate","Full-time","2017/2018","Tier 4 Pilot","328","150","Tier 2 Only","Companny Dependent","20800","Yes","328","150","September","January",0,2908.09
"2017","Tanzania","Royal Conservatoire of Scotland","All postgraduate","Full-time","2017/2018","Tier 4 Pilot","328","150","Tier 2 Only","Companny Dependent","20800","Yes","328","150","September","January",0,2908.09
"2017","Tanzania","SRUC","All postgraduate","Part-time","2017/2018","Tier 4 Pilot","328","150","Tier 2 Only","Companny Dependent","20800","Yes","328","150","September","January",0,2908.09
"2017","Tanzania","The University of Aberdeen","All postgraduate","Full-time","2017/2018","Tier 4 Pilot","328","150","Tier 2 Only","Companny Dependent","20800","Yes","328","150","September","January",0,2908.09
"2017","Tanzania","The University of Dundee","All postgraduate","Full-time","2017/2018","Tier 4 Pilot","328","150","Tier 2 Only","Companny Dependent","20800","Yes","328","150","September","January",0,2908.09
"2017","Tanzania","The University of Edinburgh","All postgraduate","Full-time","2017/2018","Tier 4 Pilot","328","150","Tier 2 Only","Companny Dependent","20800","Yes","328","150","September","January",0,2908.09
"2017","Tanzania","The University of Glasgow","All postgraduate","Full-time","2017/2018","Tier 4 Pilot","328","150","Tier 2 Only","Companny Dependent","20800","Yes","328","150","September","January",0,2908.09
"2017","Tanzania","The University of St. Andrews","All postgraduate","Full-time","2017/2018","Tier 4 Pilot","328","150","Tier 2 Only","Companny Dependent","20800","Yes","328","150","September","January",0,2908.09
"2017","Tanzania","The University of Stirling","All postgraduate","Full-time","2017/2018","Tier 4 Pilot","328","150","Tier 2 Only","Companny Dependent","20800","Yes","328","150","September","January",0,2908.09
"2017","Tanzania","The University of Strathclyde","All postgraduate","Full-time","2017/2018","Tier 4 Pilot","328","150","Tier 2 Only","Companny Dependent","20800","Yes","328","150","September","January",0,2908.09
"2017","Tanzania","The University of the West of Scotland","All postgraduate","Full-time","2017/2018","Tier 4 Pilot","328","150","Tier 2 Only","Companny Dependent","20800","Yes","328","150","September","January",0,2908.09
"2017","Tanzania","University of the Highlands and Islands","All postgraduate","Full-time","2017/2018","Tier 4 Pilot","328","150","Tier 2 Only","Companny Dependent","20800","Yes","328","150","September","January",0,2908.09
"2017","Thailand","Abertay University","All postgraduate","Full-time","2017/2018","Tier 4 Pilot","328","150","Tier 2 Only","Companny Dependent","20800","Yes","328","150","September","January",0,43.92
"2017","Thailand","Edinburgh Napier University","All postgraduate","Full-time","2017/2018","Tier 4 Pilot","328","150","Tier 2 Only","Companny Dependent","20800","Yes","328","150","September","January",60,43.92
"2017","Thailand","Glasgow Caledonian University","All postgraduate","Full-time","2017/2018","Tier 4 Pilot","328","150","Tier 2 Only","Companny Dependent","20800","Yes","328","150","September","January",60,43.92
"2017","Thailand","Glasgow School of Art","All postgraduate","Full-time","2017/2018","Tier 4 Pilot","328","150","Tier 2 Only","Companny Dependent","20800","Yes","328","150","September","January",60,43.92
"2017","Thailand","Heriot-Watt University","All postgraduate","Full-time","2017/2018","Tier 4 Pilot","328","150","Tier 2 Only","Companny Dependent","20800","Yes","328","150","September","January",480,43.92
"2017","Thailand","Queen Margaret University, Edinburgh","All postgraduate","Full-time","2017/2018","Tier 4 Pilot","328","150","Tier 2 Only","Companny Dependent","20800","Yes","328","150","September","January",0,43.92
"2017","Thailand","Robert Gordon University","All postgraduate","Full-time","2017/2018","Tier 4 Pilot","328","150","Tier 2 Only","Companny Dependent","20800","Yes","328","150","September","January",60,43.92
"2017","Thailand","Royal Conservatoire of Scotland","All postgraduate","Full-time","2017/2018","Tier 4 Pilot","328","150","Tier 2 Only","Companny Dependent","20800","Yes","328","150","September","January",0,43.92
"2017","Thailand","SRUC","All postgraduate","Part-time","2017/2018","Tier 4 Pilot","328","150","Tier 2 Only","Companny Dependent","20800","Yes","328","150","September","January",0,43.92
"2017","Thailand","The University of Aberdeen","All postgraduate","Full-time","2017/2018","Tier 4 Pilot","328","150","Tier 2 Only","Companny Dependent","20800","Yes","328","150","September","January",660,43.92
"2017","Thailand","The University of Dundee","All postgraduate","Full-time","2017/2018","Tier 4 Pilot","328","150","Tier 2 Only","Companny Dependent","20800","Yes","328","150","September","January",240,43.92
"2017","Thailand","The University of Edinburgh","All postgraduate","Full-time","2017/2018","Tier 4 Pilot","328","150","Tier 2 Only","Companny Dependent","20800","Yes","328","150","September","January",600,43.92
"2017","Thailand","The University of Glasgow","All postgraduate","Full-time","2017/2018","Tier 4 Pilot","328","150","Tier 2 Only","Companny Dependent","20800","Yes","328","150","September","January",1140,43.92
"2017","Thailand","The University of St. Andrews","All postgraduate","Full-time","2017/2018","Tier 4 Pilot","328","150","Tier 2 Only","Companny Dependent","20800","Yes","328","150","September","January",180,43.92
"2017","Thailand","The University of Stirling","All postgraduate","Full-time","2017/2018","Tier 4 Pilot","328","150","Tier 2 Only","Companny Dependent","20800","Yes","328","150","September","January",420,43.92
"2017","Thailand","The University of Strathclyde","All postgraduate","Full-time","2017/2018","Tier 4 Pilot","328","150","Tier 2 Only","Companny Dependent","20800","Yes","328","150","September","January",1440,43.92
"2017","Thailand","The University of the West of Scotland","All postgraduate","Full-time","2017/2018","Tier 4 Pilot","328","150","Tier 2 Only","Companny Dependent","20800","Yes","328","150","September","January",120,43.92
"2017","Thailand","University of the Highlands and Islands","All postgraduate","Full-time","2017/2018","Tier 4 Pilot","328","150","Tier 2 Only","Companny Dependent","20800","Yes","328","150","September","January",0,43.92
"2017","Turkey","Abertay University","All postgraduate","Full-time","2017/2018","Tier 4 Pilot","328","150","Tier 2 Only","Companny Dependent","20800","Yes","328","150","September","January",0,4.74
"2017","Turkey","Edinburgh Napier University","All postgraduate","Full-time","2017/2018","Tier 4 Pilot","328","150","Tier 2 Only","Companny Dependent","20800","Yes","328","150","September","January",60,4.74
"2017","Turkey","Glasgow Caledonian University","All postgraduate","Full-time","2017/2018","Tier 4 Pilot","328","150","Tier 2 Only","Companny Dependent","20800","Yes","328","150","September","January",0,4.74
"2017","Turkey","Glasgow School of Art","All postgraduate","Full-time","2017/2018","Tier 4 Pilot","328","150","Tier 2 Only","Companny Dependent","20800","Yes","328","150","September","January",60,4.74
"2017","Turkey","Heriot-Watt University","All postgraduate","Full-time","2017/2018","Tier 4 Pilot","328","150","Tier 2 Only","Companny Dependent","20800","Yes","328","150","September","January",180,4.74
"2017","Turkey","Queen Margaret University, Edinburgh","All postgraduate","Full-time","2017/2018","Tier 4 Pilot","328","150","Tier 2 Only","Companny Dependent","20800","Yes","328","150","September","January",0,4.74
"2017","Turkey","Robert Gordon University","All postgraduate","Full-time","2017/2018","Tier 4 Pilot","328","150","Tier 2 Only","Companny Dependent","20800","Yes","328","150","September","January",0,4.74
"2017","Turkey","Royal Conservatoire of Scotland","All postgraduate","Full-time","2017/2018","Tier 4 Pilot","328","150","Tier 2 Only","Companny Dependent","20800","Yes","328","150","September","January",0,4.74
"2017","Turkey","SRUC","All postgraduate","Part-time","2017/2018","Tier 4 Pilot","328","150","Tier 2 Only","Companny Dependent","20800","Yes","328","150","September","January",0,4.74
"2017","Turkey","The University of Aberdeen","All postgraduate","Full-time","2017/2018","Tier 4 Pilot","328","150","Tier 2 Only","Companny Dependent","20800","Yes","328","150","September","January",180,4.74
"2017","Turkey","The University of Dundee","All postgraduate","Full-time","2017/2018","Tier 4 Pilot","328","150","Tier 2 Only","Companny Dependent","20800","Yes","328","150","September","January",120,4.74
"2017","Turkey","The University of Edinburgh","All postgraduate","Full-time","2017/2018","Tier 4 Pilot","328","150","Tier 2 Only","Companny Dependent","20800","Yes","328","150","September","January",540,4.74
"2017","Turkey","The University of Glasgow","All postgraduate","Full-time","2017/2018","Tier 4 Pilot","328","150","Tier 2 Only","Companny Dependent","20800","Yes","328","150","September","January",240,4.74
"2017","Turkey","The University of St. Andrews","All postgraduate","Full-time","2017/2018","Tier 4 Pilot","328","150","Tier 2 Only","Companny Dependent","20800","Yes","328","150","September","January",60,4.74
"2017","Turkey","The University of Stirling","All postgraduate","Full-time","2017/2018","Tier 4 Pilot","328","150","Tier 2 Only","Companny Dependent","20800","Yes","328","150","September","January",120,4.74
"2017","Turkey","The University of Strathclyde","All postgraduate","Full-time","2017/2018","Tier 4 Pilot","328","150","Tier 2 Only","Companny Dependent","20800","Yes","328","150","September","January",240,4.74
"2017","Turkey","The University of the West of Scotland","All postgraduate","Full-time","2017/2018","Tier 4 Pilot","328","150","Tier 2 Only","Companny Dependent","20800","Yes","328","150","September","January",720,4.74
"2017","Turkey","University of the Highlands and Islands","All postgraduate","Full-time","2017/2018","Tier 4 Pilot","328","150","Tier 2 Only","Companny Dependent","20800","Yes","328","150","September","January",0,4.74
"2017","Uganda","Abertay University","All postgraduate","Full-time","2017/2018","Tier 4 Pilot","328","150","Tier 2 Only","Companny Dependent","20800","Yes","328","150","September","January",0,4698.29
"2017","Uganda","Edinburgh Napier University","All postgraduate","Full-time","2017/2018","Tier 4 Pilot","328","150","Tier 2 Only","Companny Dependent","20800","Yes","328","150","September","January",0,4698.29
"2017","Uganda","Glasgow Caledonian University","All postgraduate","Full-time","2017/2018","Tier 4 Pilot","328","150","Tier 2 Only","Companny Dependent","20800","Yes","328","150","September","January",0,4698.29
"2017","Uganda","Glasgow School of Art","All postgraduate","Full-time","2017/2018","Tier 4 Pilot","328","150","Tier 2 Only","Companny Dependent","20800","Yes","328","150","September","January",0,4698.29
"2017","Uganda","Heriot-Watt University","All postgraduate","Full-time","2017/2018","Tier 4 Pilot","328","150","Tier 2 Only","Companny Dependent","20800","Yes","328","150","September","January",0,4698.29
"2017","Uganda","Queen Margaret University, Edinburgh","All postgraduate","Full-time","2017/2018","Tier 4 Pilot","328","150","Tier 2 Only","Companny Dependent","20800","Yes","328","150","September","January",0,4698.29
"2017","Uganda","Robert Gordon University","All postgraduate","Full-time","2017/2018","Tier 4 Pilot","328","150","Tier 2 Only","Companny Dependent","20800","Yes","328","150","September","January",0,4698.29
"2017","Uganda","Royal Conservatoire of Scotland","All postgraduate","Full-time","2017/2018","Tier 4 Pilot","328","150","Tier 2 Only","Companny Dependent","20800","Yes","328","150","September","January",0,4698.29
"2017","Uganda","SRUC","All postgraduate","Part-time","2017/2018","Tier 4 Pilot","328","150","Tier 2 Only","Companny Dependent","20800","Yes","328","150","September","January",0,4698.29
"2017","Uganda","The University of Aberdeen","All postgraduate","Full-time","2017/2018","Tier 4 Pilot","328","150","Tier 2 Only","Companny Dependent","20800","Yes","328","150","September","January",0,4698.29
"2017","Uganda","The University of Dundee","All postgraduate","Full-time","2017/2018","Tier 4 Pilot","328","150","Tier 2 Only","Companny Dependent","20800","Yes","328","150","September","January",0,4698.29
"2017","Uganda","The University of Edinburgh","All postgraduate","Full-time","2017/2018","Tier 4 Pilot","328","150","Tier 2 Only","Companny Dependent","20800","Yes","328","150","September","January",0,4698.29
"2017","Uganda","The University of Glasgow","All postgraduate","Full-time","2017/2018","Tier 4 Pilot","328","150","Tier 2 Only","Companny Dependent","20800","Yes","328","150","September","January",0,4698.29
"2017","Uganda","The University of St. Andrews","All postgraduate","Full-time","2017/2018","Tier 4 Pilot","328","150","Tier 2 Only","Companny Dependent","20800","Yes","328","150","September","January",0,4698.29
"2017","Uganda","The University of Stirling","All postgraduate","Full-time","2017/2018","Tier 4 Pilot","328","150","Tier 2 Only","Companny Dependent","20800","Yes","328","150","September","January",0,4698.29
"2017","Uganda","The University of Strathclyde","All postgraduate","Full-time","2017/2018","Tier 4 Pilot","328","150","Tier 2 Only","Companny Dependent","20800","Yes","328","150","September","January",0,4698.29
"2017","Uganda","The University of the West of Scotland","All postgraduate","Full-time","2017/2018","Tier 4 Pilot","328","150","Tier 2 Only","Companny Dependent","20800","Yes","328","150","September","January",0,4698.29
"2017","Uganda","University of the Highlands and Islands","All postgraduate","Full-time","2017/2018","Tier 4 Pilot","328","150","Tier 2 Only","Companny Dependent","20800","Yes","328","150","September","January",0,4698.29
"2018","China","Abertay University","All postgraduate","Full-time","2018/2019","Tier 4 Pilot","348","150","Tier 2 Only","Companny Dependent","20800","Yes","348","150","September","January",360,8.81
"2018","China","Edinburgh Napier University","All postgraduate","Full-time","2018/2019","Tier 4 Pilot","348","150","Tier 2 Only","Companny Dependent","20800","Yes","348","150","September","January",1140,8.81
"2018","China","Glasgow Caledonian University","All postgraduate","Full-time","2018/2019","Tier 4 Pilot","348","150","Tier 2 Only","Companny Dependent","20800","Yes","348","150","September","January",660,8.81
"2018","China","Glasgow School of Art","All postgraduate","Full-time","2018/2019","Tier 4 Pilot","348","150","Tier 2 Only","Companny Dependent","20800","Yes","348","150","September","January",2100,8.81
"2018","China","Heriot-Watt University","All postgraduate","Full-time","2018/2019","Tier 4 Pilot","348","150","Tier 2 Only","Companny Dependent","20800","Yes","348","150","September","January",2760,8.81
"2018","China","Queen Margaret University, Edinburgh","All postgraduate","Full-time","2018/2019","Tier 4 Pilot","348","150","Tier 2 Only","Companny Dependent","20800","Yes","348","150","September","January",0,8.81
"2018","China","Robert Gordon University","All postgraduate","Full-time","2018/2019","Tier 4 Pilot","348","150","Tier 2 Only","Companny Dependent","20800","Yes","348","150","September","January",180,8.81
"2018","China","Royal Conservatoire of Scotland","All postgraduate","Full-time","2018/2019","Tier 4 Pilot","348","150","Tier 2 Only","Companny Dependent","20800","Yes","348","150","September","January",240,8.81
"2018","China","SRUC","All postgraduate","Part-time","2018/2019","Tier 4 Pilot","348","150","Tier 2 Only","Companny Dependent","20800","Yes","348","150","September","January",0,8.81
"2018","China","The University of Aberdeen","All postgraduate","Full-time","2018/2019","Tier 4 Pilot","348","150","Tier 2 Only","Companny Dependent","20800","Yes","348","150","September","January",5640,8.81
"2018","China","The University of Dundee","All postgraduate","Full-time","2018/2019","Tier 4 Pilot","348","150","Tier 2 Only","Companny Dependent","20800","Yes","348","150","September","January",5220,8.81
"2018","China","The University of Edinburgh","All postgraduate","Full-time","2018/2019","Tier 4 Pilot","348","150","Tier 2 Only","Companny Dependent","20800","Yes","348","150","September","January",26880,8.81
"2018","China","The University of Glasgow","All postgraduate","Full-time","2018/2019","Tier 4 Pilot","348","150","Tier 2 Only","Companny Dependent","20800","Yes","348","150","September","January",32940,8.81
"2018","China","The University of St. Andrews","All postgraduate","Full-time","2018/2019","Tier 4 Pilot","348","150","Tier 2 Only","Companny Dependent","20800","Yes","348","150","September","January",2880,8.81
"2018","China","The University of Stirling","All postgraduate","Full-time","2018/2019","Tier 4 Pilot","348","150","Tier 2 Only","Companny Dependent","20800","Yes","348","150","September","January",6720,8.81
"2018","China","The University of Strathclyde","All postgraduate","Full-time","2018/2019","Tier 4 Pilot","348","150","Tier 2 Only","Companny Dependent","20800","Yes","348","150","September","January",5640,8.81
"2018","China","The University of the West of Scotland","All postgraduate","Full-time","2018/2019","Tier 4 Pilot","348","150","Tier 2 Only","Companny Dependent","20800","Yes","348","150","September","January",180,8.81
"2018","China","University of the Highlands and Islands","All postgraduate","Full-time","2018/2019","Tier 4 Pilot","348","150","Tier 2 Only","Companny Dependent","20800","Yes","348","150","September","January",0,8.81
"2018","Gambia","Abertay University","All postgraduate","Full-time","2018/2019","Tier 4 Pilot","348","150","Tier 2 Only","Companny Dependent","20800","Yes","348","150","September","January",0,64.83
"2018","Gambia","Edinburgh Napier University","All postgraduate","Full-time","2018/2019","Tier 4 Pilot","348","150","Tier 2 Only","Companny Dependent","20800","Yes","348","150","September","January",0,64.83
"2018","Gambia","Glasgow Caledonian University","All postgraduate","Full-time","2018/2019","Tier 4 Pilot","348","150","Tier 2 Only","Companny Dependent","20800","Yes","348","150","September","January",0,64.83
"2018","Gambia","Glasgow School of Art","All postgraduate","Full-time","2018/2019","Tier 4 Pilot","348","150","Tier 2 Only","Companny Dependent","20800","Yes","348","150","September","January",0,64.83
"2018","Gambia","Heriot-Watt University","All postgraduate","Full-time","2018/2019","Tier 4 Pilot","348","150","Tier 2 Only","Companny Dependent","20800","Yes","348","150","September","January",0,64.83
"2018","Gambia","Queen Margaret University, Edinburgh","All postgraduate","Full-time","2018/2019","Tier 4 Pilot","348","150","Tier 2 Only","Companny Dependent","20800","Yes","348","150","September","January",0,64.83
"2018","Gambia","Robert Gordon University","All postgraduate","Full-time","2018/2019","Tier 4 Pilot","348","150","Tier 2 Only","Companny Dependent","20800","Yes","348","150","September","January",0,64.83
"2018","Gambia","Royal Conservatoire of Scotland","All postgraduate","Full-time","2018/2019","Tier 4 Pilot","348","150","Tier 2 Only","Companny Dependent","20800","Yes","348","150","September","January",0,64.83
"2018","Gambia","SRUC","All postgraduate","Part-time","2018/2019","Tier 4 Pilot","348","150","Tier 2 Only","Companny Dependent","20800","Yes","348","150","September","January",0,64.83
"2018","Gambia","The University of Aberdeen","All postgraduate","Full-time","2018/2019","Tier 4 Pilot","348","150","Tier 2 Only","Companny Dependent","20800","Yes","348","150","September","January",0,64.83
"2018","Gambia","The University of Dundee","All postgraduate","Full-time","2018/2019","Tier 4 Pilot","348","150","Tier 2 Only","Companny Dependent","20800","Yes","348","150","September","January",0,64.83
"2018","Gambia","The University of Edinburgh","All postgraduate","Full-time","2018/2019","Tier 4 Pilot","348","150","Tier 2 Only","Companny Dependent","20800","Yes","348","150","September","January",0,64.83
"2018","Gambia","The University of Glasgow","All postgraduate","Full-time","2018/2019","Tier 4 Pilot","348","150","Tier 2 Only","Companny Dependent","20800","Yes","348","150","September","January",0,64.83
"2018","Gambia","The University of St. Andrews","All postgraduate","Full-time","2018/2019","Tier 4 Pilot","348","150","Tier 2 Only","Companny Dependent","20800","Yes","348","150","September","January",0,64.83
"2018","Gambia","The University of Stirling","All postgraduate","Full-time","2018/2019","Tier 4 Pilot","348","150","Tier 2 Only","Companny Dependent","20800","Yes","348","150","September","January",0,64.83
"2018","Gambia","The University of Strathclyde","All postgraduate","Full-time","2018/2019","Tier 4 Pilot","348","150","Tier 2 Only","Companny Dependent","20800","Yes","348","150","September","January",0,64.83
"2018","Gambia","The University of the West of Scotland","All postgraduate","Full-time","2018/2019","Tier 4 Pilot","348","150","Tier 2 Only","Companny Dependent","20800","Yes","348","150","September","January",0,64.83
"2018","Gambia","University of the Highlands and Islands","All postgraduate","Full-time","2018/2019","Tier 4 Pilot","348","150","Tier 2 Only","Companny Dependent","20800","Yes","348","150","September","January",0,64.83
"2018","Ghana","Abertay University","All postgraduate","Full-time","2018/2019","Tier 4 Pilot","348","150","Tier 2 Only","Companny Dependent","20800","Yes","348","150","September","January",0,6.21
"2018","Ghana","Edinburgh Napier University","All postgraduate","Full-time","2018/2019","Tier 4 Pilot","348","150","Tier 2 Only","Companny Dependent","20800","Yes","348","150","September","January",90,6.21
"2018","Ghana","Glasgow Caledonian University","All postgraduate","Full-time","2018/2019","Tier 4 Pilot","348","150","Tier 2 Only","Companny Dependent","20800","Yes","348","150","September","January",135,6.21
"2018","Ghana","Glasgow School of Art","All postgraduate","Full-time","2018/2019","Tier 4 Pilot","348","150","Tier 2 Only","Companny Dependent","20800","Yes","348","150","September","January",0,6.21
"2018","Ghana","Heriot-Watt University","All postgraduate","Full-time","2018/2019","Tier 4 Pilot","348","150","Tier 2 Only","Companny Dependent","20800","Yes","348","150","September","January",135,6.21
"2018","Ghana","Queen Margaret University, Edinburgh","All postgraduate","Full-time","2018/2019","Tier 4 Pilot","348","150","Tier 2 Only","Companny Dependent","20800","Yes","348","150","September","January",45,6.21
"2018","Ghana","Robert Gordon University","All postgraduate","Full-time","2018/2019","Tier 4 Pilot","348","150","Tier 2 Only","Companny Dependent","20800","Yes","348","150","September","January",270,6.21
"2018","Ghana","Royal Conservatoire of Scotland","All postgraduate","Full-time","2018/2019","Tier 4 Pilot","348","150","Tier 2 Only","Companny Dependent","20800","Yes","348","150","September","January",0,6.21
"2018","Ghana","SRUC","All postgraduate","Part-time","2018/2019","Tier 4 Pilot","348","150","Tier 2 Only","Companny Dependent","20800","Yes","348","150","September","January",0,6.21
"2018","Ghana","The University of Aberdeen","All postgraduate","Full-time","2018/2019","Tier 4 Pilot","348","150","Tier 2 Only","Companny Dependent","20800","Yes","348","150","September","January",315,6.21
"2018","Ghana","The University of Dundee","All postgraduate","Full-time","2018/2019","Tier 4 Pilot","348","150","Tier 2 Only","Companny Dependent","20800","Yes","348","150","September","January",180,6.21
"2018","Ghana","The University of Edinburgh","All postgraduate","Full-time","2018/2019","Tier 4 Pilot","348","150","Tier 2 Only","Companny Dependent","20800","Yes","348","150","September","January",135,6.21
"2018","Ghana","The University of Glasgow","All postgraduate","Full-time","2018/2019","Tier 4 Pilot","348","150","Tier 2 Only","Companny Dependent","20800","Yes","348","150","September","January",45,6.21
"2018","Ghana","The University of St. Andrews","All postgraduate","Full-time","2018/2019","Tier 4 Pilot","348","150","Tier 2 Only","Companny Dependent","20800","Yes","348","150","September","January",0,6.21
"2018","Ghana","The University of Stirling","All postgraduate","Full-time","2018/2019","Tier 4 Pilot","348","150","Tier 2 Only","Companny Dependent","20800","Yes","348","150","September","January",270,6.21
"2018","Ghana","The University of Strathclyde","All postgraduate","Full-time","2018/2019","Tier 4 Pilot","348","150","Tier 2 Only","Companny Dependent","20800","Yes","348","150","September","January",180,6.21
"2018","Ghana","The University of the West of Scotland","All postgraduate","Full-time","2018/2019","Tier 4 Pilot","348","150","Tier 2 Only","Companny Dependent","20800","Yes","348","150","September","January",225,6.21
"2018","Ghana","University of the Highlands and Islands","All postgraduate","Full-time","2018/2019","Tier 4 Pilot","348","150","Tier 2 Only","Companny Dependent","20800","Yes","348","150","September","January",0,6.21
"2018","India","Abertay University","All postgraduate","Full-time","2018/2019","Tier 4 Pilot","348","150","Tier 2 Only","Companny Dependent","20800","Yes","348","150","September","January",120,90.91
"2018","India","Edinburgh Napier University","All postgraduate","Full-time","2018/2019","Tier 4 Pilot","348","150","Tier 2 Only","Companny Dependent","20800","Yes","348","150","September","January",3480,90.91
"2018","India","Glasgow Caledonian University","All postgraduate","Full-time","2018/2019","Tier 4 Pilot","348","150","Tier 2 Only","Companny Dependent","20800","Yes","348","150","September","January",1080,90.91
"2018","India","Glasgow School of Art","All postgraduate","Full-time","2018/2019","Tier 4 Pilot","348","150","Tier 2 Only","Companny Dependent","20800","Yes","348","150","September","January",180,90.91
"2018","India","Heriot-Watt University","All postgraduate","Full-time","2018/2019","Tier 4 Pilot","348","150","Tier 2 Only","Companny Dependent","20800","Yes","348","150","September","January",840,90.91
"2018","India","Queen Margaret University, Edinburgh","All postgraduate","Full-time","2018/2019","Tier 4 Pilot","348","150","Tier 2 Only","Companny Dependent","20800","Yes","348","150","September","January",120,90.91
"2018","India","Robert Gordon University","All postgraduate","Full-time","2018/2019","Tier 4 Pilot","348","150","Tier 2 Only","Companny Dependent","20800","Yes","348","150","September","January",480,90.91
"2018","India","Royal Conservatoire of Scotland","All postgraduate","Full-time","2018/2019","Tier 4 Pilot","348","150","Tier 2 Only","Companny Dependent","20800","Yes","348","150","September","January",60,90.91
"2018","India","SRUC","All postgraduate","Part-time","2018/2019","Tier 4 Pilot","348","150","Tier 2 Only","Companny Dependent","20800","Yes","348","150","September","January",0,90.91
"2018","India","The University of Aberdeen","All postgraduate","Full-time","2018/2019","Tier 4 Pilot","348","150","Tier 2 Only","Companny Dependent","20800","Yes","348","150","September","January",600,90.91
"2018","India","The University of Dundee","All postgraduate","Full-time","2018/2019","Tier 4 Pilot","348","150","Tier 2 Only","Companny Dependent","20800","Yes","348","150","September","January",1200,90.91
"2018","India","The University of Edinburgh","All postgraduate","Full-time","2018/2019","Tier 4 Pilot","348","150","Tier 2 Only","Companny Dependent","20800","Yes","348","150","September","January",2160,90.91
"2018","India","The University of Glasgow","All postgraduate","Full-time","2018/2019","Tier 4 Pilot","348","150","Tier 2 Only","Companny Dependent","20800","Yes","348","150","September","January",2400,90.91
"2018","India","The University of St. Andrews","All postgraduate","Full-time","2018/2019","Tier 4 Pilot","348","150","Tier 2 Only","Companny Dependent","20800","Yes","348","150","September","January",420,90.91
"2018","India","The University of Stirling","All postgraduate","Full-time","2018/2019","Tier 4 Pilot","348","150","Tier 2 Only","Companny Dependent","20800","Yes","348","150","September","January",1140,90.91
"2018","India","The University of Strathclyde","All postgraduate","Full-time","2018/2019","Tier 4 Pilot","348","150","Tier 2 Only","Companny Dependent","20800","Yes","348","150","September","January",2340,90.91
"2018","India","The University of the West of Scotland","All postgraduate","Full-time","2018/2019","Tier 4 Pilot","348","150","Tier 2 Only","Companny Dependent","20800","Yes","348","150","September","January",1440,90.91
"2018","India","University of the Highlands and Islands","All postgraduate","Full-time","2018/2019","Tier 4 Pilot","348","150","Tier 2 Only","Companny Dependent","20800","Yes","348","150","September","January",60,90.91
"2018","Japan","Abertay University","All postgraduate","Full-time","2018/2019","Tier 4 Pilot","348","150","Tier 2 Only","Companny Dependent","20800","Yes","348","150","September","January",0,146.63
"2018","Japan","Edinburgh Napier University","All postgraduate","Full-time","2018/2019","Tier 4 Pilot","348","150","Tier 2 Only","Companny Dependent","20800","Yes","348","150","September","January",0,146.63
"2018","Japan","Glasgow Caledonian University","All postgraduate","Full-time","2018/2019","Tier 4 Pilot","348","150","Tier 2 Only","Companny Dependent","20800","Yes","348","150","September","January",0,146.63
"2018","Japan","Glasgow School of Art","All postgraduate","Full-time","2018/2019","Tier 4 Pilot","348","150","Tier 2 Only","Companny Dependent","20800","Yes","348","150","September","January",60,146.63
"2018","Japan","Heriot-Watt University","All postgraduate","Full-time","2018/2019","Tier 4 Pilot","348","150","Tier 2 Only","Companny Dependent","20800","Yes","348","150","September","January",0,146.63
"2018","Japan","Queen Margaret University, Edinburgh","All postgraduate","Full-time","2018/2019","Tier 4 Pilot","348","150","Tier 2 Only","Companny Dependent","20800","Yes","348","150","September","January",0,146.63
"2018","Japan","Robert Gordon University","All postgraduate","Full-time","2018/2019","Tier 4 Pilot","348","150","Tier 2 Only","Companny Dependent","20800","Yes","348","150","September","January",0,146.63
"2018","Japan","Royal Conservatoire of Scotland","All postgraduate","Full-time","2018/2019","Tier 4 Pilot","348","150","Tier 2 Only","Companny Dependent","20800","Yes","348","150","September","January",0,146.63
"2018","Japan","SRUC","All postgraduate","Part-time","2018/2019","Tier 4 Pilot","348","150","Tier 2 Only","Companny Dependent","20800","Yes","348","150","September","January",0,146.63
"2018","Japan","The University of Aberdeen","All postgraduate","Full-time","2018/2019","Tier 4 Pilot","348","150","Tier 2 Only","Companny Dependent","20800","Yes","348","150","September","January",60,146.63
"2018","Japan","The University of Dundee","All postgraduate","Full-time","2018/2019","Tier 4 Pilot","348","150","Tier 2 Only","Companny Dependent","20800","Yes","348","150","September","January",0,146.63
"2018","Japan","The University of Edinburgh","All postgraduate","Full-time","2018/2019","Tier 4 Pilot","348","150","Tier 2 Only","Companny Dependent","20800","Yes","348","150","September","January",600,146.63
"2018","Japan","The University of Glasgow","All postgraduate","Full-time","2018/2019","Tier 4 Pilot","348","150","Tier 2 Only","Companny Dependent","20800","Yes","348","150","September","January",120,146.63
"2018","Japan","The University of St. Andrews","All postgraduate","Full-time","2018/2019","Tier 4 Pilot","348","150","Tier 2 Only","Companny Dependent","20800","Yes","348","150","September","January",60,146.63
"2018","Japan","The University of Stirling","All postgraduate","Full-time","2018/2019","Tier 4 Pilot","348","150","Tier 2 Only","Companny Dependent","20800","Yes","348","150","September","January",120,146.63
"2018","Japan","The University of Strathclyde","All postgraduate","Full-time","2018/2019","Tier 4 Pilot","348","150","Tier 2 Only","Companny Dependent","20800","Yes","348","150","September","January",60,146.63
"2018","Japan","The University of the West of Scotland","All postgraduate","Full-time","2018/2019","Tier 4 Pilot","348","150","Tier 2 Only","Companny Dependent","20800","Yes","348","150","September","January",0,146.63
"2018","Japan","University of the Highlands and Islands","All postgraduate","Full-time","2018/2019","Tier 4 Pilot","348","150","Tier 2 Only","Companny Dependent","20800","Yes","348","150","September","January",0,146.63
"2018","Kenya","Abertay University","All postgraduate","Full-time","2018/2019","Tier 4 Pilot","348","150","Tier 2 Only","Companny Dependent","20800","Yes","348","150","September","January",0,134.62
"2018","Kenya","Edinburgh Napier University","All postgraduate","Full-time","2018/2019","Tier 4 Pilot","348","150","Tier 2 Only","Companny Dependent","20800","Yes","348","150","September","January",60,134.62
"2018","Kenya","Glasgow Caledonian University","All postgraduate","Full-time","2018/2019","Tier 4 Pilot","348","150","Tier 2 Only","Companny Dependent","20800","Yes","348","150","September","January",60,134.62
"2018","Kenya","Glasgow School of Art","All postgraduate","Full-time","2018/2019","Tier 4 Pilot","348","150","Tier 2 Only","Companny Dependent","20800","Yes","348","150","September","January",0,134.62
"2018","Kenya","Heriot-Watt University","All postgraduate","Full-time","2018/2019","Tier 4 Pilot","348","150","Tier 2 Only","Companny Dependent","20800","Yes","348","150","September","January",60,134.62
"2018","Kenya","Queen Margaret University, Edinburgh","All postgraduate","Full-time","2018/2019","Tier 4 Pilot","348","150","Tier 2 Only","Companny Dependent","20800","Yes","348","150","September","January",0,134.62
"2018","Kenya","Robert Gordon University","All postgraduate","Full-time","2018/2019","Tier 4 Pilot","348","150","Tier 2 Only","Companny Dependent","20800","Yes","348","150","September","January",0,134.62
"2018","Kenya","Royal Conservatoire of Scotland","All postgraduate","Full-time","2018/2019","Tier 4 Pilot","348","150","Tier 2 Only","Companny Dependent","20800","Yes","348","150","September","January",0,134.62
"2018","Kenya","SRUC","All postgraduate","Part-time","2018/2019","Tier 4 Pilot","348","150","Tier 2 Only","Companny Dependent","20800","Yes","348","150","September","January",0,134.62
"2018","Kenya","The University of Aberdeen","All postgraduate","Full-time","2018/2019","Tier 4 Pilot","348","150","Tier 2 Only","Companny Dependent","20800","Yes","348","150","September","January",120,134.62
"2018","Kenya","The University of Dundee","All postgraduate","Full-time","2018/2019","Tier 4 Pilot","348","150","Tier 2 Only","Companny Dependent","20800","Yes","348","150","September","January",120,134.62
"2018","Kenya","The University of Edinburgh","All postgraduate","Full-time","2018/2019","Tier 4 Pilot","348","150","Tier 2 Only","Companny Dependent","20800","Yes","348","150","September","January",180,134.62
"2018","Kenya","The University of Glasgow","All postgraduate","Full-time","2018/2019","Tier 4 Pilot","348","150","Tier 2 Only","Companny Dependent","20800","Yes","348","150","September","January",120,134.62
"2018","Kenya","The University of St. Andrews","All postgraduate","Full-time","2018/2019","Tier 4 Pilot","348","150","Tier 2 Only","Companny Dependent","20800","Yes","348","150","September","January",0,134.62
"2018","Kenya","The University of Stirling","All postgraduate","Full-time","2018/2019","Tier 4 Pilot","348","150","Tier 2 Only","Companny Dependent","20800","Yes","348","150","September","January",60,134.62
"2018","Kenya","The University of Strathclyde","All postgraduate","Full-time","2018/2019","Tier 4 Pilot","348","150","Tier 2 Only","Companny Dependent","20800","Yes","348","150","September","January",120,134.62
"2018","Kenya","The University of the West of Scotland","All postgraduate","Full-time","2018/2019","Tier 4 Pilot","348","150","Tier 2 Only","Companny Dependent","20800","Yes","348","150","September","January",0,134.62
"2018","Kenya","University of the Highlands and Islands","All postgraduate","Full-time","2018/2019","Tier 4 Pilot","348","150","Tier 2 Only","Companny Dependent","20800","Yes","348","150","September","January",0,134.62
"2018","Kuwait","Abertay University","All postgraduate","Full-time","2018/2019","Tier 4 Pilot","348","150","Tier 2 Only","Companny Dependent","20800","Yes","348","150","September","January",0,0.41
"2018","Kuwait","Edinburgh Napier University","All postgraduate","Full-time","2018/2019","Tier 4 Pilot","348","150","Tier 2 Only","Companny Dependent","20800","Yes","348","150","September","January",0,0.41
"2018","Kuwait","Glasgow Caledonian University","All postgraduate","Full-time","2018/2019","Tier 4 Pilot","348","150","Tier 2 Only","Companny Dependent","20800","Yes","348","150","September","January",40,0.41
"2018","Kuwait","Glasgow School of Art","All postgraduate","Full-time","2018/2019","Tier 4 Pilot","348","150","Tier 2 Only","Companny Dependent","20800","Yes","348","150","September","January",0,0.41
"2018","Kuwait","Heriot-Watt University","All postgraduate","Full-time","2018/2019","Tier 4 Pilot","348","150","Tier 2 Only","Companny Dependent","20800","Yes","348","150","September","January",20,0.41
"2018","Kuwait","Queen Margaret University, Edinburgh","All postgraduate","Full-time","2018/2019","Tier 4 Pilot","348","150","Tier 2 Only","Companny Dependent","20800","Yes","348","150","September","January",0,0.41
"2018","Kuwait","Robert Gordon University","All postgraduate","Full-time","2018/2019","Tier 4 Pilot","348","150","Tier 2 Only","Companny Dependent","20800","Yes","348","150","September","January",0,0.41
"2018","Kuwait","Royal Conservatoire of Scotland","All postgraduate","Full-time","2018/2019","Tier 4 Pilot","348","150","Tier 2 Only","Companny Dependent","20800","Yes","348","150","September","January",0,0.41
"2018","Kuwait","SRUC","All postgraduate","Part-time","2018/2019","Tier 4 Pilot","348","150","Tier 2 Only","Companny Dependent","20800","Yes","348","150","September","January",0,0.41
"2018","Kuwait","The University of Aberdeen","All postgraduate","Full-time","2018/2019","Tier 4 Pilot","348","150","Tier 2 Only","Companny Dependent","20800","Yes","348","150","September","January",80,0.41
"2018","Kuwait","The University of Dundee","All postgraduate","Full-time","2018/2019","Tier 4 Pilot","348","150","Tier 2 Only","Companny Dependent","20800","Yes","348","150","September","January",20,0.41
"2018","Kuwait","The University of Edinburgh","All postgraduate","Full-time","2018/2019","Tier 4 Pilot","348","150","Tier 2 Only","Companny Dependent","20800","Yes","348","150","September","January",40,0.41
"2018","Kuwait","The University of Glasgow","All postgraduate","Full-time","2018/2019","Tier 4 Pilot","348","150","Tier 2 Only","Companny Dependent","20800","Yes","348","150","September","January",80,0.41
"2018","Kuwait","The University of St. Andrews","All postgraduate","Full-time","2018/2019","Tier 4 Pilot","348","150","Tier 2 Only","Companny Dependent","20800","Yes","348","150","September","January",0,0.41
"2018","Kuwait","The University of Stirling","All postgraduate","Full-time","2018/2019","Tier 4 Pilot","348","150","Tier 2 Only","Companny Dependent","20800","Yes","348","150","September","January",20,0.41
"2018","Kuwait","The University of Strathclyde","All postgraduate","Full-time","2018/2019","Tier 4 Pilot","348","150","Tier 2 Only","Companny Dependent","20800","Yes","348","150","September","January",60,0.41
"2018","Kuwait","The University of the West of Scotland","All postgraduate","Full-time","2018/2019","Tier 4 Pilot","348","150","Tier 2 Only","Companny Dependent","20800","Yes","348","150","September","January",0,0.41
"2018","Kuwait","University of the Highlands and Islands","All postgraduate","Full-time","2018/2019","Tier 4 Pilot","348","150","Tier 2 Only","Companny Dependent","20800","Yes","348","150","September","January",0,0.41
"2018","Libya","Abertay University","All postgraduate","Full-time","2018/2019","Tier 4 Pilot","348","150","Tier 2 Only","Companny Dependent","20800","Yes","348","150","September","January",0,1.8
"2018","Libya","Edinburgh Napier University","All postgraduate","Full-time","2018/2019","Tier 4 Pilot","348","150","Tier 2 Only","Companny Dependent","20800","Yes","348","150","September","January",0,1.8
"2018","Libya","Glasgow Caledonian University","All postgraduate","Full-time","2018/2019","Tier 4 Pilot","348","150","Tier 2 Only","Companny Dependent","20800","Yes","348","150","September","January",0,1.8
"2018","Libya","Glasgow School of Art","All postgraduate","Full-time","2018/2019","Tier 4 Pilot","348","150","Tier 2 Only","Companny Dependent","20800","Yes","348","150","September","January",0,1.8
"2018","Libya","Heriot-Watt University","All postgraduate","Full-time","2018/2019","Tier 4 Pilot","348","150","Tier 2 Only","Companny Dependent","20800","Yes","348","150","September","January",40,1.8
"2018","Libya","Queen Margaret University, Edinburgh","All postgraduate","Full-time","2018/2019","Tier 4 Pilot","348","150","Tier 2 Only","Companny Dependent","20800","Yes","348","150","September","January",0,1.8
"2018","Libya","Robert Gordon University","All postgraduate","Full-time","2018/2019","Tier 4 Pilot","348","150","Tier 2 Only","Companny Dependent","20800","Yes","348","150","September","January",0,1.8
"2018","Libya","Royal Conservatoire of Scotland","All postgraduate","Full-time","2018/2019","Tier 4 Pilot","348","150","Tier 2 Only","Companny Dependent","20800","Yes","348","150","September","January",0,1.8
"2018","Libya","SRUC","All postgraduate","Part-time","2018/2019","Tier 4 Pilot","348","150","Tier 2 Only","Companny Dependent","20800","Yes","348","150","September","January",0,1.8
"2018","Libya","The University of Aberdeen","All postgraduate","Full-time","2018/2019","Tier 4 Pilot","348","150","Tier 2 Only","Companny Dependent","20800","Yes","348","150","September","January",40,1.8
"2018","Libya","The University of Dundee","All postgraduate","Full-time","2018/2019","Tier 4 Pilot","348","150","Tier 2 Only","Companny Dependent","20800","Yes","348","150","September","January",80,1.8
"2018","Libya","The University of Edinburgh","All postgraduate","Full-time","2018/2019","Tier 4 Pilot","348","150","Tier 2 Only","Companny Dependent","20800","Yes","348","150","September","January",0,1.8
"2018","Libya","The University of Glasgow","All postgraduate","Full-time","2018/2019","Tier 4 Pilot","348","150","Tier 2 Only","Companny Dependent","20800","Yes","348","150","September","January",160,1.8
"2018","Libya","The University of St. Andrews","All postgraduate","Full-time","2018/2019","Tier 4 Pilot","348","150","Tier 2 Only","Companny Dependent","20800","Yes","348","150","September","January",0,1.8
"2018","Libya","The University of Stirling","All postgraduate","Full-time","2018/2019","Tier 4 Pilot","348","150","Tier 2 Only","Companny Dependent","20800","Yes","348","150","September","January",0,1.8
"2018","Libya","The University of Strathclyde","All postgraduate","Full-time","2018/2019","Tier 4 Pilot","348","150","Tier 2 Only","Companny Dependent","20800","Yes","348","150","September","January",80,1.8
"2018","Libya","The University of the West of Scotland","All postgraduate","Full-time","2018/2019","Tier 4 Pilot","348","150","Tier 2 Only","Companny Dependent","20800","Yes","348","150","September","January",40,1.8
"2018","Libya","University of the Highlands and Islands","All postgraduate","Full-time","2018/2019","Tier 4 Pilot","348","150","Tier 2 Only","Companny Dependent","20800","Yes","348","150","September","January",0,1.8
"2018","Nigeria","Abertay University","All postgraduate","Full-time","2018/2019","Tier 4 Pilot","348","150","Tier 2 Only","Companny Dependent","20800","Yes","348","150","September","January",0,406.44
"2018","Nigeria","Edinburgh Napier University","All postgraduate","Full-time","2018/2019","Tier 4 Pilot","348","150","Tier 2 Only","Companny Dependent","20800","Yes","348","150","September","January",0,406.44
"2018","Nigeria","Glasgow Caledonian University","All postgraduate","Full-time","2018/2019","Tier 4 Pilot","348","150","Tier 2 Only","Companny Dependent","20800","Yes","348","150","September","January",60,406.44
"2018","Nigeria","Glasgow School of Art","All postgraduate","Full-time","2018/2019","Tier 4 Pilot","348","150","Tier 2 Only","Companny Dependent","20800","Yes","348","150","September","January",0,406.44
"2018","Nigeria","Heriot-Watt University","All postgraduate","Full-time","2018/2019","Tier 4 Pilot","348","150","Tier 2 Only","Companny Dependent","20800","Yes","348","150","September","January",0,406.44
"2018","Nigeria","Queen Margaret University, Edinburgh","All postgraduate","Full-time","2018/2019","Tier 4 Pilot","348","150","Tier 2 Only","Companny Dependent","20800","Yes","348","150","September","January",0,406.44
"2018","Nigeria","Robert Gordon University","All postgraduate","Full-time","2018/2019","Tier 4 Pilot","348","150","Tier 2 Only","Companny Dependent","20800","Yes","348","150","September","January",0,406.44
"2018","Nigeria","Royal Conservatoire of Scotland","All postgraduate","Full-time","2018/2019","Tier 4 Pilot","348","150","Tier 2 Only","Companny Dependent","20800","Yes","348","150","September","January",0,406.44
"2018","Nigeria","SRUC","All postgraduate","Part-time","2018/2019","Tier 4 Pilot","348","150","Tier 2 Only","Companny Dependent","20800","Yes","348","150","September","January",0,406.44
"2018","Nigeria","The University of Aberdeen","All postgraduate","Full-time","2018/2019","Tier 4 Pilot","348","150","Tier 2 Only","Companny Dependent","20800","Yes","348","150","September","January",0,406.44
"2018","Nigeria","The University of Dundee","All postgraduate","Full-time","2018/2019","Tier 4 Pilot","348","150","Tier 2 Only","Companny Dependent","20800","Yes","348","150","September","January",0,406.44
"2018","Nigeria","The University of Edinburgh","All postgraduate","Full-time","2018/2019","Tier 4 Pilot","348","150","Tier 2 Only","Companny Dependent","20800","Yes","348","150","September","January",0,406.44
"2018","Nigeria","The University of Glasgow","All postgraduate","Full-time","2018/2019","Tier 4 Pilot","348","150","Tier 2 Only","Companny Dependent","20800","Yes","348","150","September","January",0,406.44
"2018","Nigeria","The University of St. Andrews","All postgraduate","Full-time","2018/2019","Tier 4 Pilot","348","150","Tier 2 Only","Companny Dependent","20800","Yes","348","150","September","January",0,406.44
"2018","Nigeria","The University of Stirling","All postgraduate","Full-time","2018/2019","Tier 4 Pilot","348","150","Tier 2 Only","Companny Dependent","20800","Yes","348","150","September","January",0,406.44
"2018","Nigeria","The University of Strathclyde","All postgraduate","Full-time","2018/2019","Tier 4 Pilot","348","150","Tier 2 Only","Companny Dependent","20800","Yes","348","150","September","January",0,406.44
"2018","Nigeria","The University of the West of Scotland","All postgraduate","Full-time","2018/2019","Tier 4 Pilot","348","150","Tier 2 Only","Companny Dependent","20800","Yes","348","150","September","January",0,406.44
"2018","Nigeria","University of the Highlands and Islands","All postgraduate","Full-time","2018/2019","Tier 4 Pilot","348","150","Tier 2 Only","Companny Dependent","20800","Yes","348","150","September","January",0,406.44
"2018","Oman","Abertay University","All postgraduate","Full-time","2018/2019","Tier 4 Pilot","348","150","Tier 2 Only","Companny Dependent","20800","Yes","348","150","September","January",0,0.52
"2018","Oman","Edinburgh Napier University","All postgraduate","Full-time","2018/2019","Tier 4 Pilot","348","150","Tier 2 Only","Companny Dependent","20800","Yes","348","150","September","January",0,0.52
"2018","Oman","Glasgow Caledonian University","All postgraduate","Full-time","2018/2019","Tier 4 Pilot","348","150","Tier 2 Only","Companny Dependent","20800","Yes","348","150","September","January",30,0.52
"2018","Oman","Glasgow School of Art","All postgraduate","Full-time","2018/2019","Tier 4 Pilot","348","150","Tier 2 Only","Companny Dependent","20800","Yes","348","150","September","January",0,0.52
"2018","Oman","Heriot-Watt University","All postgraduate","Full-time","2018/2019","Tier 4 Pilot","348","150","Tier 2 Only","Companny Dependent","20800","Yes","348","150","September","January",120,0.52
"2018","Oman","Queen Margaret University, Edinburgh","All postgraduate","Full-time","2018/2019","Tier 4 Pilot","348","150","Tier 2 Only","Companny Dependent","20800","Yes","348","150","September","January",30,0.52
"2018","Oman","Robert Gordon University","All postgraduate","Full-time","2018/2019","Tier 4 Pilot","348","150","Tier 2 Only","Companny Dependent","20800","Yes","348","150","September","January",60,0.52
"2018","Oman","Royal Conservatoire of Scotland","All postgraduate","Full-time","2018/2019","Tier 4 Pilot","348","150","Tier 2 Only","Companny Dependent","20800","Yes","348","150","September","January",0,0.52
"2018","Oman","SRUC","All postgraduate","Part-time","2018/2019","Tier 4 Pilot","348","150","Tier 2 Only","Companny Dependent","20800","Yes","348","150","September","January",0,0.52
"2018","Oman","The University of Aberdeen","All postgraduate","Full-time","2018/2019","Tier 4 Pilot","348","150","Tier 2 Only","Companny Dependent","20800","Yes","348","150","September","January",60,0.52
"2018","Oman","The University of Dundee","All postgraduate","Full-time","2018/2019","Tier 4 Pilot","348","150","Tier 2 Only","Companny Dependent","20800","Yes","348","150","September","January",30,0.52
"2018","Oman","The University of Edinburgh","All postgraduate","Full-time","2018/2019","Tier 4 Pilot","348","150","Tier 2 Only","Companny Dependent","20800","Yes","348","150","September","January",90,0.52
"2018","Oman","The University of Glasgow","All postgraduate","Full-time","2018/2019","Tier 4 Pilot","348","150","Tier 2 Only","Companny Dependent","20800","Yes","348","150","September","January",90,0.52
"2018","Oman","The University of St. Andrews","All postgraduate","Full-time","2018/2019","Tier 4 Pilot","348","150","Tier 2 Only","Companny Dependent","20800","Yes","348","150","September","January",0,0.52
"2018","Oman","The University of Stirling","All postgraduate","Full-time","2018/2019","Tier 4 Pilot","348","150","Tier 2 Only","Companny Dependent","20800","Yes","348","150","September","January",30,0.52
"2018","Oman","The University of Strathclyde","All postgraduate","Full-time","2018/2019","Tier 4 Pilot","348","150","Tier 2 Only","Companny Dependent","20800","Yes","348","150","September","January",60,0.52
"2018","Oman","The University of the West of Scotland","All postgraduate","Full-time","2018/2019","Tier 4 Pilot","348","150","Tier 2 Only","Companny Dependent","20800","Yes","348","150","September","January",0,0.52
"2018","Oman","University of the Highlands and Islands","All postgraduate","Full-time","2018/2019","Tier 4 Pilot","348","150","Tier 2 Only","Companny Dependent","20800","Yes","348","150","September","January",0,0.52
"2018","Pakistan","Abertay University","All postgraduate","Full-time","2018/2019","Tier 4 Pilot","348","150","Tier 2 Only","Companny Dependent","20800","Yes","348","150","September","January",0,90.91
"2018","Pakistan","Edinburgh Napier University","All postgraduate","Full-time","2018/2019","Tier 4 Pilot","348","150","Tier 2 Only","Companny Dependent","20800","Yes","348","150","September","January",360,90.91
"2018","Pakistan","Glasgow Caledonian University","All postgraduate","Full-time","2018/2019","Tier 4 Pilot","348","150","Tier 2 Only","Companny Dependent","20800","Yes","348","150","September","January",840,90.91
"2018","Pakistan","Glasgow School of Art","All postgraduate","Full-time","2018/2019","Tier 4 Pilot","348","150","Tier 2 Only","Companny Dependent","20800","Yes","348","150","September","January",0,90.91
"2018","Pakistan","Heriot-Watt University","All postgraduate","Full-time","2018/2019","Tier 4 Pilot","348","150","Tier 2 Only","Companny Dependent","20800","Yes","348","150","September","January",180,90.91
"2018","Pakistan","Queen Margaret University, Edinburgh","All postgraduate","Full-time","2018/2019","Tier 4 Pilot","348","150","Tier 2 Only","Companny Dependent","20800","Yes","348","150","September","January",60,90.91
"2018","Pakistan","Robert Gordon University","All postgraduate","Full-time","2018/2019","Tier 4 Pilot","348","150","Tier 2 Only","Companny Dependent","20800","Yes","348","150","September","January",180,90.91
"2018","Pakistan","Royal Conservatoire of Scotland","All postgraduate","Full-time","2018/2019","Tier 4 Pilot","348","150","Tier 2 Only","Companny Dependent","20800","Yes","348","150","September","January",0,90.91
"2018","Pakistan","SRUC","All postgraduate","Part-time","2018/2019","Tier 4 Pilot","348","150","Tier 2 Only","Companny Dependent","20800","Yes","348","150","September","January",0,90.91
"2018","Pakistan","The University of Aberdeen","All postgraduate","Full-time","2018/2019","Tier 4 Pilot","348","150","Tier 2 Only","Companny Dependent","20800","Yes","348","150","September","January",240,90.91
"2018","Pakistan","The University of Dundee","All postgraduate","Full-time","2018/2019","Tier 4 Pilot","348","150","Tier 2 Only","Companny Dependent","20800","Yes","348","150","September","January",360,90.91
"2018","Pakistan","The University of Edinburgh","All postgraduate","Full-time","2018/2019","Tier 4 Pilot","348","150","Tier 2 Only","Companny Dependent","20800","Yes","348","150","September","January",540,90.91
"2018","Pakistan","The University of Glasgow","All postgraduate","Full-time","2018/2019","Tier 4 Pilot","348","150","Tier 2 Only","Companny Dependent","20800","Yes","348","150","September","January",480,90.91
"2018","Pakistan","The University of St. Andrews","All postgraduate","Full-time","2018/2019","Tier 4 Pilot","348","150","Tier 2 Only","Companny Dependent","20800","Yes","348","150","September","January",60,90.91
"2018","Pakistan","The University of Stirling","All postgraduate","Full-time","2018/2019","Tier 4 Pilot","348","150","Tier 2 Only","Companny Dependent","20800","Yes","348","150","September","January",120,90.91
"2018","Pakistan","The University of Strathclyde","All postgraduate","Full-time","2018/2019","Tier 4 Pilot","348","150","Tier 2 Only","Companny Dependent","20800","Yes","348","150","September","January",360,90.91
"2018","Pakistan","The University of the West of Scotland","All postgraduate","Full-time","2018/2019","Tier 4 Pilot","348","150","Tier 2 Only","Companny Dependent","20800","Yes","348","150","September","January",960,90.91
"2018","Pakistan","University of the Highlands and Islands","All postgraduate","Full-time","2018/2019","Tier 4 Pilot","348","150","Tier 2 Only","Companny Dependent","20800","Yes","348","150","September","January",0,90.91
"2018","Tanzania","Abertay University","All postgraduate","Full-time","2018/2019","Tier 4 Pilot","348","150","Tier 2 Only","Companny Dependent","20800","Yes","348","150","September","January",0,3024.43
"2018","Tanzania","Edinburgh Napier University","All postgraduate","Full-time","2018/2019","Tier 4 Pilot","348","150","Tier 2 Only","Companny Dependent","20800","Yes","348","150","September","January",0,3024.43
"2018","Tanzania","Glasgow Caledonian University","All postgraduate","Full-time","2018/2019","Tier 4 Pilot","348","150","Tier 2 Only","Companny Dependent","20800","Yes","348","150","September","January",0,3024.43
"2018","Tanzania","Glasgow School of Art","All postgraduate","Full-time","2018/2019","Tier 4 Pilot","348","150","Tier 2 Only","Companny Dependent","20800","Yes","348","150","September","January",0,3024.43
"2018","Tanzania","Heriot-Watt University","All postgraduate","Full-time","2018/2019","Tier 4 Pilot","348","150","Tier 2 Only","Companny Dependent","20800","Yes","348","150","September","January",0,3024.43
"2018","Tanzania","Queen Margaret University, Edinburgh","All postgraduate","Full-time","2018/2019","Tier 4 Pilot","348","150","Tier 2 Only","Companny Dependent","20800","Yes","348","150","September","January",0,3024.43
"2018","Tanzania","Robert Gordon University","All postgraduate","Full-time","2018/2019","Tier 4 Pilot","348","150","Tier 2 Only","Companny Dependent","20800","Yes","348","150","September","January",0,3024.43
"2018","Tanzania","Royal Conservatoire of Scotland","All postgraduate","Full-time","2018/2019","Tier 4 Pilot","348","150","Tier 2 Only","Companny Dependent","20800","Yes","348","150","September","January",0,3024.43
"2018","Tanzania","SRUC","All postgraduate","Part-time","2018/2019","Tier 4 Pilot","348","150","Tier 2 Only","Companny Dependent","20800","Yes","348","150","September","January",0,3024.43
"2018","Tanzania","The University of Aberdeen","All postgraduate","Full-time","2018/2019","Tier 4 Pilot","348","150","Tier 2 Only","Companny Dependent","20800","Yes","348","150","September","January",0,3024.43
"2018","Tanzania","The University of Dundee","All postgraduate","Full-time","2018/2019","Tier 4 Pilot","348","150","Tier 2 Only","Companny Dependent","20800","Yes","348","150","September","January",0,3024.43
"2018","Tanzania","The University of Edinburgh","All postgraduate","Full-time","2018/2019","Tier 4 Pilot","348","150","Tier 2 Only","Companny Dependent","20800","Yes","348","150","September","January",0,3024.43
"2018","Tanzania","The University of Glasgow","All postgraduate","Full-time","2018/2019","Tier 4 Pilot","348","150","Tier 2 Only","Companny Dependent","20800","Yes","348","150","September","January",0,3024.43
"2018","Tanzania","The University of St. Andrews","All postgraduate","Full-time","2018/2019","Tier 4 Pilot","348","150","Tier 2 Only","Companny Dependent","20800","Yes","348","150","September","January",0,3024.43
"2018","Tanzania","The University of Stirling","All postgraduate","Full-time","2018/2019","Tier 4 Pilot","348","150","Tier 2 Only","Companny Dependent","20800","Yes","348","150","September","January",0,3024.43
"2018","Tanzania","The University of Strathclyde","All postgraduate","Full-time","2018/2019","Tier 4 Pilot","348","150","Tier 2 Only","Companny Dependent","20800","Yes","348","150","September","January",0,3024.43
"2018","Tanzania","The University of the West of Scotland","All postgraduate","Full-time","2018/2019","Tier 4 Pilot","348","150","Tier 2 Only","Companny Dependent","20800","Yes","348","150","September","January",0,3024.43
"2018","Tanzania","University of the Highlands and Islands","All postgraduate","Full-time","2018/2019","Tier 4 Pilot","348","150","Tier 2 Only","Companny Dependent","20800","Yes","348","150","September","January",0,3024.43
"2018","Thailand","Abertay University","All postgraduate","Full-time","2018/2019","Tier 4 Pilot","348","150","Tier 2 Only","Companny Dependent","20800","Yes","348","150","September","January",0,42.9
"2018","Thailand","Edinburgh Napier University","All postgraduate","Full-time","2018/2019","Tier 4 Pilot","348","150","Tier 2 Only","Companny Dependent","20800","Yes","348","150","September","January",180,42.9
"2018","Thailand","Glasgow Caledonian University","All postgraduate","Full-time","2018/2019","Tier 4 Pilot","348","150","Tier 2 Only","Companny Dependent","20800","Yes","348","150","September","January",120,42.9
"2018","Thailand","Glasgow School of Art","All postgraduate","Full-time","2018/2019","Tier 4 Pilot","348","150","Tier 2 Only","Companny Dependent","20800","Yes","348","150","September","January",60,42.9
"2018","Thailand","Heriot-Watt University","All postgraduate","Full-time","2018/2019","Tier 4 Pilot","348","150","Tier 2 Only","Companny Dependent","20800","Yes","348","150","September","January",360,42.9
"2018","Thailand","Queen Margaret University, Edinburgh","All postgraduate","Full-time","2018/2019","Tier 4 Pilot","348","150","Tier 2 Only","Companny Dependent","20800","Yes","348","150","September","January",0,42.9
"2018","Thailand","Robert Gordon University","All postgraduate","Full-time","2018/2019","Tier 4 Pilot","348","150","Tier 2 Only","Companny Dependent","20800","Yes","348","150","September","January",120,42.9
"2018","Thailand","Royal Conservatoire of Scotland","All postgraduate","Full-time","2018/2019","Tier 4 Pilot","348","150","Tier 2 Only","Companny Dependent","20800","Yes","348","150","September","January",0,42.9
"2018","Thailand","SRUC","All postgraduate","Part-time","2018/2019","Tier 4 Pilot","348","150","Tier 2 Only","Companny Dependent","20800","Yes","348","150","September","January",0,42.9
"2018","Thailand","The University of Aberdeen","All postgraduate","Full-time","2018/2019","Tier 4 Pilot","348","150","Tier 2 Only","Companny Dependent","20800","Yes","348","150","September","January",660,42.9
"2018","Thailand","The University of Dundee","All postgraduate","Full-time","2018/2019","Tier 4 Pilot","348","150","Tier 2 Only","Companny Dependent","20800","Yes","348","150","September","January",360,42.9
"2018","Thailand","The University of Edinburgh","All postgraduate","Full-time","2018/2019","Tier 4 Pilot","348","150","Tier 2 Only","Companny Dependent","20800","Yes","348","150","September","January",1080,42.9
"2018","Thailand","The University of Glasgow","All postgraduate","Full-time","2018/2019","Tier 4 Pilot","348","150","Tier 2 Only","Companny Dependent","20800","Yes","348","150","September","January",1140,42.9
"2018","Thailand","The University of St. Andrews","All postgraduate","Full-time","2018/2019","Tier 4 Pilot","348","150","Tier 2 Only","Companny Dependent","20800","Yes","348","150","September","January",180,42.9
"2018","Thailand","The University of Stirling","All postgraduate","Full-time","2018/2019","Tier 4 Pilot","348","150","Tier 2 Only","Companny Dependent","20800","Yes","348","150","September","January",420,42.9
"2018","Thailand","The University of Strathclyde","All postgraduate","Full-time","2018/2019","Tier 4 Pilot","348","150","Tier 2 Only","Companny Dependent","20800","Yes","348","150","September","January",1560,42.9
"2018","Thailand","The University of the West of Scotland","All postgraduate","Full-time","2018/2019","Tier 4 Pilot","348","150","Tier 2 Only","Companny Dependent","20800","Yes","348","150","September","January",60,42.9
"2018","Thailand","University of the Highlands and Islands","All postgraduate","Full-time","2018/2019","Tier 4 Pilot","348","150","Tier 2 Only","Companny Dependent","20800","Yes","348","150","September","January",0,42.9
"2018","Turkey","Abertay University","All postgraduate","Full-time","2018/2019","Tier 4 Pilot","348","150","Tier 2 Only","Companny Dependent","20800","Yes","348","150","September","January",0,6.42
"2018","Turkey","Edinburgh Napier University","All postgraduate","Full-time","2018/2019","Tier 4 Pilot","348","150","Tier 2 Only","Companny Dependent","20800","Yes","348","150","September","January",60,6.42
"2018","Turkey","Glasgow Caledonian University","All postgraduate","Full-time","2018/2019","Tier 4 Pilot","348","150","Tier 2 Only","Companny Dependent","20800","Yes","348","150","September","January",0,6.42
"2018","Turkey","Glasgow School of Art","All postgraduate","Full-time","2018/2019","Tier 4 Pilot","348","150","Tier 2 Only","Companny Dependent","20800","Yes","348","150","September","January",0,6.42
"2018","Turkey","Heriot-Watt University","All postgraduate","Full-time","2018/2019","Tier 4 Pilot","348","150","Tier 2 Only","Companny Dependent","20800","Yes","348","150","September","January",120,6.42
"2018","Turkey","Queen Margaret University, Edinburgh","All postgraduate","Full-time","2018/2019","Tier 4 Pilot","348","150","Tier 2 Only","Companny Dependent","20800","Yes","348","150","September","January",0,6.42
"2018","Turkey","Robert Gordon University","All postgraduate","Full-time","2018/2019","Tier 4 Pilot","348","150","Tier 2 Only","Companny Dependent","20800","Yes","348","150","September","January",0,6.42
"2018","Turkey","Royal Conservatoire of Scotland","All postgraduate","Full-time","2018/2019","Tier 4 Pilot","348","150","Tier 2 Only","Companny Dependent","20800","Yes","348","150","September","January",0,6.42
"2018","Turkey","SRUC","All postgraduate","Part-time","2018/2019","Tier 4 Pilot","348","150","Tier 2 Only","Companny Dependent","20800","Yes","348","150","September","January",0,6.42
"2018","Turkey","The University of Aberdeen","All postgraduate","Full-time","2018/2019","Tier 4 Pilot","348","150","Tier 2 Only","Companny Dependent","20800","Yes","348","150","September","January",180,6.42
"2018","Turkey","The University of Dundee","All postgraduate","Full-time","2018/2019","Tier 4 Pilot","348","150","Tier 2 Only","Companny Dependent","20800","Yes","348","150","September","January",60,6.42
"2018","Turkey","The University of Edinburgh","All postgraduate","Full-time","2018/2019","Tier 4 Pilot","348","150","Tier 2 Only","Companny Dependent","20800","Yes","348","150","September","January",660,6.42
"2018","Turkey","The University of Glasgow","All postgraduate","Full-time","2018/2019","Tier 4 Pilot","348","150","Tier 2 Only","Companny Dependent","20800","Yes","348","150","September","January",300,6.42
"2018","Turkey","The University of St. Andrews","All postgraduate","Full-time","2018/2019","Tier 4 Pilot","348","150","Tier 2 Only","Companny Dependent","20800","Yes","348","150","September","January",60,6.42
"2018","Turkey","The University of Stirling","All postgraduate","Full-time","2018/2019","Tier 4 Pilot","348","150","Tier 2 Only","Companny Dependent","20800","Yes","348","150","September","January",120,6.42
"2018","Turkey","The University of Strathclyde","All postgraduate","Full-time","2018/2019","Tier 4 Pilot","348","150","Tier 2 Only","Companny Dependent","20800","Yes","348","150","September","January",300,6.42
"2018","Turkey","The University of the West of Scotland","All postgraduate","Full-time","2018/2019","Tier 4 Pilot","348","150","Tier 2 Only","Companny Dependent","20800","Yes","348","150","September","January",660,6.42
"2018","Turkey","University of the Highlands and Islands","All postgraduate","Full-time","2018/2019","Tier 4 Pilot","348","150","Tier 2 Only","Companny Dependent","20800","Yes","348","150","September","January",0,6.42
"2018","Uganda","Abertay University","All postgraduate","Full-time","2018/2019","Tier 4 Pilot","348","150","Tier 2 Only","Companny Dependent","20800","Yes","348","150","September","January",0,4959.14
"2018","Uganda","Edinburgh Napier University","All postgraduate","Full-time","2018/2019","Tier 4 Pilot","348","150","Tier 2 Only","Companny Dependent","20800","Yes","348","150","September","January",0,4959.14
"2018","Uganda","Glasgow Caledonian University","All postgraduate","Full-time","2018/2019","Tier 4 Pilot","348","150","Tier 2 Only","Companny Dependent","20800","Yes","348","150","September","January",0,4959.14
"2018","Uganda","Glasgow School of Art","All postgraduate","Full-time","2018/2019","Tier 4 Pilot","348","150","Tier 2 Only","Companny Dependent","20800","Yes","348","150","September","January",0,4959.14
"2018","Uganda","Heriot-Watt University","All postgraduate","Full-time","2018/2019","Tier 4 Pilot","348","150","Tier 2 Only","Companny Dependent","20800","Yes","348","150","September","January",0,4959.14
"2018","Uganda","Queen Margaret University, Edinburgh","All postgraduate","Full-time","2018/2019","Tier 4 Pilot","348","150","Tier 2 Only","Companny Dependent","20800","Yes","348","150","September","January",0,4959.14
"2018","Uganda","Robert Gordon University","All postgraduate","Full-time","2018/2019","Tier 4 Pilot","348","150","Tier 2 Only","Companny Dependent","20800","Yes","348","150","September","January",0,4959.14
"2018","Uganda","Royal Conservatoire of Scotland","All postgraduate","Full-time","2018/2019","Tier 4 Pilot","348","150","Tier 2 Only","Companny Dependent","20800","Yes","348","150","September","January",0,4959.14
"2018","Uganda","SRUC","All postgraduate","Part-time","2018/2019","Tier 4 Pilot","348","150","Tier 2 Only","Companny Dependent","20800","Yes","348","150","September","January",0,4959.14
"2018","Uganda","The University of Aberdeen","All postgraduate","Full-time","2018/2019","Tier 4 Pilot","348","150","Tier 2 Only","Companny Dependent","20800","Yes","348","150","September","January",0,4959.14
"2018","Uganda","The University of Dundee","All postgraduate","Full-time","2018/2019","Tier 4 Pilot","348","150","Tier 2 Only","Companny Dependent","20800","Yes","348","150","September","January",0,4959.14
"2018","Uganda","The University of Edinburgh","All postgraduate","Full-time","2018/2019","Tier 4 Pilot","348","150","Tier 2 Only","Companny Dependent","20800","Yes","348","150","September","January",0,4959.14
"2018","Uganda","The University of Glasgow","All postgraduate","Full-time","2018/2019","Tier 4 Pilot","348","150","Tier 2 Only","Companny Dependent","20800","Yes","348","150","September","January",0,4959.14
"2018","Uganda","The University of St. Andrews","All postgraduate","Full-time","2018/2019","Tier 4 Pilot","348","150","Tier 2 Only","Companny Dependent","20800","Yes","348","150","September","January",0,4959.14
"2018","Uganda","The University of Stirling","All postgraduate","Full-time","2018/2019","Tier 4 Pilot","348","150","Tier 2 Only","Companny Dependent","20800","Yes","348","150","September","January",0,4959.14
"2018","Uganda","The University of Strathclyde","All postgraduate","Full-time","2018/2019","Tier 4 Pilot","348","150","Tier 2 Only","Companny Dependent","20800","Yes","348","150","September","January",0,4959.14
"2018","Uganda","The University of the West of Scotland","All postgraduate","Full-time","2018/2019","Tier 4 Pilot","348","150","Tier 2 Only","Companny Dependent","20800","Yes","348","150","September","January",0,4959.14
"2018","Uganda","University of the Highlands and Islands","All postgraduate","Full-time","2018/2019","Tier 4 Pilot","348","150","Tier 2 Only","Companny Dependent","20800","Yes","348","150","September","January",0,4959.14
"2019","China","Abertay University","All postgraduate","Full-time","2019/2020","Tier 4 + Graduate Route","348","300","Yes","Graduate Route for 2 years","Not Applicable","Yes","348","300","September","January",450,8.83
"2019","China","Edinburgh Napier University","All postgraduate","Full-time","2019/2020","Tier 4 + Graduate Route","348","300","Yes","Graduate Route for 2 years","Not Applicable","Yes","348","300","September","January",400,8.83
"2019","China","Glasgow Caledonian University","All postgraduate","Full-time","2019/2020","Tier 4 + Graduate Route","348","300","Yes","Graduate Route for 2 years","Not Applicable","Yes","348","300","September","January",400,8.83
"2019","China","Glasgow School of Art","All postgraduate","Full-time","2019/2020","Tier 4 + Graduate Route","348","300","Yes","Graduate Route for 2 years","Not Applicable","Yes","348","300","September","January",1950,8.83
"2019","China","Heriot-Watt University","All postgraduate","Full-time","2019/2020","Tier 4 + Graduate Route","348","300","Yes","Graduate Route for 2 years","Not Applicable","Yes","348","300","September","January",2150,8.83
"2019","China","Queen Margaret University, Edinburgh","All postgraduate","Full-time","2019/2020","Tier 4 + Graduate Route","348","300","Yes","Graduate Route for 2 years","Not Applicable","Yes","348","300","September","January",0,8.83
"2019","China","Robert Gordon University","All postgraduate","Full-time","2019/2020","Tier 4 + Graduate Route","348","300","Yes","Graduate Route for 2 years","Not Applicable","Yes","348","300","September","January",200,8.83
"2019","China","Royal Conservatoire of Scotland","All postgraduate","Full-time","2019/2020","Tier 4 + Graduate Route","348","300","Yes","Graduate Route for 2 years","Not Applicable","Yes","348","300","September","January",100,8.83
"2019","China","The University of Aberdeen","All postgraduate","Full-time","2019/2020","Tier 4 + Graduate Route","348","300","Yes","Graduate Route for 2 years","Not Applicable","Yes","348","300","September","January",7150,8.83
"2019","China","The University of Dundee","All postgraduate","Full-time","2019/2020","Tier 4 + Graduate Route","348","300","Yes","Graduate Route for 2 years","Not Applicable","Yes","348","300","September","January",5350,8.83
"2019","China","The University of Edinburgh","All postgraduate","Full-time","2019/2020","Tier 4 + Graduate Route","348","300","Yes","Graduate Route for 2 years","Not Applicable","Yes","348","300","September","January",32700,8.83
"2019","China","The University of Glasgow","All postgraduate","Full-time","2019/2020","Tier 4 + Graduate Route","348","300","Yes","Graduate Route for 2 years","Not Applicable","Yes","348","300","September","January",30650,8.83
"2019","China","The University of St. Andrews","All postgraduate","Full-time","2019/2020","Tier 4 + Graduate Route","348","300","Yes","Graduate Route for 2 years","Not Applicable","Yes","348","300","September","January",2350,8.83
"2019","China","The University of Stirling","All postgraduate","Full-time","2019/2020","Tier 4 + Graduate Route","348","300","Yes","Graduate Route for 2 years","Not Applicable","Yes","348","300","September","January",4700,8.83
"2019","China","The University of Strathclyde","All postgraduate","Full-time","2019/2020","Tier 4 + Graduate Route","348","300","Yes","Graduate Route for 2 years","Not Applicable","Yes","348","300","September","January",9150,8.83
"2019","China","The University of the West of Scotland","All postgraduate","Full-time","2019/2020","Tier 4 + Graduate Route","348","300","Yes","Graduate Route for 2 years","Not Applicable","Yes","348","300","September","January",300,8.83
"2019","China","University of the Highlands and Islands","All postgraduate","Full-time","2019/2020","Tier 4 + Graduate Route","348","300","Yes","Graduate Route for 2 years","Not Applicable","Yes","348","300","September","January",0,8.83
"2019","Gambia","Abertay University","All postgraduate","Full-time","2019/2020","Tier 4 + Graduate Route","348","300","Yes","Graduate Route for 2 years","Not Applicable","Yes","348","300","September","January",0,64.87
"2019","Gambia","Edinburgh Napier University","All postgraduate","Full-time","2019/2020","Tier 4 + Graduate Route","348","300","Yes","Graduate Route for 2 years","Not Applicable","Yes","348","300","September","January",0,64.87
"2019","Gambia","Glasgow Caledonian University","All postgraduate","Full-time","2019/2020","Tier 4 + Graduate Route","348","300","Yes","Graduate Route for 2 years","Not Applicable","Yes","348","300","September","January",0,64.87
"2019","Gambia","Glasgow School of Art","All postgraduate","Full-time","2019/2020","Tier 4 + Graduate Route","348","300","Yes","Graduate Route for 2 years","Not Applicable","Yes","348","300","September","January",0,64.87
"2019","Gambia","Heriot-Watt University","All postgraduate","Full-time","2019/2020","Tier 4 + Graduate Route","348","300","Yes","Graduate Route for 2 years","Not Applicable","Yes","348","300","September","January",0,64.87
"2019","Gambia","Queen Margaret University, Edinburgh","All postgraduate","Full-time","2019/2020","Tier 4 + Graduate Route","348","300","Yes","Graduate Route for 2 years","Not Applicable","Yes","348","300","September","January",0,64.87
"2019","Gambia","Robert Gordon University","All postgraduate","Full-time","2019/2020","Tier 4 + Graduate Route","348","300","Yes","Graduate Route for 2 years","Not Applicable","Yes","348","300","September","January",0,64.87
"2019","Gambia","Royal Conservatoire of Scotland","All postgraduate","Full-time","2019/2020","Tier 4 + Graduate Route","348","300","Yes","Graduate Route for 2 years","Not Applicable","Yes","348","300","September","January",0,64.87
"2019","Gambia","The University of Aberdeen","All postgraduate","Full-time","2019/2020","Tier 4 + Graduate Route","348","300","Yes","Graduate Route for 2 years","Not Applicable","Yes","348","300","September","January",0,64.87
"2019","Gambia","The University of Dundee","All postgraduate","Full-time","2019/2020","Tier 4 + Graduate Route","348","300","Yes","Graduate Route for 2 years","Not Applicable","Yes","348","300","September","January",60,64.87
"2019","Gambia","The University of Edinburgh","All postgraduate","Full-time","2019/2020","Tier 4 + Graduate Route","348","300","Yes","Graduate Route for 2 years","Not Applicable","Yes","348","300","September","January",0,64.87
"2019","Gambia","The University of Glasgow","All postgraduate","Full-time","2019/2020","Tier 4 + Graduate Route","348","300","Yes","Graduate Route for 2 years","Not Applicable","Yes","348","300","September","January",0,64.87
"2019","Gambia","The University of St. Andrews","All postgraduate","Full-time","2019/2020","Tier 4 + Graduate Route","348","300","Yes","Graduate Route for 2 years","Not Applicable","Yes","348","300","September","January",0,64.87
"2019","Gambia","The University of Stirling","All postgraduate","Full-time","2019/2020","Tier 4 + Graduate Route","348","300","Yes","Graduate Route for 2 years","Not Applicable","Yes","348","300","September","January",0,64.87
"2019","Gambia","The University of Strathclyde","All postgraduate","Full-time","2019/2020","Tier 4 + Graduate Route","348","300","Yes","Graduate Route for 2 years","Not Applicable","Yes","348","300","September","January",0,64.87
"2019","Gambia","The University of the West of Scotland","All postgraduate","Full-time","2019/2020","Tier 4 + Graduate Route","348","300","Yes","Graduate Route for 2 years","Not Applicable","Yes","348","300","September","January",0,64.87
"2019","Gambia","University of the Highlands and Islands","All postgraduate","Full-time","2019/2020","Tier 4 + Graduate Route","348","300","Yes","Graduate Route for 2 years","Not Applicable","Yes","348","300","September","January",0,64.87
"2019","Ghana","Abertay University","All postgraduate","Full-time","2019/2020","Tier 4 + Graduate Route","348","300","Yes","Graduate Route for 2 years","Not Applicable","Yes","348","300","September","January",0,6.82
"2019","Ghana","Edinburgh Napier University","All postgraduate","Full-time","2019/2020","Tier 4 + Graduate Route","348","300","Yes","Graduate Route for 2 years","Not Applicable","Yes","348","300","September","January",120,6.82
"2019","Ghana","Glasgow Caledonian University","All postgraduate","Full-time","2019/2020","Tier 4 + Graduate Route","348","300","Yes","Graduate Route for 2 years","Not Applicable","Yes","348","300","September","January",180,6.82
"2019","Ghana","Glasgow School of Art","All postgraduate","Full-time","2019/2020","Tier 4 + Graduate Route","348","300","Yes","Graduate Route for 2 years","Not Applicable","Yes","348","300","September","January",0,6.82
"2019","Ghana","Heriot-Watt University","All postgraduate","Full-time","2019/2020","Tier 4 + Graduate Route","348","300","Yes","Graduate Route for 2 years","Not Applicable","Yes","348","300","September","January",180,6.82
"2019","Ghana","Queen Margaret University, Edinburgh","All postgraduate","Full-time","2019/2020","Tier 4 + Graduate Route","348","300","Yes","Graduate Route for 2 years","Not Applicable","Yes","348","300","September","January",60,6.82
"2019","Ghana","Robert Gordon University","All postgraduate","Full-time","2019/2020","Tier 4 + Graduate Route","348","300","Yes","Graduate Route for 2 years","Not Applicable","Yes","348","300","September","January",540,6.82
"2019","Ghana","Royal Conservatoire of Scotland","All postgraduate","Full-time","2019/2020","Tier 4 + Graduate Route","348","300","Yes","Graduate Route for 2 years","Not Applicable","Yes","348","300","September","January",0,6.82
"2019","Ghana","The University of Aberdeen","All postgraduate","Full-time","2019/2020","Tier 4 + Graduate Route","348","300","Yes","Graduate Route for 2 years","Not Applicable","Yes","348","300","September","January",1020,6.82
"2019","Ghana","The University of Dundee","All postgraduate","Full-time","2019/2020","Tier 4 + Graduate Route","348","300","Yes","Graduate Route for 2 years","Not Applicable","Yes","348","300","September","January",240,6.82
"2019","Ghana","The University of Edinburgh","All postgraduate","Full-time","2019/2020","Tier 4 + Graduate Route","348","300","Yes","Graduate Route for 2 years","Not Applicable","Yes","348","300","September","January",180,6.82
"2019","Ghana","The University of Glasgow","All postgraduate","Full-time","2019/2020","Tier 4 + Graduate Route","348","300","Yes","Graduate Route for 2 years","Not Applicable","Yes","348","300","September","January",180,6.82
"2019","Ghana","The University of St. Andrews","All postgraduate","Full-time","2019/2020","Tier 4 + Graduate Route","348","300","Yes","Graduate Route for 2 years","Not Applicable","Yes","348","300","September","January",0,6.82
"2019","Ghana","The University of Stirling","All postgraduate","Full-time","2019/2020","Tier 4 + Graduate Route","348","300","Yes","Graduate Route for 2 years","Not Applicable","Yes","348","300","September","January",420,6.82
"2019","Ghana","The University of Strathclyde","All postgraduate","Full-time","2019/2020","Tier 4 + Graduate Route","348","300","Yes","Graduate Route for 2 years","Not Applicable","Yes","348","300","September","January",360,6.82
"2019","Ghana","The University of the West of Scotland","All postgraduate","Full-time","2019/2020","Tier 4 + Graduate Route","348","300","Yes","Graduate Route for 2 years","Not Applicable","Yes","348","300","September","January",360,6.82
"2019","Ghana","University of the Highlands and Islands","All postgraduate","Full-time","2019/2020","Tier 4 + Graduate Route","348","300","Yes","Graduate Route for 2 years","Not Applicable","Yes","348","300","September","January",0,6.82
"2019","India","Abertay University","All postgraduate","Full-time","2019/2020","Tier 4 + Graduate Route","348","300","Yes","Graduate Route for 2 years","Not Applicable","Yes","348","300","September","January",120,89.99
"2019","India","Edinburgh Napier University","All postgraduate","Full-time","2019/2020","Tier 4 + Graduate Route","348","300","Yes","Graduate Route for 2 years","Not Applicable","Yes","348","300","September","January",8760,89.99
"2019","India","Glasgow Caledonian University","All postgraduate","Full-time","2019/2020","Tier 4 + Graduate Route","348","300","Yes","Graduate Route for 2 years","Not Applicable","Yes","348","300","September","January",1860,89.99
"2019","India","Glasgow School of Art","All postgraduate","Full-time","2019/2020","Tier 4 + Graduate Route","348","300","Yes","Graduate Route for 2 years","Not Applicable","Yes","348","300","September","January",180,89.99
"2019","India","Heriot-Watt University","All postgraduate","Full-time","2019/2020","Tier 4 + Graduate Route","348","300","Yes","Graduate Route for 2 years","Not Applicable","Yes","348","300","September","January",2640,89.99
"2019","India","Queen Margaret University, Edinburgh","All postgraduate","Full-time","2019/2020","Tier 4 + Graduate Route","348","300","Yes","Graduate Route for 2 years","Not Applicable","Yes","348","300","September","January",60,89.99
"2019","India","Robert Gordon University","All postgraduate","Full-time","2019/2020","Tier 4 + Graduate Route","348","300","Yes","Graduate Route for 2 years","Not Applicable","Yes","348","300","September","January",1200,89.99
"2019","India","Royal Conservatoire of Scotland","All postgraduate","Full-time","2019/2020","Tier 4 + Graduate Route","348","300","Yes","Graduate Route for 2 years","Not Applicable","Yes","348","300","September","January",0,89.99
"2019","India","The University of Aberdeen","All postgraduate","Full-time","2019/2020","Tier 4 + Graduate Route","348","300","Yes","Graduate Route for 2 years","Not Applicable","Yes","348","300","September","January",900,89.99
"2019","India","The University of Dundee","All postgraduate","Full-time","2019/2020","Tier 4 + Graduate Route","348","300","Yes","Graduate Route for 2 years","Not Applicable","Yes","348","300","September","January",1980,89.99
"2019","India","The University of Edinburgh","All postgraduate","Full-time","2019/2020","Tier 4 + Graduate Route","348","300","Yes","Graduate Route for 2 years","Not Applicable","Yes","348","300","September","January",2640,89.99
"2019","India","The University of Glasgow","All postgraduate","Full-time","2019/2020","Tier 4 + Graduate Route","348","300","Yes","Graduate Route for 2 years","Not Applicable","Yes","348","300","September","January",2700,89.99
"2019","India","The University of St. Andrews","All postgraduate","Full-time","2019/2020","Tier 4 + Graduate Route","348","300","Yes","Graduate Route for 2 years","Not Applicable","Yes","348","300","September","January",420,89.99
"2019","India","The University of Stirling","All postgraduate","Full-time","2019/2020","Tier 4 + Graduate Route","348","300","Yes","Graduate Route for 2 years","Not Applicable","Yes","348","300","September","January",1200,89.99
"2019","India","The University of Strathclyde","All postgraduate","Full-time","2019/2020","Tier 4 + Graduate Route","348","300","Yes","Graduate Route for 2 years","Not Applicable","Yes","348","300","September","January",3060,89.99
"2019","India","The University of the West of Scotland","All postgraduate","Full-time","2019/2020","Tier 4 + Graduate Route","348","300","Yes","Graduate Route for 2 years","Not Applicable","Yes","348","300","September","January",2100,89.99
"2019","India","University of the Highlands and Islands","All postgraduate","Full-time","2019/2020","Tier 4 + Graduate Route","348","300","Yes","Graduate Route for 2 years","Not Applicable","Yes","348","300","September","January",60,89.99
"2019","Japan","Abertay University","All postgraduate","Full-time","2019/2020","Tier 4 + Graduate Route","348","300","Yes","Graduate Route for 2 years","Not Applicable","Yes","348","300","September","January",0,139.45
"2019","Japan","Edinburgh Napier University","All postgraduate","Full-time","2019/2020","Tier 4 + Graduate Route","348","300","Yes","Graduate Route for 2 years","Not Applicable","Yes","348","300","September","January",0,139.45
"2019","Japan","Glasgow Caledonian University","All postgraduate","Full-time","2019/2020","Tier 4 + Graduate Route","348","300","Yes","Graduate Route for 2 years","Not Applicable","Yes","348","300","September","January",0,139.45
"2019","Japan","Glasgow School of Art","All postgraduate","Full-time","2019/2020","Tier 4 + Graduate Route","348","300","Yes","Graduate Route for 2 years","Not Applicable","Yes","348","300","September","January",0,139.45
"2019","Japan","Heriot-Watt University","All postgraduate","Full-time","2019/2020","Tier 4 + Graduate Route","348","300","Yes","Graduate Route for 2 years","Not Applicable","Yes","348","300","September","January",0,139.45
"2019","Japan","Queen Margaret University, Edinburgh","All postgraduate","Full-time","2019/2020","Tier 4 + Graduate Route","348","300","Yes","Graduate Route for 2 years","Not Applicable","Yes","348","300","September","January",0,139.45
"2019","Japan","Robert Gordon University","All postgraduate","Full-time","2019/2020","Tier 4 + Graduate Route","348","300","Yes","Graduate Route for 2 years","Not Applicable","Yes","348","300","September","January",0,139.45
"2019","Japan","Royal Conservatoire of Scotland","All postgraduate","Full-time","2019/2020","Tier 4 + Graduate Route","348","300","Yes","Graduate Route for 2 years","Not Applicable","Yes","348","300","September","January",0,139.45
"2019","Japan","The University of Aberdeen","All postgraduate","Full-time","2019/2020","Tier 4 + Graduate Route","348","300","Yes","Graduate Route for 2 years","Not Applicable","Yes","348","300","September","January",60,139.45
"2019","Japan","The University of Dundee","All postgraduate","Full-time","2019/2020","Tier 4 + Graduate Route","348","300","Yes","Graduate Route for 2 years","Not Applicable","Yes","348","300","September","January",0,139.45
"2019","Japan","The University of Edinburgh","All postgraduate","Full-time","2019/2020","Tier 4 + Graduate Route","348","300","Yes","Graduate Route for 2 years","Not Applicable","Yes","348","300","September","January",480,139.45
"2019","Japan","The University of Glasgow","All postgraduate","Full-time","2019/2020","Tier 4 + Graduate Route","348","300","Yes","Graduate Route for 2 years","Not Applicable","Yes","348","300","September","January",240,139.45
"2019","Japan","The University of St. Andrews","All postgraduate","Full-time","2019/2020","Tier 4 + Graduate Route","348","300","Yes","Graduate Route for 2 years","Not Applicable","Yes","348","300","September","January",60,139.45
"2019","Japan","The University of Stirling","All postgraduate","Full-time","2019/2020","Tier 4 + Graduate Route","348","300","Yes","Graduate Route for 2 years","Not Applicable","Yes","348","300","September","January",120,139.45
"2019","Japan","The University of Strathclyde","All postgraduate","Full-time","2019/2020","Tier 4 + Graduate Route","348","300","Yes","Graduate Route for 2 years","Not Applicable","Yes","348","300","September","January",0,139.45
"2019","Japan","The University of the West of Scotland","All postgraduate","Full-time","2019/2020","Tier 4 + Graduate Route","348","300","Yes","Graduate Route for 2 years","Not Applicable","Yes","348","300","September","January",0,139.45
"2019","Japan","University of the Highlands and Islands","All postgraduate","Full-time","2019/2020","Tier 4 + Graduate Route","348","300","Yes","Graduate Route for 2 years","Not Applicable","Yes","348","300","September","January",0,139.45
"2019","Kenya","Abertay University","All postgraduate","Full-time","2019/2020","Tier 4 + Graduate Route","348","300","Yes","Graduate Route for 2 years","Not Applicable","Yes","348","300","September","January",0,130.43
"2019","Kenya","Edinburgh Napier University","All postgraduate","Full-time","2019/2020","Tier 4 + Graduate Route","348","300","Yes","Graduate Route for 2 years","Not Applicable","Yes","348","300","September","January",60,130.43
"2019","Kenya","Glasgow Caledonian University","All postgraduate","Full-time","2019/2020","Tier 4 + Graduate Route","348","300","Yes","Graduate Route for 2 years","Not Applicable","Yes","348","300","September","January",60,130.43
"2019","Kenya","Glasgow School of Art","All postgraduate","Full-time","2019/2020","Tier 4 + Graduate Route","348","300","Yes","Graduate Route for 2 years","Not Applicable","Yes","348","300","September","January",0,130.43
"2019","Kenya","Heriot-Watt University","All postgraduate","Full-time","2019/2020","Tier 4 + Graduate Route","348","300","Yes","Graduate Route for 2 years","Not Applicable","Yes","348","300","September","January",0,130.43
"2019","Kenya","Queen Margaret University, Edinburgh","All postgraduate","Full-time","2019/2020","Tier 4 + Graduate Route","348","300","Yes","Graduate Route for 2 years","Not Applicable","Yes","348","300","September","January",0,130.43
"2019","Kenya","Robert Gordon University","All postgraduate","Full-time","2019/2020","Tier 4 + Graduate Route","348","300","Yes","Graduate Route for 2 years","Not Applicable","Yes","348","300","September","January",60,130.43
"2019","Kenya","Royal Conservatoire of Scotland","All postgraduate","Full-time","2019/2020","Tier 4 + Graduate Route","348","300","Yes","Graduate Route for 2 years","Not Applicable","Yes","348","300","September","January",0,130.43
"2019","Kenya","The University of Aberdeen","All postgraduate","Full-time","2019/2020","Tier 4 + Graduate Route","348","300","Yes","Graduate Route for 2 years","Not Applicable","Yes","348","300","September","January",60,130.43
"2019","Kenya","The University of Dundee","All postgraduate","Full-time","2019/2020","Tier 4 + Graduate Route","348","300","Yes","Graduate Route for 2 years","Not Applicable","Yes","348","300","September","January",60,130.43
"2019","Kenya","The University of Edinburgh","All postgraduate","Full-time","2019/2020","Tier 4 + Graduate Route","348","300","Yes","Graduate Route for 2 years","Not Applicable","Yes","348","300","September","January",180,130.43
"2019","Kenya","The University of Glasgow","All postgraduate","Full-time","2019/2020","Tier 4 + Graduate Route","348","300","Yes","Graduate Route for 2 years","Not Applicable","Yes","348","300","September","January",180,130.43
"2019","Kenya","The University of St. Andrews","All postgraduate","Full-time","2019/2020","Tier 4 + Graduate Route","348","300","Yes","Graduate Route for 2 years","Not Applicable","Yes","348","300","September","January",60,130.43
"2019","Kenya","The University of Stirling","All postgraduate","Full-time","2019/2020","Tier 4 + Graduate Route","348","300","Yes","Graduate Route for 2 years","Not Applicable","Yes","348","300","September","January",60,130.43
"2019","Kenya","The University of Strathclyde","All postgraduate","Full-time","2019/2020","Tier 4 + Graduate Route","348","300","Yes","Graduate Route for 2 years","Not Applicable","Yes","348","300","September","January",120,130.43
"2019","Kenya","The University of the West of Scotland","All postgraduate","Full-time","2019/2020","Tier 4 + Graduate Route","348","300","Yes","Graduate Route for 2 years","Not Applicable","Yes","348","300","September","January",0,130.43
"2019","Kenya","University of the Highlands and Islands","All postgraduate","Full-time","2019/2020","Tier 4 + Graduate Route","348","300","Yes","Graduate Route for 2 years","Not Applicable","Yes","348","300","September","January",0,130.43
"2019","Kuwait","Abertay University","All postgraduate","Full-time","2019/2020","Tier 4 + Graduate Route","348","300","Yes","Graduate Route for 2 years","Not Applicable","Yes","348","300","September","January",0,0.38
"2019","Kuwait","Edinburgh Napier University","All postgraduate","Full-time","2019/2020","Tier 4 + Graduate Route","348","300","Yes","Graduate Route for 2 years","Not Applicable","Yes","348","300","September","January",0,0.38
"2019","Kuwait","Glasgow Caledonian University","All postgraduate","Full-time","2019/2020","Tier 4 + Graduate Route","348","300","Yes","Graduate Route for 2 years","Not Applicable","Yes","348","300","September","January",20,0.38
"2019","Kuwait","Glasgow School of Art","All postgraduate","Full-time","2019/2020","Tier 4 + Graduate Route","348","300","Yes","Graduate Route for 2 years","Not Applicable","Yes","348","300","September","January",0,0.38
"2019","Kuwait","Heriot-Watt University","All postgraduate","Full-time","2019/2020","Tier 4 + Graduate Route","348","300","Yes","Graduate Route for 2 years","Not Applicable","Yes","348","300","September","January",0,0.38
"2019","Kuwait","Queen Margaret University, Edinburgh","All postgraduate","Full-time","2019/2020","Tier 4 + Graduate Route","348","300","Yes","Graduate Route for 2 years","Not Applicable","Yes","348","300","September","January",0,0.38
"2019","Kuwait","Robert Gordon University","All postgraduate","Full-time","2019/2020","Tier 4 + Graduate Route","348","300","Yes","Graduate Route for 2 years","Not Applicable","Yes","348","300","September","January",0,0.38
"2019","Kuwait","Royal Conservatoire of Scotland","All postgraduate","Full-time","2019/2020","Tier 4 + Graduate Route","348","300","Yes","Graduate Route for 2 years","Not Applicable","Yes","348","300","September","January",0,0.38
"2019","Kuwait","The University of Aberdeen","All postgraduate","Full-time","2019/2020","Tier 4 + Graduate Route","348","300","Yes","Graduate Route for 2 years","Not Applicable","Yes","348","300","September","January",60,0.38
"2019","Kuwait","The University of Dundee","All postgraduate","Full-time","2019/2020","Tier 4 + Graduate Route","348","300","Yes","Graduate Route for 2 years","Not Applicable","Yes","348","300","September","January",20,0.38
"2019","Kuwait","The University of Edinburgh","All postgraduate","Full-time","2019/2020","Tier 4 + Graduate Route","348","300","Yes","Graduate Route for 2 years","Not Applicable","Yes","348","300","September","January",20,0.38
"2019","Kuwait","The University of Glasgow","All postgraduate","Full-time","2019/2020","Tier 4 + Graduate Route","348","300","Yes","Graduate Route for 2 years","Not Applicable","Yes","348","300","September","January",80,0.38
"2019","Kuwait","The University of St. Andrews","All postgraduate","Full-time","2019/2020","Tier 4 + Graduate Route","348","300","Yes","Graduate Route for 2 years","Not Applicable","Yes","348","300","September","January",0,0.38
"2019","Kuwait","The University of Stirling","All postgraduate","Full-time","2019/2020","Tier 4 + Graduate Route","348","300","Yes","Graduate Route for 2 years","Not Applicable","Yes","348","300","September","January",20,0.38
"2019","Kuwait","The University of Strathclyde","All postgraduate","Full-time","2019/2020","Tier 4 + Graduate Route","348","300","Yes","Graduate Route for 2 years","Not Applicable","Yes","348","300","September","January",120,0.38
"2019","Kuwait","The University of the West of Scotland","All postgraduate","Full-time","2019/2020","Tier 4 + Graduate Route","348","300","Yes","Graduate Route for 2 years","Not Applicable","Yes","348","300","September","January",0,0.38
"2019","Kuwait","University of the Highlands and Islands","All postgraduate","Full-time","2019/2020","Tier 4 + Graduate Route","348","300","Yes","Graduate Route for 2 years","Not Applicable","Yes","348","300","September","January",0,0.38
"2019","Libya","Abertay University","All postgraduate","Full-time","2019/2020","Tier 4 + Graduate Route","348","300","Yes","Graduate Route for 2 years","Not Applicable","Yes","348","300","September","January",0,1.76
"2019","Libya","Edinburgh Napier University","All postgraduate","Full-time","2019/2020","Tier 4 + Graduate Route","348","300","Yes","Graduate Route for 2 years","Not Applicable","Yes","348","300","September","January",0,1.76
"2019","Libya","Glasgow Caledonian University","All postgraduate","Full-time","2019/2020","Tier 4 + Graduate Route","348","300","Yes","Graduate Route for 2 years","Not Applicable","Yes","348","300","September","January",0,1.76
"2019","Libya","Glasgow School of Art","All postgraduate","Full-time","2019/2020","Tier 4 + Graduate Route","348","300","Yes","Graduate Route for 2 years","Not Applicable","Yes","348","300","September","January",0,1.76
"2019","Libya","Heriot-Watt University","All postgraduate","Full-time","2019/2020","Tier 4 + Graduate Route","348","300","Yes","Graduate Route for 2 years","Not Applicable","Yes","348","300","September","January",150,1.76
"2019","Libya","Queen Margaret University, Edinburgh","All postgraduate","Full-time","2019/2020","Tier 4 + Graduate Route","348","300","Yes","Graduate Route for 2 years","Not Applicable","Yes","348","300","September","January",0,1.76
"2019","Libya","Robert Gordon University","All postgraduate","Full-time","2019/2020","Tier 4 + Graduate Route","348","300","Yes","Graduate Route for 2 years","Not Applicable","Yes","348","300","September","January",0,1.76
"2019","Libya","Royal Conservatoire of Scotland","All postgraduate","Full-time","2019/2020","Tier 4 + Graduate Route","348","300","Yes","Graduate Route for 2 years","Not Applicable","Yes","348","300","September","January",0,1.76
"2019","Libya","The University of Aberdeen","All postgraduate","Full-time","2019/2020","Tier 4 + Graduate Route","348","300","Yes","Graduate Route for 2 years","Not Applicable","Yes","348","300","September","January",100,1.76
"2019","Libya","The University of Dundee","All postgraduate","Full-time","2019/2020","Tier 4 + Graduate Route","348","300","Yes","Graduate Route for 2 years","Not Applicable","Yes","348","300","September","January",100,1.76
"2019","Libya","The University of Edinburgh","All postgraduate","Full-time","2019/2020","Tier 4 + Graduate Route","348","300","Yes","Graduate Route for 2 years","Not Applicable","Yes","348","300","September","January",0,1.76
"2019","Libya","The University of Glasgow","All postgraduate","Full-time","2019/2020","Tier 4 + Graduate Route","348","300","Yes","Graduate Route for 2 years","Not Applicable","Yes","348","300","September","January",200,1.76
"2019","Libya","The University of St. Andrews","All postgraduate","Full-time","2019/2020","Tier 4 + Graduate Route","348","300","Yes","Graduate Route for 2 years","Not Applicable","Yes","348","300","September","January",0,1.76
"2019","Libya","The University of Stirling","All postgraduate","Full-time","2019/2020","Tier 4 + Graduate Route","348","300","Yes","Graduate Route for 2 years","Not Applicable","Yes","348","300","September","January",0,1.76
"2019","Libya","The University of Strathclyde","All postgraduate","Full-time","2019/2020","Tier 4 + Graduate Route","348","300","Yes","Graduate Route for 2 years","Not Applicable","Yes","348","300","September","January",200,1.76
"2019","Libya","The University of the West of Scotland","All postgraduate","Full-time","2019/2020","Tier 4 + Graduate Route","348","300","Yes","Graduate Route for 2 years","Not Applicable","Yes","348","300","September","January",0,1.76
"2019","Libya","University of the Highlands and Islands","All postgraduate","Full-time","2019/2020","Tier 4 + Graduate Route","348","300","Yes","Graduate Route for 2 years","Not Applicable","Yes","348","300","September","January",0,1.76
"2019","Nigeria","Abertay University","All postgraduate","Full-time","2019/2020","Tier 4 + Graduate Route","348","300","Yes","Graduate Route for 2 years","Not Applicable","Yes","348","300","September","January",0,391.42
"2019","Nigeria","Edinburgh Napier University","All postgraduate","Full-time","2019/2020","Tier 4 + Graduate Route","348","300","Yes","Graduate Route for 2 years","Not Applicable","Yes","348","300","September","January",0,391.42
"2019","Nigeria","Glasgow Caledonian University","All postgraduate","Full-time","2019/2020","Tier 4 + Graduate Route","348","300","Yes","Graduate Route for 2 years","Not Applicable","Yes","348","300","September","January",60,391.42
"2019","Nigeria","Glasgow School of Art","All postgraduate","Full-time","2019/2020","Tier 4 + Graduate Route","348","300","Yes","Graduate Route for 2 years","Not Applicable","Yes","348","300","September","January",0,391.42
"2019","Nigeria","Heriot-Watt University","All postgraduate","Full-time","2019/2020","Tier 4 + Graduate Route","348","300","Yes","Graduate Route for 2 years","Not Applicable","Yes","348","300","September","January",0,391.42
"2019","Nigeria","Queen Margaret University, Edinburgh","All postgraduate","Full-time","2019/2020","Tier 4 + Graduate Route","348","300","Yes","Graduate Route for 2 years","Not Applicable","Yes","348","300","September","January",0,391.42
"2019","Nigeria","Robert Gordon University","All postgraduate","Full-time","2019/2020","Tier 4 + Graduate Route","348","300","Yes","Graduate Route for 2 years","Not Applicable","Yes","348","300","September","January",0,391.42
"2019","Nigeria","Royal Conservatoire of Scotland","All postgraduate","Full-time","2019/2020","Tier 4 + Graduate Route","348","300","Yes","Graduate Route for 2 years","Not Applicable","Yes","348","300","September","January",0,391.42
"2019","Nigeria","The University of Aberdeen","All postgraduate","Full-time","2019/2020","Tier 4 + Graduate Route","348","300","Yes","Graduate Route for 2 years","Not Applicable","Yes","348","300","September","January",0,391.42
"2019","Nigeria","The University of Dundee","All postgraduate","Full-time","2019/2020","Tier 4 + Graduate Route","348","300","Yes","Graduate Route for 2 years","Not Applicable","Yes","348","300","September","January",0,391.42
"2019","Nigeria","The University of Edinburgh","All postgraduate","Full-time","2019/2020","Tier 4 + Graduate Route","348","300","Yes","Graduate Route for 2 years","Not Applicable","Yes","348","300","September","January",0,391.42
"2019","Nigeria","The University of Glasgow","All postgraduate","Full-time","2019/2020","Tier 4 + Graduate Route","348","300","Yes","Graduate Route for 2 years","Not Applicable","Yes","348","300","September","January",0,391.42
"2019","Nigeria","The University of St. Andrews","All postgraduate","Full-time","2019/2020","Tier 4 + Graduate Route","348","300","Yes","Graduate Route for 2 years","Not Applicable","Yes","348","300","September","January",0,391.42
"2019","Nigeria","The University of Stirling","All postgraduate","Full-time","2019/2020","Tier 4 + Graduate Route","348","300","Yes","Graduate Route for 2 years","Not Applicable","Yes","348","300","September","January",0,391.42
"2019","Nigeria","The University of Strathclyde","All postgraduate","Full-time","2019/2020","Tier 4 + Graduate Route","348","300","Yes","Graduate Route for 2 years","Not Applicable","Yes","348","300","September","January",0,391.42
"2019","Nigeria","The University of the West of Scotland","All postgraduate","Full-time","2019/2020","Tier 4 + Graduate Route","348","300","Yes","Graduate Route for 2 years","Not Applicable","Yes","348","300","September","January",0,391.42
"2019","Nigeria","University of the Highlands and Islands","All postgraduate","Full-time","2019/2020","Tier 4 + Graduate Route","348","300","Yes","Graduate Route for 2 years","Not Applicable","Yes","348","300","September","January",0,391.42
"2019","Oman","Abertay University","All postgraduate","Full-time","2019/2020","Tier 4 + Graduate Route","348","300","Yes","Graduate Route for 2 years","Not Applicable","Yes","348","300","September","January",0,0.49
"2019","Oman","Edinburgh Napier University","All postgraduate","Full-time","2019/2020","Tier 4 + Graduate Route","348","300","Yes","Graduate Route for 2 years","Not Applicable","Yes","348","300","September","January",0,0.49
"2019","Oman","Glasgow Caledonian University","All postgraduate","Full-time","2019/2020","Tier 4 + Graduate Route","348","300","Yes","Graduate Route for 2 years","Not Applicable","Yes","348","300","September","January",20,0.49
"2019","Oman","Glasgow School of Art","All postgraduate","Full-time","2019/2020","Tier 4 + Graduate Route","348","300","Yes","Graduate Route for 2 years","Not Applicable","Yes","348","300","September","January",0,0.49
"2019","Oman","Heriot-Watt University","All postgraduate","Full-time","2019/2020","Tier 4 + Graduate Route","348","300","Yes","Graduate Route for 2 years","Not Applicable","Yes","348","300","September","January",60,0.49
"2019","Oman","Queen Margaret University, Edinburgh","All postgraduate","Full-time","2019/2020","Tier 4 + Graduate Route","348","300","Yes","Graduate Route for 2 years","Not Applicable","Yes","348","300","September","January",0,0.49
"2019","Oman","Robert Gordon University","All postgraduate","Full-time","2019/2020","Tier 4 + Graduate Route","348","300","Yes","Graduate Route for 2 years","Not Applicable","Yes","348","300","September","January",40,0.49
"2019","Oman","Royal Conservatoire of Scotland","All postgraduate","Full-time","2019/2020","Tier 4 + Graduate Route","348","300","Yes","Graduate Route for 2 years","Not Applicable","Yes","348","300","September","January",0,0.49
"2019","Oman","The University of Aberdeen","All postgraduate","Full-time","2019/2020","Tier 4 + Graduate Route","348","300","Yes","Graduate Route for 2 years","Not Applicable","Yes","348","300","September","January",40,0.49
"2019","Oman","The University of Dundee","All postgraduate","Full-time","2019/2020","Tier 4 + Graduate Route","348","300","Yes","Graduate Route for 2 years","Not Applicable","Yes","348","300","September","January",20,0.49
"2019","Oman","The University of Edinburgh","All postgraduate","Full-time","2019/2020","Tier 4 + Graduate Route","348","300","Yes","Graduate Route for 2 years","Not Applicable","Yes","348","300","September","January",80,0.49
"2019","Oman","The University of Glasgow","All postgraduate","Full-time","2019/2020","Tier 4 + Graduate Route","348","300","Yes","Graduate Route for 2 years","Not Applicable","Yes","348","300","September","January",60,0.49
"2019","Oman","The University of St. Andrews","All postgraduate","Full-time","2019/2020","Tier 4 + Graduate Route","348","300","Yes","Graduate Route for 2 years","Not Applicable","Yes","348","300","September","January",0,0.49
"2019","Oman","The University of Stirling","All postgraduate","Full-time","2019/2020","Tier 4 + Graduate Route","348","300","Yes","Graduate Route for 2 years","Not Applicable","Yes","348","300","September","January",0,0.49
"2019","Oman","The University of Strathclyde","All postgraduate","Full-time","2019/2020","Tier 4 + Graduate Route","348","300","Yes","Graduate Route for 2 years","Not Applicable","Yes","348","300","September","January",60,0.49
"2019","Oman","The University of the West of Scotland","All postgraduate","Full-time","2019/2020","Tier 4 + Graduate Route","348","300","Yes","Graduate Route for 2 years","Not Applicable","Yes","348","300","September","January",0,0.49
"2019","Oman","University of the Highlands and Islands","All postgraduate","Full-time","2019/2020","Tier 4 + Graduate Route","348","300","Yes","Graduate Route for 2 years","Not Applicable","Yes","348","300","September","January",0,0.49
"2019","Pakistan","Abertay University","All postgraduate","Full-time","2019/2020","Tier 4 + Graduate Route","348","300","Yes","Graduate Route for 2 years","Not Applicable","Yes","348","300","September","January",0,192.55
"2019","Pakistan","Edinburgh Napier University","All postgraduate","Full-time","2019/2020","Tier 4 + Graduate Route","348","300","Yes","Graduate Route for 2 years","Not Applicable","Yes","348","300","September","January",1260,192.55
"2019","Pakistan","Glasgow Caledonian University","All postgraduate","Full-time","2019/2020","Tier 4 + Graduate Route","348","300","Yes","Graduate Route for 2 years","Not Applicable","Yes","348","300","September","January",960,192.55
"2019","Pakistan","Glasgow School of Art","All postgraduate","Full-time","2019/2020","Tier 4 + Graduate Route","348","300","Yes","Graduate Route for 2 years","Not Applicable","Yes","348","300","September","January",0,192.55
"2019","Pakistan","Heriot-Watt University","All postgraduate","Full-time","2019/2020","Tier 4 + Graduate Route","348","300","Yes","Graduate Route for 2 years","Not Applicable","Yes","348","300","September","January",180,192.55
"2019","Pakistan","Queen Margaret University, Edinburgh","All postgraduate","Full-time","2019/2020","Tier 4 + Graduate Route","348","300","Yes","Graduate Route for 2 years","Not Applicable","Yes","348","300","September","January",60,192.55
"2019","Pakistan","Robert Gordon University","All postgraduate","Full-time","2019/2020","Tier 4 + Graduate Route","348","300","Yes","Graduate Route for 2 years","Not Applicable","Yes","348","300","September","January",180,192.55
"2019","Pakistan","Royal Conservatoire of Scotland","All postgraduate","Full-time","2019/2020","Tier 4 + Graduate Route","348","300","Yes","Graduate Route for 2 years","Not Applicable","Yes","348","300","September","January",0,192.55
"2019","Pakistan","The University of Aberdeen","All postgraduate","Full-time","2019/2020","Tier 4 + Graduate Route","348","300","Yes","Graduate Route for 2 years","Not Applicable","Yes","348","300","September","January",180,192.55
"2019","Pakistan","The University of Dundee","All postgraduate","Full-time","2019/2020","Tier 4 + Graduate Route","348","300","Yes","Graduate Route for 2 years","Not Applicable","Yes","348","300","September","January",300,192.55
"2019","Pakistan","The University of Edinburgh","All postgraduate","Full-time","2019/2020","Tier 4 + Graduate Route","348","300","Yes","Graduate Route for 2 years","Not Applicable","Yes","348","300","September","January",540,192.55
"2019","Pakistan","The University of Glasgow","All postgraduate","Full-time","2019/2020","Tier 4 + Graduate Route","348","300","Yes","Graduate Route for 2 years","Not Applicable","Yes","348","300","September","January",540,192.55
"2019","Pakistan","The University of St. Andrews","All postgraduate","Full-time","2019/2020","Tier 4 + Graduate Route","348","300","Yes","Graduate Route for 2 years","Not Applicable","Yes","348","300","September","January",60,192.55
"2019","Pakistan","The University of Stirling","All postgraduate","Full-time","2019/2020","Tier 4 + Graduate Route","348","300","Yes","Graduate Route for 2 years","Not Applicable","Yes","348","300","September","January",180,192.55
"2019","Pakistan","The University of Strathclyde","All postgraduate","Full-time","2019/2020","Tier 4 + Graduate Route","348","300","Yes","Graduate Route for 2 years","Not Applicable","Yes","348","300","September","January",360,192.55
"2019","Pakistan","The University of the West of Scotland","All postgraduate","Full-time","2019/2020","Tier 4 + Graduate Route","348","300","Yes","Graduate Route for 2 years","Not Applicable","Yes","348","300","September","January",1020,192.55
"2019","Pakistan","University of the Highlands and Islands","All postgraduate","Full-time","2019/2020","Tier 4 + Graduate Route","348","300","Yes","Graduate Route for 2 years","Not Applicable","Yes","348","300","September","January",0,192.55
"2019","Tanzania","Abertay University","All postgraduate","Full-time","2019/2020","Tier 4 + Graduate Route","348","300","Yes","Graduate Route for 2 years","Not Applicable","Yes","348","300","September","January",0,2945.08
"2019","Tanzania","Edinburgh Napier University","All postgraduate","Full-time","2019/2020","Tier 4 + Graduate Route","348","300","Yes","Graduate Route for 2 years","Not Applicable","Yes","348","300","September","January",0,2945.08
"2019","Tanzania","Glasgow Caledonian University","All postgraduate","Full-time","2019/2020","Tier 4 + Graduate Route","348","300","Yes","Graduate Route for 2 years","Not Applicable","Yes","348","300","September","January",0,2945.08
"2019","Tanzania","Glasgow School of Art","All postgraduate","Full-time","2019/2020","Tier 4 + Graduate Route","348","300","Yes","Graduate Route for 2 years","Not Applicable","Yes","348","300","September","January",0,2945.08
"2019","Tanzania","Heriot-Watt University","All postgraduate","Full-time","2019/2020","Tier 4 + Graduate Route","348","300","Yes","Graduate Route for 2 years","Not Applicable","Yes","348","300","September","January",0,2945.08
"2019","Tanzania","Queen Margaret University, Edinburgh","All postgraduate","Full-time","2019/2020","Tier 4 + Graduate Route","348","300","Yes","Graduate Route for 2 years","Not Applicable","Yes","348","300","September","January",0,2945.08
"2019","Tanzania","Robert Gordon University","All postgraduate","Full-time","2019/2020","Tier 4 + Graduate Route","348","300","Yes","Graduate Route for 2 years","Not Applicable","Yes","348","300","September","January",0,2945.08
"2019","Tanzania","Royal Conservatoire of Scotland","All postgraduate","Full-time","2019/2020","Tier 4 + Graduate Route","348","300","Yes","Graduate Route for 2 years","Not Applicable","Yes","348","300","September","January",0,2945.08
"2019","Tanzania","The University of Aberdeen","All postgraduate","Full-time","2019/2020","Tier 4 + Graduate Route","348","300","Yes","Graduate Route for 2 years","Not Applicable","Yes","348","300","September","January",0,2945.08
"2019","Tanzania","The University of Dundee","All postgraduate","Full-time","2019/2020","Tier 4 + Graduate Route","348","300","Yes","Graduate Route for 2 years","Not Applicable","Yes","348","300","September","January",0,2945.08
"2019","Tanzania","The University of Edinburgh","All postgraduate","Full-time","2019/2020","Tier 4 + Graduate Route","348","300","Yes","Graduate Route for 2 years","Not Applicable","Yes","348","300","September","January",0,2945.08
"2019","Tanzania","The University of Glasgow","All postgraduate","Full-time","2019/2020","Tier 4 + Graduate Route","348","300","Yes","Graduate Route for 2 years","Not Applicable","Yes","348","300","September","January",0,2945.08
"2019","Tanzania","The University of St. Andrews","All postgraduate","Full-time","2019/2020","Tier 4 + Graduate Route","348","300","Yes","Graduate Route for 2 years","Not Applicable","Yes","348","300","September","January",0,2945.08
"2019","Tanzania","The University of Stirling","All postgraduate","Full-time","2019/2020","Tier 4 + Graduate Route","348","300","Yes","Graduate Route for 2 years","Not Applicable","Yes","348","300","September","January",0,2945.08
"2019","Tanzania","The University of Strathclyde","All postgraduate","Full-time","2019/2020","Tier 4 + Graduate Route","348","300","Yes","Graduate Route for 2 years","Not Applicable","Yes","348","300","September","January",0,2945.08
"2019","Tanzania","The University of the West of Scotland","All postgraduate","Full-time","2019/2020","Tier 4 + Graduate Route","348","300","Yes","Graduate Route for 2 years","Not Applicable","Yes","348","300","September","January",0,2945.08
"2019","Tanzania","University of the Highlands and Islands","All postgraduate","Full-time","2019/2020","Tier 4 + Graduate Route","348","300","Yes","Graduate Route for 2 years","Not Applicable","Yes","348","300","September","January",0,2945.08
"2019","Thailand","Abertay University","All postgraduate","Full-time","2019/2020","Tier 4 + Graduate Route","348","300","Yes","Graduate Route for 2 years","Not Applicable","Yes","348","300","September","January",0,39.55
"2019","Thailand","Edinburgh Napier University","All postgraduate","Full-time","2019/2020","Tier 4 + Graduate Route","348","300","Yes","Graduate Route for 2 years","Not Applicable","Yes","348","300","September","January",165,39.55
"2019","Thailand","Glasgow Caledonian University","All postgraduate","Full-time","2019/2020","Tier 4 + Graduate Route","348","300","Yes","Graduate Route for 2 years","Not Applicable","Yes","348","300","September","January",110,39.55
"2019","Thailand","Glasgow School of Art","All postgraduate","Full-time","2019/2020","Tier 4 + Graduate Route","348","300","Yes","Graduate Route for 2 years","Not Applicable","Yes","348","300","September","January",55,39.55
"2019","Thailand","Heriot-Watt University","All postgraduate","Full-time","2019/2020","Tier 4 + Graduate Route","348","300","Yes","Graduate Route for 2 years","Not Applicable","Yes","348","300","September","January",275,39.55
"2019","Thailand","Queen Margaret University, Edinburgh","All postgraduate","Full-time","2019/2020","Tier 4 + Graduate Route","348","300","Yes","Graduate Route for 2 years","Not Applicable","Yes","348","300","September","January",0,39.55
"2019","Thailand","Robert Gordon University","All postgraduate","Full-time","2019/2020","Tier 4 + Graduate Route","348","300","Yes","Graduate Route for 2 years","Not Applicable","Yes","348","300","September","January",55,39.55
"2019","Thailand","Royal Conservatoire of Scotland","All postgraduate","Full-time","2019/2020","Tier 4 + Graduate Route","348","300","Yes","Graduate Route for 2 years","Not Applicable","Yes","348","300","September","January",0,39.55
"2019","Thailand","The University of Aberdeen","All postgraduate","Full-time","2019/2020","Tier 4 + Graduate Route","348","300","Yes","Graduate Route for 2 years","Not Applicable","Yes","348","300","September","January",550,39.55
"2019","Thailand","The University of Dundee","All postgraduate","Full-time","2019/2020","Tier 4 + Graduate Route","348","300","Yes","Graduate Route for 2 years","Not Applicable","Yes","348","300","September","January",550,39.55
"2019","Thailand","The University of Edinburgh","All postgraduate","Full-time","2019/2020","Tier 4 + Graduate Route","348","300","Yes","Graduate Route for 2 years","Not Applicable","Yes","348","300","September","January",770,39.55
"2019","Thailand","The University of Glasgow","All postgraduate","Full-time","2019/2020","Tier 4 + Graduate Route","348","300","Yes","Graduate Route for 2 years","Not Applicable","Yes","348","300","September","January",1100,39.55
"2019","Thailand","The University of St. Andrews","All postgraduate","Full-time","2019/2020","Tier 4 + Graduate Route","348","300","Yes","Graduate Route for 2 years","Not Applicable","Yes","348","300","September","January",110,39.55
"2019","Thailand","The University of Stirling","All postgraduate","Full-time","2019/2020","Tier 4 + Graduate Route","348","300","Yes","Graduate Route for 2 years","Not Applicable","Yes","348","300","September","January",275,39.55
"2019","Thailand","The University of Strathclyde","All postgraduate","Full-time","2019/2020","Tier 4 + Graduate Route","348","300","Yes","Graduate Route for 2 years","Not Applicable","Yes","348","300","September","January",1320,39.55
"2019","Thailand","The University of the West of Scotland","All postgraduate","Full-time","2019/2020","Tier 4 + Graduate Route","348","300","Yes","Graduate Route for 2 years","Not Applicable","Yes","348","300","September","January",55,39.55
"2019","Thailand","University of the Highlands and Islands","All postgraduate","Full-time","2019/2020","Tier 4 + Graduate Route","348","300","Yes","Graduate Route for 2 years","Not Applicable","Yes","348","300","September","January",0,39.55
"2019","Turkey","Abertay University","All postgraduate","Full-time","2019/2020","Tier 4 + Graduate Route","348","300","Yes","Graduate Route for 2 years","Not Applicable","Yes","348","300","September","January",0,7.25
"2019","Turkey","Edinburgh Napier University","All postgraduate","Full-time","2019/2020","Tier 4 + Graduate Route","348","300","Yes","Graduate Route for 2 years","Not Applicable","Yes","348","300","September","January",0,7.25
"2019","Turkey","Glasgow Caledonian University","All postgraduate","Full-time","2019/2020","Tier 4 + Graduate Route","348","300","Yes","Graduate Route for 2 years","Not Applicable","Yes","348","300","September","January",55,7.25
"2019","Turkey","Glasgow School of Art","All postgraduate","Full-time","2019/2020","Tier 4 + Graduate Route","348","300","Yes","Graduate Route for 2 years","Not Applicable","Yes","348","300","September","January",0,7.25
"2019","Turkey","Heriot-Watt University","All postgraduate","Full-time","2019/2020","Tier 4 + Graduate Route","348","300","Yes","Graduate Route for 2 years","Not Applicable","Yes","348","300","September","January",110,7.25
"2019","Turkey","Queen Margaret University, Edinburgh","All postgraduate","Full-time","2019/2020","Tier 4 + Graduate Route","348","300","Yes","Graduate Route for 2 years","Not Applicable","Yes","348","300","September","January",0,7.25
"2019","Turkey","Robert Gordon University","All postgraduate","Full-time","2019/2020","Tier 4 + Graduate Route","348","300","Yes","Graduate Route for 2 years","Not Applicable","Yes","348","300","September","January",0,7.25
"2019","Turkey","Royal Conservatoire of Scotland","All postgraduate","Full-time","2019/2020","Tier 4 + Graduate Route","348","300","Yes","Graduate Route for 2 years","Not Applicable","Yes","348","300","September","January",0,7.25
"2019","Turkey","The University of Aberdeen","All postgraduate","Full-time","2019/2020","Tier 4 + Graduate Route","348","300","Yes","Graduate Route for 2 years","Not Applicable","Yes","348","300","September","January",165,7.25
"2019","Turkey","The University of Dundee","All postgraduate","Full-time","2019/2020","Tier 4 + Graduate Route","348","300","Yes","Graduate Route for 2 years","Not Applicable","Yes","348","300","September","January",110,7.25
"2019","Turkey","The University of Edinburgh","All postgraduate","Full-time","2019/2020","Tier 4 + Graduate Route","348","300","Yes","Graduate Route for 2 years","Not Applicable","Yes","348","300","September","January",605,7.25
"2019","Turkey","The University of Glasgow","All postgraduate","Full-time","2019/2020","Tier 4 + Graduate Route","348","300","Yes","Graduate Route for 2 years","Not Applicable","Yes","348","300","September","January",385,7.25
"2019","Turkey","The University of St. Andrews","All postgraduate","Full-time","2019/2020","Tier 4 + Graduate Route","348","300","Yes","Graduate Route for 2 years","Not Applicable","Yes","348","300","September","January",55,7.25
"2019","Turkey","The University of Stirling","All postgraduate","Full-time","2019/2020","Tier 4 + Graduate Route","348","300","Yes","Graduate Route for 2 years","Not Applicable","Yes","348","300","September","January",110,7.25
"2019","Turkey","The University of Strathclyde","All postgraduate","Full-time","2019/2020","Tier 4 + Graduate Route","348","300","Yes","Graduate Route for 2 years","Not Applicable","Yes","348","300","September","January",275,7.25
"2019","Turkey","The University of the West of Scotland","All postgraduate","Full-time","2019/2020","Tier 4 + Graduate Route","348","300","Yes","Graduate Route for 2 years","Not Applicable","Yes","348","300","September","January",275,7.25
"2019","Turkey","University of the Highlands and Islands","All postgraduate","Full-time","2019/2020","Tier 4 + Graduate Route","348","300","Yes","Graduate Route for 2 years","Not Applicable","Yes","348","300","September","January",0,7.25
"2019","Uganda","Abertay University","All postgraduate","Full-time","2019/2020","Tier 4 + Graduate Route","348","300","Yes","Graduate Route for 2 years","Not Applicable","Yes","348","300","September","January",0,4802.14
"2019","Uganda","Edinburgh Napier University","All postgraduate","Full-time","2019/2020","Tier 4 + Graduate Route","348","300","Yes","Graduate Route for 2 years","Not Applicable","Yes","348","300","September","January",0,4802.14
"2019","Uganda","Glasgow Caledonian University","All postgraduate","Full-time","2019/2020","Tier 4 + Graduate Route","348","300","Yes","Graduate Route for 2 years","Not Applicable","Yes","348","300","September","January",0,4802.14
"2019","Uganda","Glasgow School of Art","All postgraduate","Full-time","2019/2020","Tier 4 + Graduate Route","348","300","Yes","Graduate Route for 2 years","Not Applicable","Yes","348","300","September","January",0,4802.14
"2019","Uganda","Heriot-Watt University","All postgraduate","Full-time","2019/2020","Tier 4 + Graduate Route","348","300","Yes","Graduate Route for 2 years","Not Applicable","Yes","348","300","September","January",0,4802.14
"2019","Uganda","Queen Margaret University, Edinburgh","All postgraduate","Full-time","2019/2020","Tier 4 + Graduate Route","348","300","Yes","Graduate Route for 2 years","Not Applicable","Yes","348","300","September","January",0,4802.14
"2019","Uganda","Robert Gordon University","All postgraduate","Full-time","2019/2020","Tier 4 + Graduate Route","348","300","Yes","Graduate Route for 2 years","Not Applicable","Yes","348","300","September","January",0,4802.14
"2019","Uganda","Royal Conservatoire of Scotland","All postgraduate","Full-time","2019/2020","Tier 4 + Graduate Route","348","300","Yes","Graduate Route for 2 years","Not Applicable","Yes","348","300","September","January",0,4802.14
"2019","Uganda","The University of Aberdeen","All postgraduate","Full-time","2019/2020","Tier 4 + Graduate Route","348","300","Yes","Graduate Route for 2 years","Not Applicable","Yes","348","300","September","January",0,4802.14
"2019","Uganda","The University of Dundee","All postgraduate","Full-time","2019/2020","Tier 4 + Graduate Route","348","300","Yes","Graduate Route for 2 years","Not Applicable","Yes","348","300","September","January",0,4802.14
"2019","Uganda","The University of Edinburgh","All postgraduate","Full-time","2019/2020","Tier 4 + Graduate Route","348","300","Yes","Graduate Route for 2 years","Not Applicable","Yes","348","300","September","January",0,4802.14
"2019","Uganda","The University of Glasgow","All postgraduate","Full-time","2019/2020","Tier 4 + Graduate Route","348","300","Yes","Graduate Route for 2 years","Not Applicable","Yes","348","300","September","January",0,4802.14
"2019","Uganda","The University of St. Andrews","All postgraduate","Full-time","2019/2020","Tier 4 + Graduate Route","348","300","Yes","Graduate Route for 2 years","Not Applicable","Yes","348","300","September","January",0,4802.14
"2019","Uganda","The University of Stirling","All postgraduate","Full-time","2019/2020","Tier 4 + Graduate Route","348","300","Yes","Graduate Route for 2 years","Not Applicable","Yes","348","300","September","January",0,4802.14
"2019","Uganda","The University of Strathclyde","All postgraduate","Full-time","2019/2020","Tier 4 + Graduate Route","348","300","Yes","Graduate Route for 2 years","Not Applicable","Yes","348","300","September","January",0,4802.14
"2019","Uganda","The University of the West of Scotland","All postgraduate","Full-time","2019/2020","Tier 4 + Graduate Route","348","300","Yes","Graduate Route for 2 years","Not Applicable","Yes","348","300","September","January",0,4802.14
"2019","Uganda","University of the Highlands and Islands","All postgraduate","Full-time","2019/2020","Tier 4 + Graduate Route","348","300","Yes","Graduate Route for 2 years","Not Applicable","Yes","348","300","September","January",0,4802.14
"2020","China","Abertay University","All postgraduate","Full-time","2020/2021","Student Visa","348","300","Yes","Graduate Route for 2 years","Not Applicable","Yes","348","300","September","January",330,8.91
"2020","China","Edinburgh Napier University","All postgraduate","Full-time","2020/2021","Student Visa","348","300","Yes","Graduate Route for 2 years","Not Applicable","Yes","348","300","September","January",330,8.91
"2020","China","Glasgow Caledonian University","All postgraduate","Full-time","2020/2021","Student Visa","348","300","Yes","Graduate Route for 2 years","Not Applicable","Yes","348","300","September","January",220,8.91
"2020","China","Glasgow School of Art","All postgraduate","Full-time","2020/2021","Student Visa","348","300","Yes","Graduate Route for 2 years","Not Applicable","Yes","348","300","September","January",2365,8.91
"2020","China","Heriot-Watt University","All postgraduate","Full-time","2020/2021","Student Visa","348","300","Yes","Graduate Route for 2 years","Not Applicable","Yes","348","300","September","January",2035,8.91
"2020","China","Queen Margaret University, Edinburgh","All postgraduate","Full-time","2020/2021","Student Visa","348","300","Yes","Graduate Route for 2 years","Not Applicable","Yes","348","300","September","January",55,8.91
"2020","China","Robert Gordon University","All postgraduate","Full-time","2020/2021","Student Visa","348","300","Yes","Graduate Route for 2 years","Not Applicable","Yes","348","300","September","January",275,8.91
"2020","China","Royal Conservatoire of Scotland","All postgraduate","Full-time","2020/2021","Student Visa","348","300","Yes","Graduate Route for 2 years","Not Applicable","Yes","348","300","September","January",220,8.91
"2020","China","The University of Aberdeen","All postgraduate","Full-time","2020/2021","Student Visa","348","300","Yes","Graduate Route for 2 years","Not Applicable","Yes","348","300","September","January",9020,8.91
"2020","China","The University of Dundee","All postgraduate","Full-time","2020/2021","Student Visa","348","300","Yes","Graduate Route for 2 years","Not Applicable","Yes","348","300","September","January",4620,8.91
"2020","China","The University of Edinburgh","All postgraduate","Full-time","2020/2021","Student Visa","348","300","Yes","Graduate Route for 2 years","Not Applicable","Yes","348","300","September","January",41635,8.91
"2020","China","The University of Glasgow","All postgraduate","Full-time","2020/2021","Student Visa","348","300","Yes","Graduate Route for 2 years","Not Applicable","Yes","348","300","September","January",57860,8.91
"2020","China","The University of St. Andrews","All postgraduate","Full-time","2020/2021","Student Visa","348","300","Yes","Graduate Route for 2 years","Not Applicable","Yes","348","300","September","January",3025,8.91
"2020","China","The University of Stirling","All postgraduate","Full-time","2020/2021","Student Visa","348","300","Yes","Graduate Route for 2 years","Not Applicable","Yes","348","300","September","January",3960,8.91
"2020","China","The University of Strathclyde","All postgraduate","Full-time","2020/2021","Student Visa","348","300","Yes","Graduate Route for 2 years","Not Applicable","Yes","348","300","September","January",6490,8.91
"2020","China","The University of the West of Scotland","All postgraduate","Full-time","2020/2021","Student Visa","348","300","Yes","Graduate Route for 2 years","Not Applicable","Yes","348","300","September","January",220,8.91
"2020","China","University of the Highlands and Islands","All postgraduate","Full-time","2020/2021","Student Visa","348","300","Yes","Graduate Route for 2 years","Not Applicable","Yes","348","300","September","January",0,8.91
"2020","Gambia","Abertay University","All postgraduate","Full-time","2020/2021","Student Visa","348","300","Yes","Graduate Route for 2 years","Not Applicable","Yes","348","300","September","January",0,67.15
"2020","Gambia","Edinburgh Napier University","All postgraduate","Full-time","2020/2021","Student Visa","348","300","Yes","Graduate Route for 2 years","Not Applicable","Yes","348","300","September","January",0,67.15
"2020","Gambia","Glasgow Caledonian University","All postgraduate","Full-time","2020/2021","Student Visa","348","300","Yes","Graduate Route for 2 years","Not Applicable","Yes","348","300","September","January",0,67.15
"2020","Gambia","Glasgow School of Art","All postgraduate","Full-time","2020/2021","Student Visa","348","300","Yes","Graduate Route for 2 years","Not Applicable","Yes","348","300","September","January",0,67.15
"2020","Gambia","Heriot-Watt University","All postgraduate","Full-time","2020/2021","Student Visa","348","300","Yes","Graduate Route for 2 years","Not Applicable","Yes","348","300","September","January",0,67.15
"2020","Gambia","Queen Margaret University, Edinburgh","All postgraduate","Full-time","2020/2021","Student Visa","348","300","Yes","Graduate Route for 2 years","Not Applicable","Yes","348","300","September","January",0,67.15
"2020","Gambia","Robert Gordon University","All postgraduate","Full-time","2020/2021","Student Visa","348","300","Yes","Graduate Route for 2 years","Not Applicable","Yes","348","300","September","January",0,67.15
"2020","Gambia","Royal Conservatoire of Scotland","All postgraduate","Full-time","2020/2021","Student Visa","348","300","Yes","Graduate Route for 2 years","Not Applicable","Yes","348","300","September","January",0,67.15
"2020","Gambia","The University of Aberdeen","All postgraduate","Full-time","2020/2021","Student Visa","348","300","Yes","Graduate Route for 2 years","Not Applicable","Yes","348","300","September","January",0,67.15
"2020","Gambia","The University of Dundee","All postgraduate","Full-time","2020/2021","Student Visa","348","300","Yes","Graduate Route for 2 years","Not Applicable","Yes","348","300","September","January",60,67.15
"2020","Gambia","The University of Edinburgh","All postgraduate","Full-time","2020/2021","Student Visa","348","300","Yes","Graduate Route for 2 years","Not Applicable","Yes","348","300","September","January",0,67.15
"2020","Gambia","The University of Glasgow","All postgraduate","Full-time","2020/2021","Student Visa","348","300","Yes","Graduate Route for 2 years","Not Applicable","Yes","348","300","September","January",0,67.15
"2020","Gambia","The University of St. Andrews","All postgraduate","Full-time","2020/2021","Student Visa","348","300","Yes","Graduate Route for 2 years","Not Applicable","Yes","348","300","September","January",0,67.15
"2020","Gambia","The University of Stirling","All postgraduate","Full-time","2020/2021","Student Visa","348","300","Yes","Graduate Route for 2 years","Not Applicable","Yes","348","300","September","January",0,67.15
"2020","Gambia","The University of Strathclyde","All postgraduate","Full-time","2020/2021","Student Visa","348","300","Yes","Graduate Route for 2 years","Not Applicable","Yes","348","300","September","January",0,67.15
"2020","Gambia","The University of the West of Scotland","All postgraduate","Full-time","2020/2021","Student Visa","348","300","Yes","Graduate Route for 2 years","Not Applicable","Yes","348","300","September","January",0,67.15
"2020","Gambia","University of the Highlands and Islands","All postgraduate","Full-time","2020/2021","Student Visa","348","300","Yes","Graduate Route for 2 years","Not Applicable","Yes","348","300","September","January",0,67.15
"2020","Ghana","Abertay University","All postgraduate","Full-time","2020/2021","Student Visa","348","300","Yes","Graduate Route for 2 years","Not Applicable","Yes","348","300","September","January",0,7.33
"2020","Ghana","Edinburgh Napier University","All postgraduate","Full-time","2020/2021","Student Visa","348","300","Yes","Graduate Route for 2 years","Not Applicable","Yes","348","300","September","January",180,7.33
"2020","Ghana","Glasgow Caledonian University","All postgraduate","Full-time","2020/2021","Student Visa","348","300","Yes","Graduate Route for 2 years","Not Applicable","Yes","348","300","September","January",180,7.33
"2020","Ghana","Glasgow School of Art","All postgraduate","Full-time","2020/2021","Student Visa","348","300","Yes","Graduate Route for 2 years","Not Applicable","Yes","348","300","September","January",0,7.33
"2020","Ghana","Heriot-Watt University","All postgraduate","Full-time","2020/2021","Student Visa","348","300","Yes","Graduate Route for 2 years","Not Applicable","Yes","348","300","September","January",180,7.33
"2020","Ghana","Queen Margaret University, Edinburgh","All postgraduate","Full-time","2020/2021","Student Visa","348","300","Yes","Graduate Route for 2 years","Not Applicable","Yes","348","300","September","January",120,7.33
"2020","Ghana","Robert Gordon University","All postgraduate","Full-time","2020/2021","Student Visa","348","300","Yes","Graduate Route for 2 years","Not Applicable","Yes","348","300","September","January",600,7.33
"2020","Ghana","Royal Conservatoire of Scotland","All postgraduate","Full-time","2020/2021","Student Visa","348","300","Yes","Graduate Route for 2 years","Not Applicable","Yes","348","300","September","January",0,7.33
"2020","Ghana","The University of Aberdeen","All postgraduate","Full-time","2020/2021","Student Visa","348","300","Yes","Graduate Route for 2 years","Not Applicable","Yes","348","300","September","January",960,7.33
"2020","Ghana","The University of Dundee","All postgraduate","Full-time","2020/2021","Student Visa","348","300","Yes","Graduate Route for 2 years","Not Applicable","Yes","348","300","September","January",240,7.33
"2020","Ghana","The University of Edinburgh","All postgraduate","Full-time","2020/2021","Student Visa","348","300","Yes","Graduate Route for 2 years","Not Applicable","Yes","348","300","September","January",120,7.33
"2020","Ghana","The University of Glasgow","All postgraduate","Full-time","2020/2021","Student Visa","348","300","Yes","Graduate Route for 2 years","Not Applicable","Yes","348","300","September","January",180,7.33
"2020","Ghana","The University of St. Andrews","All postgraduate","Full-time","2020/2021","Student Visa","348","300","Yes","Graduate Route for 2 years","Not Applicable","Yes","348","300","September","January",60,7.33
"2020","Ghana","The University of Stirling","All postgraduate","Full-time","2020/2021","Student Visa","348","300","Yes","Graduate Route for 2 years","Not Applicable","Yes","348","300","September","January",480,7.33
"2020","Ghana","The University of Strathclyde","All postgraduate","Full-time","2020/2021","Student Visa","348","300","Yes","Graduate Route for 2 years","Not Applicable","Yes","348","300","September","January",180,7.33
"2020","Ghana","The University of the West of Scotland","All postgraduate","Full-time","2020/2021","Student Visa","348","300","Yes","Graduate Route for 2 years","Not Applicable","Yes","348","300","September","January",1020,7.33
"2020","Ghana","University of the Highlands and Islands","All postgraduate","Full-time","2020/2021","Student Visa","348","300","Yes","Graduate Route for 2 years","Not Applicable","Yes","348","300","September","January",0,7.33
"2020","India","Abertay University","All postgraduate","Full-time","2020/2021","Student Visa","348","300","Yes","Graduate Route for 2 years","Not Applicable","Yes","348","300","September","January",120,95.7
"2020","India","Edinburgh Napier University","All postgraduate","Full-time","2020/2021","Student Visa","348","300","Yes","Graduate Route for 2 years","Not Applicable","Yes","348","300","September","January",10560,95.7
"2020","India","Glasgow Caledonian University","All postgraduate","Full-time","2020/2021","Student Visa","348","300","Yes","Graduate Route for 2 years","Not Applicable","Yes","348","300","September","January",4080,95.7
"2020","India","Glasgow School of Art","All postgraduate","Full-time","2020/2021","Student Visa","348","300","Yes","Graduate Route for 2 years","Not Applicable","Yes","348","300","September","January",60,95.7
"2020","India","Heriot-Watt University","All postgraduate","Full-time","2020/2021","Student Visa","348","300","Yes","Graduate Route for 2 years","Not Applicable","Yes","348","300","September","January",6360,95.7
"2020","India","Queen Margaret University, Edinburgh","All postgraduate","Full-time","2020/2021","Student Visa","348","300","Yes","Graduate Route for 2 years","Not Applicable","Yes","348","300","September","January",60,95.7
"2020","India","Robert Gordon University","All postgraduate","Full-time","2020/2021","Student Visa","348","300","Yes","Graduate Route for 2 years","Not Applicable","Yes","348","300","September","January",2220,95.7
"2020","India","Royal Conservatoire of Scotland","All postgraduate","Full-time","2020/2021","Student Visa","348","300","Yes","Graduate Route for 2 years","Not Applicable","Yes","348","300","September","January",60,95.7
"2020","India","The University of Aberdeen","All postgraduate","Full-time","2020/2021","Student Visa","348","300","Yes","Graduate Route for 2 years","Not Applicable","Yes","348","300","September","January",1560,95.7
"2020","India","The University of Dundee","All postgraduate","Full-time","2020/2021","Student Visa","348","300","Yes","Graduate Route for 2 years","Not Applicable","Yes","348","300","September","January",2400,95.7
"2020","India","The University of Edinburgh","All postgraduate","Full-time","2020/2021","Student Visa","348","300","Yes","Graduate Route for 2 years","Not Applicable","Yes","348","300","September","January",2640,95.7
"2020","India","The University of Glasgow","All postgraduate","Full-time","2020/2021","Student Visa","348","300","Yes","Graduate Route for 2 years","Not Applicable","Yes","348","300","September","January",4740,95.7
"2020","India","The University of St. Andrews","All postgraduate","Full-time","2020/2021","Student Visa","348","300","Yes","Graduate Route for 2 years","Not Applicable","Yes","348","300","September","January",420,95.7
"2020","India","The University of Stirling","All postgraduate","Full-time","2020/2021","Student Visa","348","300","Yes","Graduate Route for 2 years","Not Applicable","Yes","348","300","September","January",7200,95.7
"2020","India","The University of Strathclyde","All postgraduate","Full-time","2020/2021","Student Visa","348","300","Yes","Graduate Route for 2 years","Not Applicable","Yes","348","300","September","January",4380,95.7
"2020","India","The University of the West of Scotland","All postgraduate","Full-time","2020/2021","Student Visa","348","300","Yes","Graduate Route for 2 years","Not Applicable","Yes","348","300","September","January",8760,95.7
"2020","India","University of the Highlands and Islands","All postgraduate","Full-time","2020/2021","Student Visa","348","300","Yes","Graduate Route for 2 years","Not Applicable","Yes","348","300","September","January",60,95.7
"2020","Japan","Abertay University","All postgraduate","Full-time","2020/2021","Student Visa","348","300","Yes","Graduate Route for 2 years","Not Applicable","Yes","348","300","September","January",0,137.39
"2020","Japan","Edinburgh Napier University","All postgraduate","Full-time","2020/2021","Student Visa","348","300","Yes","Graduate Route for 2 years","Not Applicable","Yes","348","300","September","January",0,137.39
"2020","Japan","Glasgow Caledonian University","All postgraduate","Full-time","2020/2021","Student Visa","348","300","Yes","Graduate Route for 2 years","Not Applicable","Yes","348","300","September","January",0,137.39
"2020","Japan","Glasgow School of Art","All postgraduate","Full-time","2020/2021","Student Visa","348","300","Yes","Graduate Route for 2 years","Not Applicable","Yes","348","300","September","January",60,137.39
"2020","Japan","Heriot-Watt University","All postgraduate","Full-time","2020/2021","Student Visa","348","300","Yes","Graduate Route for 2 years","Not Applicable","Yes","348","300","September","January",0,137.39
"2020","Japan","Queen Margaret University, Edinburgh","All postgraduate","Full-time","2020/2021","Student Visa","348","300","Yes","Graduate Route for 2 years","Not Applicable","Yes","348","300","September","January",0,137.39
"2020","Japan","Robert Gordon University","All postgraduate","Full-time","2020/2021","Student Visa","348","300","Yes","Graduate Route for 2 years","Not Applicable","Yes","348","300","September","January",0,137.39
"2020","Japan","Royal Conservatoire of Scotland","All postgraduate","Full-time","2020/2021","Student Visa","348","300","Yes","Graduate Route for 2 years","Not Applicable","Yes","348","300","September","January",60,137.39
"2020","Japan","The University of Aberdeen","All postgraduate","Full-time","2020/2021","Student Visa","348","300","Yes","Graduate Route for 2 years","Not Applicable","Yes","348","300","September","January",0,137.39
"2020","Japan","The University of Dundee","All postgraduate","Full-time","2020/2021","Student Visa","348","300","Yes","Graduate Route for 2 years","Not Applicable","Yes","348","300","September","January",0,137.39
"2020","Japan","The University of Edinburgh","All postgraduate","Full-time","2020/2021","Student Visa","348","300","Yes","Graduate Route for 2 years","Not Applicable","Yes","348","300","September","January",480,137.39
"2020","Japan","The University of Glasgow","All postgraduate","Full-time","2020/2021","Student Visa","348","300","Yes","Graduate Route for 2 years","Not Applicable","Yes","348","300","September","January",240,137.39
"2020","Japan","The University of St. Andrews","All postgraduate","Full-time","2020/2021","Student Visa","348","300","Yes","Graduate Route for 2 years","Not Applicable","Yes","348","300","September","January",60,137.39
"2020","Japan","The University of Stirling","All postgraduate","Full-time","2020/2021","Student Visa","348","300","Yes","Graduate Route for 2 years","Not Applicable","Yes","348","300","September","January",60,137.39
"2020","Japan","The University of Strathclyde","All postgraduate","Full-time","2020/2021","Student Visa","348","300","Yes","Graduate Route for 2 years","Not Applicable","Yes","348","300","September","January",0,137.39
"2020","Japan","The University of the West of Scotland","All postgraduate","Full-time","2020/2021","Student Visa","348","300","Yes","Graduate Route for 2 years","Not Applicable","Yes","348","300","September","January",0,137.39
"2020","Japan","University of the Highlands and Islands","All postgraduate","Full-time","2020/2021","Student Visa","348","300","Yes","Graduate Route for 2 years","Not Applicable","Yes","348","300","September","January",0,137.39
"2020","Kenya","Abertay University","All postgraduate","Full-time","2020/2021","Student Visa","348","300","Yes","Graduate Route for 2 years","Not Applicable","Yes","348","300","September","January",0,137.74
"2020","Kenya","Edinburgh Napier University","All postgraduate","Full-time","2020/2021","Student Visa","348","300","Yes","Graduate Route for 2 years","Not Applicable","Yes","348","300","September","January",60,137.74
"2020","Kenya","Glasgow Caledonian University","All postgraduate","Full-time","2020/2021","Student Visa","348","300","Yes","Graduate Route for 2 years","Not Applicable","Yes","348","300","September","January",60,137.74
"2020","Kenya","Glasgow School of Art","All postgraduate","Full-time","2020/2021","Student Visa","348","300","Yes","Graduate Route for 2 years","Not Applicable","Yes","348","300","September","January",0,137.74
"2020","Kenya","Heriot-Watt University","All postgraduate","Full-time","2020/2021","Student Visa","348","300","Yes","Graduate Route for 2 years","Not Applicable","Yes","348","300","September","January",0,137.74
"2020","Kenya","Queen Margaret University, Edinburgh","All postgraduate","Full-time","2020/2021","Student Visa","348","300","Yes","Graduate Route for 2 years","Not Applicable","Yes","348","300","September","January",0,137.74
"2020","Kenya","Robert Gordon University","All postgraduate","Full-time","2020/2021","Student Visa","348","300","Yes","Graduate Route for 2 years","Not Applicable","Yes","348","300","September","January",0,137.74
"2020","Kenya","Royal Conservatoire of Scotland","All postgraduate","Full-time","2020/2021","Student Visa","348","300","Yes","Graduate Route for 2 years","Not Applicable","Yes","348","300","September","January",0,137.74
"2020","Kenya","The University of Aberdeen","All postgraduate","Full-time","2020/2021","Student Visa","348","300","Yes","Graduate Route for 2 years","Not Applicable","Yes","348","300","September","January",120,137.74
"2020","Kenya","The University of Dundee","All postgraduate","Full-time","2020/2021","Student Visa","348","300","Yes","Graduate Route for 2 years","Not Applicable","Yes","348","300","September","January",120,137.74
"2020","Kenya","The University of Edinburgh","All postgraduate","Full-time","2020/2021","Student Visa","348","300","Yes","Graduate Route for 2 years","Not Applicable","Yes","348","300","September","January",180,137.74
"2020","Kenya","The University of Glasgow","All postgraduate","Full-time","2020/2021","Student Visa","348","300","Yes","Graduate Route for 2 years","Not Applicable","Yes","348","300","September","January",240,137.74
"2020","Kenya","The University of St. Andrews","All postgraduate","Full-time","2020/2021","Student Visa","348","300","Yes","Graduate Route for 2 years","Not Applicable","Yes","348","300","September","January",60,137.74
"2020","Kenya","The University of Stirling","All postgraduate","Full-time","2020/2021","Student Visa","348","300","Yes","Graduate Route for 2 years","Not Applicable","Yes","348","300","September","January",60,137.74
"2020","Kenya","The University of Strathclyde","All postgraduate","Full-time","2020/2021","Student Visa","348","300","Yes","Graduate Route for 2 years","Not Applicable","Yes","348","300","September","January",60,137.74
"2020","Kenya","The University of the West of Scotland","All postgraduate","Full-time","2020/2021","Student Visa","348","300","Yes","Graduate Route for 2 years","Not Applicable","Yes","348","300","September","January",60,137.74
"2020","Kenya","University of the Highlands and Islands","All postgraduate","Full-time","2020/2021","Student Visa","348","300","Yes","Graduate Route for 2 years","Not Applicable","Yes","348","300","September","January",0,137.74
"2020","Kuwait","Abertay University","All postgraduate","Full-time","2020/2021","Student Visa","348","300","Yes","Graduate Route for 2 years","Not Applicable","Yes","348","300","September","January",0,0.4
"2020","Kuwait","Edinburgh Napier University","All postgraduate","Full-time","2020/2021","Student Visa","348","300","Yes","Graduate Route for 2 years","Not Applicable","Yes","348","300","September","January",0,0.4
"2020","Kuwait","Glasgow Caledonian University","All postgraduate","Full-time","2020/2021","Student Visa","348","300","Yes","Graduate Route for 2 years","Not Applicable","Yes","348","300","September","January",25,0.4
"2020","Kuwait","Glasgow School of Art","All postgraduate","Full-time","2020/2021","Student Visa","348","300","Yes","Graduate Route for 2 years","Not Applicable","Yes","348","300","September","January",0,0.4
"2020","Kuwait","Heriot-Watt University","All postgraduate","Full-time","2020/2021","Student Visa","348","300","Yes","Graduate Route for 2 years","Not Applicable","Yes","348","300","September","January",25,0.4
"2020","Kuwait","Queen Margaret University, Edinburgh","All postgraduate","Full-time","2020/2021","Student Visa","348","300","Yes","Graduate Route for 2 years","Not Applicable","Yes","348","300","September","January",0,0.4
"2020","Kuwait","Robert Gordon University","All postgraduate","Full-time","2020/2021","Student Visa","348","300","Yes","Graduate Route for 2 years","Not Applicable","Yes","348","300","September","January",25,0.4
"2020","Kuwait","Royal Conservatoire of Scotland","All postgraduate","Full-time","2020/2021","Student Visa","348","300","Yes","Graduate Route for 2 years","Not Applicable","Yes","348","300","September","January",0,0.4
"2020","Kuwait","The University of Aberdeen","All postgraduate","Full-time","2020/2021","Student Visa","348","300","Yes","Graduate Route for 2 years","Not Applicable","Yes","348","300","September","January",75,0.4
"2020","Kuwait","The University of Dundee","All postgraduate","Full-time","2020/2021","Student Visa","348","300","Yes","Graduate Route for 2 years","Not Applicable","Yes","348","300","September","January",25,0.4
"2020","Kuwait","The University of Edinburgh","All postgraduate","Full-time","2020/2021","Student Visa","348","300","Yes","Graduate Route for 2 years","Not Applicable","Yes","348","300","September","January",25,0.4
"2020","Kuwait","The University of Glasgow","All postgraduate","Full-time","2020/2021","Student Visa","348","300","Yes","Graduate Route for 2 years","Not Applicable","Yes","348","300","September","January",125,0.4
"2020","Kuwait","The University of St. Andrews","All postgraduate","Full-time","2020/2021","Student Visa","348","300","Yes","Graduate Route for 2 years","Not Applicable","Yes","348","300","September","January",25,0.4
"2020","Kuwait","The University of Stirling","All postgraduate","Full-time","2020/2021","Student Visa","348","300","Yes","Graduate Route for 2 years","Not Applicable","Yes","348","300","September","January",50,0.4
"2020","Kuwait","The University of Strathclyde","All postgraduate","Full-time","2020/2021","Student Visa","348","300","Yes","Graduate Route for 2 years","Not Applicable","Yes","348","300","September","January",125,0.4
"2020","Kuwait","The University of the West of Scotland","All postgraduate","Full-time","2020/2021","Student Visa","348","300","Yes","Graduate Route for 2 years","Not Applicable","Yes","348","300","September","January",0,0.4
"2020","Kuwait","University of the Highlands and Islands","All postgraduate","Full-time","2020/2021","Student Visa","348","300","Yes","Graduate Route for 2 years","Not Applicable","Yes","348","300","September","January",0,0.4
"2020","Libya","Abertay University","All postgraduate","Full-time","2020/2021","Student Visa","348","300","Yes","Graduate Route for 2 years","Not Applicable","Yes","348","300","September","January",0,1.75
"2020","Libya","Edinburgh Napier University","All postgraduate","Full-time","2020/2021","Student Visa","348","300","Yes","Graduate Route for 2 years","Not Applicable","Yes","348","300","September","January",0,1.75
"2020","Libya","Glasgow Caledonian University","All postgraduate","Full-time","2020/2021","Student Visa","348","300","Yes","Graduate Route for 2 years","Not Applicable","Yes","348","300","September","January",0,1.75
"2020","Libya","Glasgow School of Art","All postgraduate","Full-time","2020/2021","Student Visa","348","300","Yes","Graduate Route for 2 years","Not Applicable","Yes","348","300","September","January",0,1.75
"2020","Libya","Heriot-Watt University","All postgraduate","Full-time","2020/2021","Student Visa","348","300","Yes","Graduate Route for 2 years","Not Applicable","Yes","348","300","September","January",80,1.75
"2020","Libya","Queen Margaret University, Edinburgh","All postgraduate","Full-time","2020/2021","Student Visa","348","300","Yes","Graduate Route for 2 years","Not Applicable","Yes","348","300","September","January",0,1.75
"2020","Libya","Robert Gordon University","All postgraduate","Full-time","2020/2021","Student Visa","348","300","Yes","Graduate Route for 2 years","Not Applicable","Yes","348","300","September","January",0,1.75
"2020","Libya","Royal Conservatoire of Scotland","All postgraduate","Full-time","2020/2021","Student Visa","348","300","Yes","Graduate Route for 2 years","Not Applicable","Yes","348","300","September","January",0,1.75
"2020","Libya","The University of Aberdeen","All postgraduate","Full-time","2020/2021","Student Visa","348","300","Yes","Graduate Route for 2 years","Not Applicable","Yes","348","300","September","January",120,1.75
"2020","Libya","The University of Dundee","All postgraduate","Full-time","2020/2021","Student Visa","348","300","Yes","Graduate Route for 2 years","Not Applicable","Yes","348","300","September","January",80,1.75
"2020","Libya","The University of Edinburgh","All postgraduate","Full-time","2020/2021","Student Visa","348","300","Yes","Graduate Route for 2 years","Not Applicable","Yes","348","300","September","January",0,1.75
"2020","Libya","The University of Glasgow","All postgraduate","Full-time","2020/2021","Student Visa","348","300","Yes","Graduate Route for 2 years","Not Applicable","Yes","348","300","September","January",200,1.75
"2020","Libya","The University of St. Andrews","All postgraduate","Full-time","2020/2021","Student Visa","348","300","Yes","Graduate Route for 2 years","Not Applicable","Yes","348","300","September","January",0,1.75
"2020","Libya","The University of Stirling","All postgraduate","Full-time","2020/2021","Student Visa","348","300","Yes","Graduate Route for 2 years","Not Applicable","Yes","348","300","September","January",0,1.75
"2020","Libya","The University of Strathclyde","All postgraduate","Full-time","2020/2021","Student Visa","348","300","Yes","Graduate Route for 2 years","Not Applicable","Yes","348","300","September","January",200,1.75
"2020","Libya","The University of the West of Scotland","All postgraduate","Full-time","2020/2021","Student Visa","348","300","Yes","Graduate Route for 2 years","Not Applicable","Yes","348","300","September","January",0,1.75
"2020","Libya","University of the Highlands and Islands","All postgraduate","Full-time","2020/2021","Student Visa","348","300","Yes","Graduate Route for 2 years","Not Applicable","Yes","348","300","September","January",0,1.75
"2020","Nigeria","Abertay University","All postgraduate","Full-time","2020/2021","Student Visa","348","300","Yes","Graduate Route for 2 years","Not Applicable","Yes","348","300","September","January",0,467.16
"2020","Nigeria","Edinburgh Napier University","All postgraduate","Full-time","2020/2021","Student Visa","348","300","Yes","Graduate Route for 2 years","Not Applicable","Yes","348","300","September","January",0,467.16
"2020","Nigeria","Glasgow Caledonian University","All postgraduate","Full-time","2020/2021","Student Visa","348","300","Yes","Graduate Route for 2 years","Not Applicable","Yes","348","300","September","January",60,467.16
"2020","Nigeria","Glasgow School of Art","All postgraduate","Full-time","2020/2021","Student Visa","348","300","Yes","Graduate Route for 2 years","Not Applicable","Yes","348","300","September","January",0,467.16
"2020","Nigeria","Heriot-Watt University","All postgraduate","Full-time","2020/2021","Student Visa","348","300","Yes","Graduate Route for 2 years","Not Applicable","Yes","348","300","September","January",0,467.16
"2020","Nigeria","Queen Margaret University, Edinburgh","All postgraduate","Full-time","2020/2021","Student Visa","348","300","Yes","Graduate Route for 2 years","Not Applicable","Yes","348","300","September","January",0,467.16
"2020","Nigeria","Robert Gordon University","All postgraduate","Full-time","2020/2021","Student Visa","348","300","Yes","Graduate Route for 2 years","Not Applicable","Yes","348","300","September","January",0,467.16
"2020","Nigeria","Royal Conservatoire of Scotland","All postgraduate","Full-time","2020/2021","Student Visa","348","300","Yes","Graduate Route for 2 years","Not Applicable","Yes","348","300","September","January",0,467.16
"2020","Nigeria","The University of Aberdeen","All postgraduate","Full-time","2020/2021","Student Visa","348","300","Yes","Graduate Route for 2 years","Not Applicable","Yes","348","300","September","January",0,467.16
"2020","Nigeria","The University of Dundee","All postgraduate","Full-time","2020/2021","Student Visa","348","300","Yes","Graduate Route for 2 years","Not Applicable","Yes","348","300","September","January",60,467.16
"2020","Nigeria","The University of Edinburgh","All postgraduate","Full-time","2020/2021","Student Visa","348","300","Yes","Graduate Route for 2 years","Not Applicable","Yes","348","300","September","January",0,467.16
"2020","Nigeria","The University of Glasgow","All postgraduate","Full-time","2020/2021","Student Visa","348","300","Yes","Graduate Route for 2 years","Not Applicable","Yes","348","300","September","January",0,467.16
"2020","Nigeria","The University of St. Andrews","All postgraduate","Full-time","2020/2021","Student Visa","348","300","Yes","Graduate Route for 2 years","Not Applicable","Yes","348","300","September","January",0,467.16
"2020","Nigeria","The University of Stirling","All postgraduate","Full-time","2020/2021","Student Visa","348","300","Yes","Graduate Route for 2 years","Not Applicable","Yes","348","300","September","January",0,467.16
"2020","Nigeria","The University of Strathclyde","All postgraduate","Full-time","2020/2021","Student Visa","348","300","Yes","Graduate Route for 2 years","Not Applicable","Yes","348","300","September","January",0,467.16
"2020","Nigeria","The University of the West of Scotland","All postgraduate","Full-time","2020/2021","Student Visa","348","300","Yes","Graduate Route for 2 years","Not Applicable","Yes","348","300","September","January",0,467.16
"2020","Nigeria","University of the Highlands and Islands","All postgraduate","Full-time","2020/2021","Student Visa","348","300","Yes","Graduate Route for 2 years","Not Applicable","Yes","348","300","September","January",0,467.16
"2020","Oman","Abertay University","All postgraduate","Full-time","2020/2021","Student Visa","348","300","Yes","Graduate Route for 2 years","Not Applicable","Yes","348","300","September","January",0,0.5
"2020","Oman","Edinburgh Napier University","All postgraduate","Full-time","2020/2021","Student Visa","348","300","Yes","Graduate Route for 2 years","Not Applicable","Yes","348","300","September","January",0,0.5
"2020","Oman","Glasgow Caledonian University","All postgraduate","Full-time","2020/2021","Student Visa","348","300","Yes","Graduate Route for 2 years","Not Applicable","Yes","348","300","September","January",30,0.5
"2020","Oman","Glasgow School of Art","All postgraduate","Full-time","2020/2021","Student Visa","348","300","Yes","Graduate Route for 2 years","Not Applicable","Yes","348","300","September","January",0,0.5
"2020","Oman","Heriot-Watt University","All postgraduate","Full-time","2020/2021","Student Visa","348","300","Yes","Graduate Route for 2 years","Not Applicable","Yes","348","300","September","January",120,0.5
"2020","Oman","Queen Margaret University, Edinburgh","All postgraduate","Full-time","2020/2021","Student Visa","348","300","Yes","Graduate Route for 2 years","Not Applicable","Yes","348","300","September","January",0,0.5
"2020","Oman","Robert Gordon University","All postgraduate","Full-time","2020/2021","Student Visa","348","300","Yes","Graduate Route for 2 years","Not Applicable","Yes","348","300","September","January",30,0.5
"2020","Oman","Royal Conservatoire of Scotland","All postgraduate","Full-time","2020/2021","Student Visa","348","300","Yes","Graduate Route for 2 years","Not Applicable","Yes","348","300","September","January",0,0.5
"2020","Oman","The University of Aberdeen","All postgraduate","Full-time","2020/2021","Student Visa","348","300","Yes","Graduate Route for 2 years","Not Applicable","Yes","348","300","September","January",30,0.5
"2020","Oman","The University of Dundee","All postgraduate","Full-time","2020/2021","Student Visa","348","300","Yes","Graduate Route for 2 years","Not Applicable","Yes","348","300","September","January",30,0.5
"2020","Oman","The University of Edinburgh","All postgraduate","Full-time","2020/2021","Student Visa","348","300","Yes","Graduate Route for 2 years","Not Applicable","Yes","348","300","September","January",60,0.5
"2020","Oman","The University of Glasgow","All postgraduate","Full-time","2020/2021","Student Visa","348","300","Yes","Graduate Route for 2 years","Not Applicable","Yes","348","300","September","January",90,0.5
"2020","Oman","The University of St. Andrews","All postgraduate","Full-time","2020/2021","Student Visa","348","300","Yes","Graduate Route for 2 years","Not Applicable","Yes","348","300","September","January",0,0.5
"2020","Oman","The University of Stirling","All postgraduate","Full-time","2020/2021","Student Visa","348","300","Yes","Graduate Route for 2 years","Not Applicable","Yes","348","300","September","January",0,0.5
"2020","Oman","The University of Strathclyde","All postgraduate","Full-time","2020/2021","Student Visa","348","300","Yes","Graduate Route for 2 years","Not Applicable","Yes","348","300","September","January",90,0.5
"2020","Oman","The University of the West of Scotland","All postgraduate","Full-time","2020/2021","Student Visa","348","300","Yes","Graduate Route for 2 years","Not Applicable","Yes","348","300","September","January",0,0.5
"2020","Oman","University of the Highlands and Islands","All postgraduate","Full-time","2020/2021","Student Visa","348","300","Yes","Graduate Route for 2 years","Not Applicable","Yes","348","300","September","January",0,0.5
"2020","Pakistan","Abertay University","All postgraduate","Full-time","2020/2021","Student Visa","348","300","Yes","Graduate Route for 2 years","Not Applicable","Yes","348","300","September","January",0,208.67
"2020","Pakistan","Edinburgh Napier University","All postgraduate","Full-time","2020/2021","Student Visa","348","300","Yes","Graduate Route for 2 years","Not Applicable","Yes","348","300","September","January",2220,208.67
"2020","Pakistan","Glasgow Caledonian University","All postgraduate","Full-time","2020/2021","Student Visa","348","300","Yes","Graduate Route for 2 years","Not Applicable","Yes","348","300","September","January",2100,208.67
"2020","Pakistan","Glasgow School of Art","All postgraduate","Full-time","2020/2021","Student Visa","348","300","Yes","Graduate Route for 2 years","Not Applicable","Yes","348","300","September","January",0,208.67
"2020","Pakistan","Heriot-Watt University","All postgraduate","Full-time","2020/2021","Student Visa","348","300","Yes","Graduate Route for 2 years","Not Applicable","Yes","348","300","September","January",780,208.67
"2020","Pakistan","Queen Margaret University, Edinburgh","All postgraduate","Full-time","2020/2021","Student Visa","348","300","Yes","Graduate Route for 2 years","Not Applicable","Yes","348","300","September","January",60,208.67
"2020","Pakistan","Robert Gordon University","All postgraduate","Full-time","2020/2021","Student Visa","348","300","Yes","Graduate Route for 2 years","Not Applicable","Yes","348","300","September","January",180,208.67
"2020","Pakistan","Royal Conservatoire of Scotland","All postgraduate","Full-time","2020/2021","Student Visa","348","300","Yes","Graduate Route for 2 years","Not Applicable","Yes","348","300","September","January",0,208.67
"2020","Pakistan","The University of Aberdeen","All postgraduate","Full-time","2020/2021","Student Visa","348","300","Yes","Graduate Route for 2 years","Not Applicable","Yes","348","300","September","January",240,208.67
"2020","Pakistan","The University of Dundee","All postgraduate","Full-time","2020/2021","Student Visa","348","300","Yes","Graduate Route for 2 years","Not Applicable","Yes","348","300","September","January",420,208.67
"2020","Pakistan","The University of Edinburgh","All postgraduate","Full-time","2020/2021","Student Visa","348","300","Yes","Graduate Route for 2 years","Not Applicable","Yes","348","300","September","January",720,208.67
"2020","Pakistan","The University of Glasgow","All postgraduate","Full-time","2020/2021","Student Visa","348","300","Yes","Graduate Route for 2 years","Not Applicable","Yes","348","300","September","January",900,208.67
"2020","Pakistan","The University of St. Andrews","All postgraduate","Full-time","2020/2021","Student Visa","348","300","Yes","Graduate Route for 2 years","Not Applicable","Yes","348","300","September","January",60,208.67
"2020","Pakistan","The University of Stirling","All postgraduate","Full-time","2020/2021","Student Visa","348","300","Yes","Graduate Route for 2 years","Not Applicable","Yes","348","300","September","January",660,208.67
"2020","Pakistan","The University of Strathclyde","All postgraduate","Full-time","2020/2021","Student Visa","348","300","Yes","Graduate Route for 2 years","Not Applicable","Yes","348","300","September","January",600,208.67
"2020","Pakistan","The University of the West of Scotland","All postgraduate","Full-time","2020/2021","Student Visa","348","300","Yes","Graduate Route for 2 years","Not Applicable","Yes","348","300","September","January",3420,208.67
"2020","Pakistan","University of the Highlands and Islands","All postgraduate","Full-time","2020/2021","Student Visa","348","300","Yes","Graduate Route for 2 years","Not Applicable","Yes","348","300","September","January",0,208.67
"2020","Tanzania","Abertay University","All postgraduate","Full-time","2020/2021","Student Visa","348","300","Yes","Graduate Route for 2 years","Not Applicable","Yes","348","300","September","January",0,2986.59
"2020","Tanzania","Edinburgh Napier University","All postgraduate","Full-time","2020/2021","Student Visa","348","300","Yes","Graduate Route for 2 years","Not Applicable","Yes","348","300","September","January",0,2986.59
"2020","Tanzania","Glasgow Caledonian University","All postgraduate","Full-time","2020/2021","Student Visa","348","300","Yes","Graduate Route for 2 years","Not Applicable","Yes","348","300","September","January",0,2986.59
"2020","Tanzania","Glasgow School of Art","All postgraduate","Full-time","2020/2021","Student Visa","348","300","Yes","Graduate Route for 2 years","Not Applicable","Yes","348","300","September","January",0,2986.59
"2020","Tanzania","Heriot-Watt University","All postgraduate","Full-time","2020/2021","Student Visa","348","300","Yes","Graduate Route for 2 years","Not Applicable","Yes","348","300","September","January",0,2986.59
"2020","Tanzania","Queen Margaret University, Edinburgh","All postgraduate","Full-time","2020/2021","Student Visa","348","300","Yes","Graduate Route for 2 years","Not Applicable","Yes","348","300","September","January",0,2986.59
"2020","Tanzania","Robert Gordon University","All postgraduate","Full-time","2020/2021","Student Visa","348","300","Yes","Graduate Route for 2 years","Not Applicable","Yes","348","300","September","January",0,2986.59
"2020","Tanzania","Royal Conservatoire of Scotland","All postgraduate","Full-time","2020/2021","Student Visa","348","300","Yes","Graduate Route for 2 years","Not Applicable","Yes","348","300","September","January",0,2986.59
"2020","Tanzania","The University of Aberdeen","All postgraduate","Full-time","2020/2021","Student Visa","348","300","Yes","Graduate Route for 2 years","Not Applicable","Yes","348","300","September","January",0,2986.59
"2020","Tanzania","The University of Dundee","All postgraduate","Full-time","2020/2021","Student Visa","348","300","Yes","Graduate Route for 2 years","Not Applicable","Yes","348","300","September","January",0,2986.59
"2020","Tanzania","The University of Edinburgh","All postgraduate","Full-time","2020/2021","Student Visa","348","300","Yes","Graduate Route for 2 years","Not Applicable","Yes","348","300","September","January",0,2986.59
"2020","Tanzania","The University of Glasgow","All postgraduate","Full-time","2020/2021","Student Visa","348","300","Yes","Graduate Route for 2 years","Not Applicable","Yes","348","300","September","January",0,2986.59
"2020","Tanzania","The University of St. Andrews","All postgraduate","Full-time","2020/2021","Student Visa","348","300","Yes","Graduate Route for 2 years","Not Applicable","Yes","348","300","September","January",0,2986.59
"2020","Tanzania","The University of Stirling","All postgraduate","Full-time","2020/2021","Student Visa","348","300","Yes","Graduate Route for 2 years","Not Applicable","Yes","348","300","September","January",0,2986.59
"2020","Tanzania","The University of Strathclyde","All postgraduate","Full-time","2020/2021","Student Visa","348","300","Yes","Graduate Route for 2 years","Not Applicable","Yes","348","300","September","January",0,2986.59
"2020","Tanzania","The University of the West of Scotland","All postgraduate","Full-time","2020/2021","Student Visa","348","300","Yes","Graduate Route for 2 years","Not Applicable","Yes","348","300","September","January",0,2986.59
"2020","Tanzania","University of the Highlands and Islands","All postgraduate","Full-time","2020/2021","Student Visa","348","300","Yes","Graduate Route for 2 years","Not Applicable","Yes","348","300","September","January",0,2986.59
"2020","Thailand","Abertay University","All postgraduate","Full-time","2020/2021","Student Visa","348","300","Yes","Graduate Route for 2 years","Not Applicable","Yes","348","300","September","January",0,40.47
"2020","Thailand","Edinburgh Napier University","All postgraduate","Full-time","2020/2021","Student Visa","348","300","Yes","Graduate Route for 2 years","Not Applicable","Yes","348","300","September","January",60,40.47
"2020","Thailand","Glasgow Caledonian University","All postgraduate","Full-time","2020/2021","Student Visa","348","300","Yes","Graduate Route for 2 years","Not Applicable","Yes","348","300","September","January",60,40.47
"2020","Thailand","Glasgow School of Art","All postgraduate","Full-time","2020/2021","Student Visa","348","300","Yes","Graduate Route for 2 years","Not Applicable","Yes","348","300","September","January",0,40.47
"2020","Thailand","Heriot-Watt University","All postgraduate","Full-time","2020/2021","Student Visa","348","300","Yes","Graduate Route for 2 years","Not Applicable","Yes","348","300","September","January",120,40.47
"2020","Thailand","Queen Margaret University, Edinburgh","All postgraduate","Full-time","2020/2021","Student Visa","348","300","Yes","Graduate Route for 2 years","Not Applicable","Yes","348","300","September","January",0,40.47
"2020","Thailand","Robert Gordon University","All postgraduate","Full-time","2020/2021","Student Visa","348","300","Yes","Graduate Route for 2 years","Not Applicable","Yes","348","300","September","January",0,40.47
"2020","Thailand","Royal Conservatoire of Scotland","All postgraduate","Full-time","2020/2021","Student Visa","348","300","Yes","Graduate Route for 2 years","Not Applicable","Yes","348","300","September","January",0,40.47
"2020","Thailand","The University of Aberdeen","All postgraduate","Full-time","2020/2021","Student Visa","348","300","Yes","Graduate Route for 2 years","Not Applicable","Yes","348","300","September","January",420,40.47
"2020","Thailand","The University of Dundee","All postgraduate","Full-time","2020/2021","Student Visa","348","300","Yes","Graduate Route for 2 years","Not Applicable","Yes","348","300","September","January",300,40.47
"2020","Thailand","The University of Edinburgh","All postgraduate","Full-time","2020/2021","Student Visa","348","300","Yes","Graduate Route for 2 years","Not Applicable","Yes","348","300","September","January",420,40.47
"2020","Thailand","The University of Glasgow","All postgraduate","Full-time","2020/2021","Student Visa","348","300","Yes","Graduate Route for 2 years","Not Applicable","Yes","348","300","September","January",780,40.47
"2020","Thailand","The University of St. Andrews","All postgraduate","Full-time","2020/2021","Student Visa","348","300","Yes","Graduate Route for 2 years","Not Applicable","Yes","348","300","September","January",60,40.47
"2020","Thailand","The University of Stirling","All postgraduate","Full-time","2020/2021","Student Visa","348","300","Yes","Graduate Route for 2 years","Not Applicable","Yes","348","300","September","January",180,40.47
"2020","Thailand","The University of Strathclyde","All postgraduate","Full-time","2020/2021","Student Visa","348","300","Yes","Graduate Route for 2 years","Not Applicable","Yes","348","300","September","January",960,40.47
"2020","Thailand","The University of the West of Scotland","All postgraduate","Full-time","2020/2021","Student Visa","348","300","Yes","Graduate Route for 2 years","Not Applicable","Yes","348","300","September","January",60,40.47
"2020","Thailand","University of the Highlands and Islands","All postgraduate","Full-time","2020/2021","Student Visa","348","300","Yes","Graduate Route for 2 years","Not Applicable","Yes","348","300","September","January",0,40.47
"2020","Turkey","Abertay University","All postgraduate","Full-time","2020/2021","Student Visa","348","300","Yes","Graduate Route for 2 years","Not Applicable","Yes","348","300","September","January",0,9.18
"2020","Turkey","Edinburgh Napier University","All postgraduate","Full-time","2020/2021","Student Visa","348","300","Yes","Graduate Route for 2 years","Not Applicable","Yes","348","300","September","January",0,9.18
"2020","Turkey","Glasgow Caledonian University","All postgraduate","Full-time","2020/2021","Student Visa","348","300","Yes","Graduate Route for 2 years","Not Applicable","Yes","348","300","September","January",60,9.18
"2020","Turkey","Glasgow School of Art","All postgraduate","Full-time","2020/2021","Student Visa","348","300","Yes","Graduate Route for 2 years","Not Applicable","Yes","348","300","September","January",0,9.18
"2020","Turkey","Heriot-Watt University","All postgraduate","Full-time","2020/2021","Student Visa","348","300","Yes","Graduate Route for 2 years","Not Applicable","Yes","348","300","September","January",120,9.18
"2020","Turkey","Queen Margaret University, Edinburgh","All postgraduate","Full-time","2020/2021","Student Visa","348","300","Yes","Graduate Route for 2 years","Not Applicable","Yes","348","300","September","January",0,9.18
"2020","Turkey","Robert Gordon University","All postgraduate","Full-time","2020/2021","Student Visa","348","300","Yes","Graduate Route for 2 years","Not Applicable","Yes","348","300","September","January",0,9.18
"2020","Turkey","Royal Conservatoire of Scotland","All postgraduate","Full-time","2020/2021","Student Visa","348","300","Yes","Graduate Route for 2 years","Not Applicable","Yes","348","300","September","January",0,9.18
"2020","Turkey","The University of Aberdeen","All postgraduate","Full-time","2020/2021","Student Visa","348","300","Yes","Graduate Route for 2 years","Not Applicable","Yes","348","300","September","January",180,9.18
"2020","Turkey","The University of Dundee","All postgraduate","Full-time","2020/2021","Student Visa","348","300","Yes","Graduate Route for 2 years","Not Applicable","Yes","348","300","September","January",60,9.18
"2020","Turkey","The University of Edinburgh","All postgraduate","Full-time","2020/2021","Student Visa","348","300","Yes","Graduate Route for 2 years","Not Applicable","Yes","348","300","September","January",900,9.18
"2020","Turkey","The University of Glasgow","All postgraduate","Full-time","2020/2021","Student Visa","348","300","Yes","Graduate Route for 2 years","Not Applicable","Yes","348","300","September","January",420,9.18
"2020","Turkey","The University of St. Andrews","All postgraduate","Full-time","2020/2021","Student Visa","348","300","Yes","Graduate Route for 2 years","Not Applicable","Yes","348","300","September","January",60,9.18
"2020","Turkey","The University of Stirling","All postgraduate","Full-time","2020/2021","Student Visa","348","300","Yes","Graduate Route for 2 years","Not Applicable","Yes","348","300","September","January",240,9.18
"2020","Turkey","The University of Strathclyde","All postgraduate","Full-time","2020/2021","Student Visa","348","300","Yes","Graduate Route for 2 years","Not Applicable","Yes","348","300","September","January",300,9.18
"2020","Turkey","The University of the West of Scotland","All postgraduate","Full-time","2020/2021","Student Visa","348","300","Yes","Graduate Route for 2 years","Not Applicable","Yes","348","300","September","January",60,9.18
"2020","Turkey","University of the Highlands and Islands","All postgraduate","Full-time","2020/2021","Student Visa","348","300","Yes","Graduate Route for 2 years","Not Applicable","Yes","348","300","September","January",0,9.18
"2020","Uganda","Abertay University","All postgraduate","Full-time","2020/2021","Student Visa","348","300","Yes","Graduate Route for 2 years","Not Applicable","Yes","348","300","September","January",0,4802.14
"2020","Uganda","Edinburgh Napier University","All postgraduate","Full-time","2020/2021","Student Visa","348","300","Yes","Graduate Route for 2 years","Not Applicable","Yes","348","300","September","January",0,4802.14
"2020","Uganda","Glasgow Caledonian University","All postgraduate","Full-time","2020/2021","Student Visa","348","300","Yes","Graduate Route for 2 years","Not Applicable","Yes","348","300","September","January",0,4802.14
"2020","Uganda","Glasgow School of Art","All postgraduate","Full-time","2020/2021","Student Visa","348","300","Yes","Graduate Route for 2 years","Not Applicable","Yes","348","300","September","January",0,4802.14
"2020","Uganda","Heriot-Watt University","All postgraduate","Full-time","2020/2021","Student Visa","348","300","Yes","Graduate Route for 2 years","Not Applicable","Yes","348","300","September","January",0,4802.14
"2020","Uganda","Queen Margaret University, Edinburgh","All postgraduate","Full-time","2020/2021","Student Visa","348","300","Yes","Graduate Route for 2 years","Not Applicable","Yes","348","300","September","January",0,4802.14
"2020","Uganda","Robert Gordon University","All postgraduate","Full-time","2020/2021","Student Visa","348","300","Yes","Graduate Route for 2 years","Not Applicable","Yes","348","300","September","January",0,4802.14
"2020","Uganda","Royal Conservatoire of Scotland","All postgraduate","Full-time","2020/2021","Student Visa","348","300","Yes","Graduate Route for 2 years","Not Applicable","Yes","348","300","September","January",0,4802.14
"2020","Uganda","The University of Aberdeen","All postgraduate","Full-time","2020/2021","Student Visa","348","300","Yes","Graduate Route for 2 years","Not Applicable","Yes","348","300","September","January",0,4802.14
"2020","Uganda","The University of Dundee","All postgraduate","Full-time","2020/2021","Student Visa","348","300","Yes","Graduate Route for 2 years","Not Applicable","Yes","348","300","September","January",0,4802.14
"2020","Uganda","The University of Edinburgh","All postgraduate","Full-time","2020/2021","Student Visa","348","300","Yes","Graduate Route for 2 years","Not Applicable","Yes","348","300","September","January",0,4802.14
"2020","Uganda","The University of Glasgow","All postgraduate","Full-time","2020/2021","Student Visa","348","300","Yes","Graduate Route for 2 years","Not Applicable","Yes","348","300","September","January",0,4802.14
"2020","Uganda","The University of St. Andrews","All postgraduate","Full-time","2020/2021","Student Visa","348","300","Yes","Graduate Route for 2 years","Not Applicable","Yes","348","300","September","January",0,4802.14
"2020","Uganda","The University of Stirling","All postgraduate","Full-time","2020/2021","Student Visa","348","300","Yes","Graduate Route for 2 years","Not Applicable","Yes","348","300","September","January",0,4802.14
"2020","Uganda","The University of Strathclyde","All postgraduate","Full-time","2020/2021","Student Visa","348","300","Yes","Graduate Route for 2 years","Not Applicable","Yes","348","300","September","January",0,4802.14
"2020","Uganda","The University of the West of Scotland","All postgraduate","Full-time","2020/2021","Student Visa","348","300","Yes","Graduate Route for 2 years","Not Applicable","Yes","348","300","September","January",0,4802.14
"2020","Uganda","University of the Highlands and Islands","All postgraduate","Full-time","2020/2021","Student Visa","348","300","Yes","Graduate Route for 2 years","Not Applicable","Yes","348","300","September","January",0,4802.14
"2021","China","Abertay University","All postgraduate","Full-time","2021/2022","Student Visa","348","470","Yes","Graduate Route for 2 years","Not Applicable","Yes","348","470","September","January",300,8.85
"2021","China","Edinburgh Napier University","All postgraduate","Full-time","2021/2022","Student Visa","348","470","Yes","Graduate Route for 2 years","Not Applicable","Yes","348","470","September","January",300,8.85
"2021","China","Glasgow Caledonian University","All postgraduate","Full-time","2021/2022","Student Visa","348","470","Yes","Graduate Route for 2 years","Not Applicable","Yes","348","470","September","January",120,8.85
"2021","China","Glasgow School of Art","All postgraduate","Full-time","2021/2022","Student Visa","348","470","Yes","Graduate Route for 2 years","Not Applicable","Yes","348","470","September","January",3360,8.85
"2021","China","Heriot-Watt University","All postgraduate","Full-time","2021/2022","Student Visa","348","470","Yes","Graduate Route for 2 years","Not Applicable","Yes","348","470","September","January",2580,8.85
"2021","China","Queen Margaret University, Edinburgh","All postgraduate","Full-time","2021/2022","Student Visa","348","470","Yes","Graduate Route for 2 years","Not Applicable","Yes","348","470","September","January",60,8.85
"2021","China","Robert Gordon University","All postgraduate","Full-time","2021/2022","Student Visa","348","470","Yes","Graduate Route for 2 years","Not Applicable","Yes","348","470","September","January",120,8.85
"2021","China","Royal Conservatoire of Scotland","All postgraduate","Full-time","2021/2022","Student Visa","348","470","Yes","Graduate Route for 2 years","Not Applicable","Yes","348","470","September","January",420,8.85
"2021","China","The University of Aberdeen","All postgraduate","Full-time","2021/2022","Student Visa","348","470","Yes","Graduate Route for 2 years","Not Applicable","Yes","348","470","September","January",6840,8.85
"2021","China","The University of Dundee","All postgraduate","Full-time","2021/2022","Student Visa","348","470","Yes","Graduate Route for 2 years","Not Applicable","Yes","348","470","September","January",4440,8.85
"2021","China","The University of Edinburgh","All postgraduate","Full-time","2021/2022","Student Visa","348","470","Yes","Graduate Route for 2 years","Not Applicable","Yes","348","470","September","January",52080,8.85
"2021","China","The University of Glasgow","All postgraduate","Full-time","2021/2022","Student Visa","348","470","Yes","Graduate Route for 2 years","Not Applicable","Yes","348","470","September","January",97140,8.85
"2021","China","The University of St. Andrews","All postgraduate","Full-time","2021/2022","Student Visa","348","470","Yes","Graduate Route for 2 years","Not Applicable","Yes","348","470","September","January",3540,8.85
"2021","China","The University of Stirling","All postgraduate","Full-time","2021/2022","Student Visa","348","470","Yes","Graduate Route for 2 years","Not Applicable","Yes","348","470","September","January",3540,8.85
"2021","China","The University of Strathclyde","All postgraduate","Full-time","2021/2022","Student Visa","348","470","Yes","Graduate Route for 2 years","Not Applicable","Yes","348","470","September","January",5580,8.85
"2021","China","The University of the West of Scotland","All postgraduate","Full-time","2021/2022","Student Visa","348","470","Yes","Graduate Route for 2 years","Not Applicable","Yes","348","470","September","January",360,8.85
"2021","China","University of the Highlands and Islands","All postgraduate","Full-time","2021/2022","Student Visa","348","470","Yes","Graduate Route for 2 years","Not Applicable","Yes","348","470","September","January",0,8.85
"2021","Gambia","Abertay University","All postgraduate","Full-time","2021/2022","Student Visa","348","470","Yes","Graduate Route for 2 years","Not Applicable","Yes","348","470","September","January",0,71.68
"2021","Gambia","Edinburgh Napier University","All postgraduate","Full-time","2021/2022","Student Visa","348","470","Yes","Graduate Route for 2 years","Not Applicable","Yes","348","470","September","January",0,71.68
"2021","Gambia","Glasgow Caledonian University","All postgraduate","Full-time","2021/2022","Student Visa","348","470","Yes","Graduate Route for 2 years","Not Applicable","Yes","348","470","September","January",0,71.68
"2021","Gambia","Glasgow School of Art","All postgraduate","Full-time","2021/2022","Student Visa","348","470","Yes","Graduate Route for 2 years","Not Applicable","Yes","348","470","September","January",0,71.68
"2021","Gambia","Heriot-Watt University","All postgraduate","Full-time","2021/2022","Student Visa","348","470","Yes","Graduate Route for 2 years","Not Applicable","Yes","348","470","September","January",0,71.68
"2021","Gambia","Queen Margaret University, Edinburgh","All postgraduate","Full-time","2021/2022","Student Visa","348","470","Yes","Graduate Route for 2 years","Not Applicable","Yes","348","470","September","January",0,71.68
"2021","Gambia","Robert Gordon University","All postgraduate","Full-time","2021/2022","Student Visa","348","470","Yes","Graduate Route for 2 years","Not Applicable","Yes","348","470","September","January",0,71.68
"2021","Gambia","Royal Conservatoire of Scotland","All postgraduate","Full-time","2021/2022","Student Visa","348","470","Yes","Graduate Route for 2 years","Not Applicable","Yes","348","470","September","January",0,71.68
"2021","Gambia","The University of Aberdeen","All postgraduate","Full-time","2021/2022","Student Visa","348","470","Yes","Graduate Route for 2 years","Not Applicable","Yes","348","470","September","January",0,71.68
"2021","Gambia","The University of Dundee","All postgraduate","Full-time","2021/2022","Student Visa","348","470","Yes","Graduate Route for 2 years","Not Applicable","Yes","348","470","September","January",0,71.68
"2021","Gambia","The University of Edinburgh","All postgraduate","Full-time","2021/2022","Student Visa","348","470","Yes","Graduate Route for 2 years","Not Applicable","Yes","348","470","September","January",0,71.68
"2021","Gambia","The University of Glasgow","All postgraduate","Full-time","2021/2022","Student Visa","348","470","Yes","Graduate Route for 2 years","Not Applicable","Yes","348","470","September","January",0,71.68
"2021","Gambia","The University of St. Andrews","All postgraduate","Full-time","2021/2022","Student Visa","348","470","Yes","Graduate Route for 2 years","Not Applicable","Yes","348","470","September","January",0,71.68
"2021","Gambia","The University of Stirling","All postgraduate","Full-time","2021/2022","Student Visa","348","470","Yes","Graduate Route for 2 years","Not Applicable","Yes","348","470","September","January",0,71.68
"2021","Gambia","The University of Strathclyde","All postgraduate","Full-time","2021/2022","Student Visa","348","470","Yes","Graduate Route for 2 years","Not Applicable","Yes","348","470","September","January",0,71.68
"2021","Gambia","The University of the West of Scotland","All postgraduate","Full-time","2021/2022","Student Visa","348","470","Yes","Graduate Route for 2 years","Not Applicable","Yes","348","470","September","January",0,71.68
"2021","Gambia","University of the Highlands and Islands","All postgraduate","Full-time","2021/2022","Student Visa","348","470","Yes","Graduate Route for 2 years","Not Applicable","Yes","348","470","September","January",0,71.68
"2021","Ghana","Abertay University","All postgraduate","Full-time","2021/2022","Student Visa","348","470","Yes","Graduate Route for 2 years","Not Applicable","Yes","348","470","September","January",0,8.09
"2021","Ghana","Edinburgh Napier University","All postgraduate","Full-time","2021/2022","Student Visa","348","470","Yes","Graduate Route for 2 years","Not Applicable","Yes","348","470","September","January",135,8.09
"2021","Ghana","Glasgow Caledonian University","All postgraduate","Full-time","2021/2022","Student Visa","348","470","Yes","Graduate Route for 2 years","Not Applicable","Yes","348","470","September","January",225,8.09
"2021","Ghana","Glasgow School of Art","All postgraduate","Full-time","2021/2022","Student Visa","348","470","Yes","Graduate Route for 2 years","Not Applicable","Yes","348","470","September","January",0,8.09
"2021","Ghana","Heriot-Watt University","All postgraduate","Full-time","2021/2022","Student Visa","348","470","Yes","Graduate Route for 2 years","Not Applicable","Yes","348","470","September","January",180,8.09
"2021","Ghana","Queen Margaret University, Edinburgh","All postgraduate","Full-time","2021/2022","Student Visa","348","470","Yes","Graduate Route for 2 years","Not Applicable","Yes","348","470","September","January",45,8.09
"2021","Ghana","Robert Gordon University","All postgraduate","Full-time","2021/2022","Student Visa","348","470","Yes","Graduate Route for 2 years","Not Applicable","Yes","348","470","September","January",495,8.09
"2021","Ghana","Royal Conservatoire of Scotland","All postgraduate","Full-time","2021/2022","Student Visa","348","470","Yes","Graduate Route for 2 years","Not Applicable","Yes","348","470","September","January",0,8.09
"2021","Ghana","The University of Aberdeen","All postgraduate","Full-time","2021/2022","Student Visa","348","470","Yes","Graduate Route for 2 years","Not Applicable","Yes","348","470","September","January",2385,8.09
"2021","Ghana","The University of Dundee","All postgraduate","Full-time","2021/2022","Student Visa","348","470","Yes","Graduate Route for 2 years","Not Applicable","Yes","348","470","September","January",720,8.09
"2021","Ghana","The University of Edinburgh","All postgraduate","Full-time","2021/2022","Student Visa","348","470","Yes","Graduate Route for 2 years","Not Applicable","Yes","348","470","September","January",90,8.09
"2021","Ghana","The University of Glasgow","All postgraduate","Full-time","2021/2022","Student Visa","348","470","Yes","Graduate Route for 2 years","Not Applicable","Yes","348","470","September","January",270,8.09
"2021","Ghana","The University of St. Andrews","All postgraduate","Full-time","2021/2022","Student Visa","348","470","Yes","Graduate Route for 2 years","Not Applicable","Yes","348","470","September","January",45,8.09
"2021","Ghana","The University of Stirling","All postgraduate","Full-time","2021/2022","Student Visa","348","470","Yes","Graduate Route for 2 years","Not Applicable","Yes","348","470","September","January",450,8.09
"2021","Ghana","The University of Strathclyde","All postgraduate","Full-time","2021/2022","Student Visa","348","470","Yes","Graduate Route for 2 years","Not Applicable","Yes","348","470","September","January",225,8.09
"2021","Ghana","The University of the West of Scotland","All postgraduate","Full-time","2021/2022","Student Visa","348","470","Yes","Graduate Route for 2 years","Not Applicable","Yes","348","470","September","January",1305,8.09
"2021","Ghana","University of the Highlands and Islands","All postgraduate","Full-time","2021/2022","Student Visa","348","470","Yes","Graduate Route for 2 years","Not Applicable","Yes","348","470","September","January",0,8.09
"2021","India","Abertay University","All postgraduate","Full-time","2021/2022","Student Visa","348","470","Yes","Graduate Route for 2 years","Not Applicable","Yes","348","470","September","January",385,101.69
"2021","India","Edinburgh Napier University","All postgraduate","Full-time","2021/2022","Student Visa","348","470","Yes","Graduate Route for 2 years","Not Applicable","Yes","348","470","September","January",9350,101.69
"2021","India","Glasgow Caledonian University","All postgraduate","Full-time","2021/2022","Student Visa","348","470","Yes","Graduate Route for 2 years","Not Applicable","Yes","348","470","September","January",9240,101.69
"2021","India","Glasgow School of Art","All postgraduate","Full-time","2021/2022","Student Visa","348","470","Yes","Graduate Route for 2 years","Not Applicable","Yes","348","470","September","January",330,101.69
"2021","India","Heriot-Watt University","All postgraduate","Full-time","2021/2022","Student Visa","348","470","Yes","Graduate Route for 2 years","Not Applicable","Yes","348","470","September","January",11605,101.69
"2021","India","Queen Margaret University, Edinburgh","All postgraduate","Full-time","2021/2022","Student Visa","348","470","Yes","Graduate Route for 2 years","Not Applicable","Yes","348","470","September","January",275,101.69
"2021","India","Robert Gordon University","All postgraduate","Full-time","2021/2022","Student Visa","348","470","Yes","Graduate Route for 2 years","Not Applicable","Yes","348","470","September","January",2255,101.69
"2021","India","Royal Conservatoire of Scotland","All postgraduate","Full-time","2021/2022","Student Visa","348","470","Yes","Graduate Route for 2 years","Not Applicable","Yes","348","470","September","January",55,101.69
"2021","India","The University of Aberdeen","All postgraduate","Full-time","2021/2022","Student Visa","348","470","Yes","Graduate Route for 2 years","Not Applicable","Yes","348","470","September","January",4180,101.69
"2021","India","The University of Dundee","All postgraduate","Full-time","2021/2022","Student Visa","348","470","Yes","Graduate Route for 2 years","Not Applicable","Yes","348","470","September","January",5445,101.69
"2021","India","The University of Edinburgh","All postgraduate","Full-time","2021/2022","Student Visa","348","470","Yes","Graduate Route for 2 years","Not Applicable","Yes","348","470","September","January",5115,101.69
"2021","India","The University of Glasgow","All postgraduate","Full-time","2021/2022","Student Visa","348","470","Yes","Graduate Route for 2 years","Not Applicable","Yes","348","470","September","January",9185,101.69
"2021","India","The University of St. Andrews","All postgraduate","Full-time","2021/2022","Student Visa","348","470","Yes","Graduate Route for 2 years","Not Applicable","Yes","348","470","September","January",770,101.69
"2021","India","The University of Stirling","All postgraduate","Full-time","2021/2022","Student Visa","348","470","Yes","Graduate Route for 2 years","Not Applicable","Yes","348","470","September","January",7865,101.69
"2021","India","The University of Strathclyde","All postgraduate","Full-time","2021/2022","Student Visa","348","470","Yes","Graduate Route for 2 years","Not Applicable","Yes","348","470","September","January",12430,101.69
"2021","India","The University of the West of Scotland","All postgraduate","Full-time","2021/2022","Student Visa","348","470","Yes","Graduate Route for 2 years","Not Applicable","Yes","348","470","September","January",17490,101.69
"2021","India","University of the Highlands and Islands","All postgraduate","Full-time","2021/2022","Student Visa","348","470","Yes","Graduate Route for 2 years","Not Applicable","Yes","348","470","September","January",55,101.69
"2021","Japan","Abertay University","All postgraduate","Full-time","2021/2022","Student Visa","348","470","Yes","Graduate Route for 2 years","Not Applicable","Yes","348","470","September","January",0,151.71
"2021","Japan","Edinburgh Napier University","All postgraduate","Full-time","2021/2022","Student Visa","348","470","Yes","Graduate Route for 2 years","Not Applicable","Yes","348","470","September","January",0,151.71
"2021","Japan","Glasgow Caledonian University","All postgraduate","Full-time","2021/2022","Student Visa","348","470","Yes","Graduate Route for 2 years","Not Applicable","Yes","348","470","September","January",0,151.71
"2021","Japan","Glasgow School of Art","All postgraduate","Full-time","2021/2022","Student Visa","348","470","Yes","Graduate Route for 2 years","Not Applicable","Yes","348","470","September","January",60,151.71
"2021","Japan","Heriot-Watt University","All postgraduate","Full-time","2021/2022","Student Visa","348","470","Yes","Graduate Route for 2 years","Not Applicable","Yes","348","470","September","January",60,151.71
"2021","Japan","Queen Margaret University, Edinburgh","All postgraduate","Full-time","2021/2022","Student Visa","348","470","Yes","Graduate Route for 2 years","Not Applicable","Yes","348","470","September","January",0,151.71
"2021","Japan","Robert Gordon University","All postgraduate","Full-time","2021/2022","Student Visa","348","470","Yes","Graduate Route for 2 years","Not Applicable","Yes","348","470","September","January",0,151.71
"2021","Japan","Royal Conservatoire of Scotland","All postgraduate","Full-time","2021/2022","Student Visa","348","470","Yes","Graduate Route for 2 years","Not Applicable","Yes","348","470","September","January",0,151.71
"2021","Japan","The University of Aberdeen","All postgraduate","Full-time","2021/2022","Student Visa","348","470","Yes","Graduate Route for 2 years","Not Applicable","Yes","348","470","September","January",60,151.71
"2021","Japan","The University of Dundee","All postgraduate","Full-time","2021/2022","Student Visa","348","470","Yes","Graduate Route for 2 years","Not Applicable","Yes","348","470","September","January",0,151.71
"2021","Japan","The University of Edinburgh","All postgraduate","Full-time","2021/2022","Student Visa","348","470","Yes","Graduate Route for 2 years","Not Applicable","Yes","348","470","September","January",600,151.71
"2021","Japan","The University of Glasgow","All postgraduate","Full-time","2021/2022","Student Visa","348","470","Yes","Graduate Route for 2 years","Not Applicable","Yes","348","470","September","January",300,151.71
"2021","Japan","The University of St. Andrews","All postgraduate","Full-time","2021/2022","Student Visa","348","470","Yes","Graduate Route for 2 years","Not Applicable","Yes","348","470","September","January",60,151.71
"2021","Japan","The University of Stirling","All postgraduate","Full-time","2021/2022","Student Visa","348","470","Yes","Graduate Route for 2 years","Not Applicable","Yes","348","470","September","January",0,151.71
"2021","Japan","The University of Strathclyde","All postgraduate","Full-time","2021/2022","Student Visa","348","470","Yes","Graduate Route for 2 years","Not Applicable","Yes","348","470","September","January",60,151.71
"2021","Japan","The University of the West of Scotland","All postgraduate","Full-time","2021/2022","Student Visa","348","470","Yes","Graduate Route for 2 years","Not Applicable","Yes","348","470","September","January",0,151.71
"2021","Japan","University of the Highlands and Islands","All postgraduate","Full-time","2021/2022","Student Visa","348","470","Yes","Graduate Route for 2 years","Not Applicable","Yes","348","470","September","January",0,151.71
"2021","Kenya","Abertay University","All postgraduate","Full-time","2021/2022","Student Visa","348","470","Yes","Graduate Route for 2 years","Not Applicable","Yes","348","470","September","January",0,150.85
"2021","Kenya","Edinburgh Napier University","All postgraduate","Full-time","2021/2022","Student Visa","348","470","Yes","Graduate Route for 2 years","Not Applicable","Yes","348","470","September","January",60,150.85
"2021","Kenya","Glasgow Caledonian University","All postgraduate","Full-time","2021/2022","Student Visa","348","470","Yes","Graduate Route for 2 years","Not Applicable","Yes","348","470","September","January",60,150.85
"2021","Kenya","Glasgow School of Art","All postgraduate","Full-time","2021/2022","Student Visa","348","470","Yes","Graduate Route for 2 years","Not Applicable","Yes","348","470","September","January",0,150.85
"2021","Kenya","Heriot-Watt University","All postgraduate","Full-time","2021/2022","Student Visa","348","470","Yes","Graduate Route for 2 years","Not Applicable","Yes","348","470","September","January",0,150.85
"2021","Kenya","Queen Margaret University, Edinburgh","All postgraduate","Full-time","2021/2022","Student Visa","348","470","Yes","Graduate Route for 2 years","Not Applicable","Yes","348","470","September","January",0,150.85
"2021","Kenya","Robert Gordon University","All postgraduate","Full-time","2021/2022","Student Visa","348","470","Yes","Graduate Route for 2 years","Not Applicable","Yes","348","470","September","January",60,150.85
"2021","Kenya","Royal Conservatoire of Scotland","All postgraduate","Full-time","2021/2022","Student Visa","348","470","Yes","Graduate Route for 2 years","Not Applicable","Yes","348","470","September","January",0,150.85
"2021","Kenya","The University of Aberdeen","All postgraduate","Full-time","2021/2022","Student Visa","348","470","Yes","Graduate Route for 2 years","Not Applicable","Yes","348","470","September","January",60,150.85
"2021","Kenya","The University of Dundee","All postgraduate","Full-time","2021/2022","Student Visa","348","470","Yes","Graduate Route for 2 years","Not Applicable","Yes","348","470","September","January",180,150.85
"2021","Kenya","The University of Edinburgh","All postgraduate","Full-time","2021/2022","Student Visa","348","470","Yes","Graduate Route for 2 years","Not Applicable","Yes","348","470","September","January",180,150.85
"2021","Kenya","The University of Glasgow","All postgraduate","Full-time","2021/2022","Student Visa","348","470","Yes","Graduate Route for 2 years","Not Applicable","Yes","348","470","September","January",180,150.85
"2021","Kenya","The University of St. Andrews","All postgraduate","Full-time","2021/2022","Student Visa","348","470","Yes","Graduate Route for 2 years","Not Applicable","Yes","348","470","September","January",60,150.85
"2021","Kenya","The University of Stirling","All postgraduate","Full-time","2021/2022","Student Visa","348","470","Yes","Graduate Route for 2 years","Not Applicable","Yes","348","470","September","January",60,150.85
"2021","Kenya","The University of Strathclyde","All postgraduate","Full-time","2021/2022","Student Visa","348","470","Yes","Graduate Route for 2 years","Not Applicable","Yes","348","470","September","January",60,150.85
"2021","Kenya","The University of the West of Scotland","All postgraduate","Full-time","2021/2022","Student Visa","348","470","Yes","Graduate Route for 2 years","Not Applicable","Yes","348","470","September","January",0,150.85
"2021","Kenya","University of the Highlands and Islands","All postgraduate","Full-time","2021/2022","Student Visa","348","470","Yes","Graduate Route for 2 years","Not Applicable","Yes","348","470","September","January",0,150.85
"2021","Kuwait","Abertay University","All postgraduate","Full-time","2021/2022","Student Visa","348","470","Yes","Graduate Route for 2 years","Not Applicable","Yes","348","470","September","January",0,0.42
"2021","Kuwait","Edinburgh Napier University","All postgraduate","Full-time","2021/2022","Student Visa","348","470","Yes","Graduate Route for 2 years","Not Applicable","Yes","348","470","September","January",0,0.42
"2021","Kuwait","Glasgow Caledonian University","All postgraduate","Full-time","2021/2022","Student Visa","348","470","Yes","Graduate Route for 2 years","Not Applicable","Yes","348","470","September","January",0,0.42
"2021","Kuwait","Glasgow School of Art","All postgraduate","Full-time","2021/2022","Student Visa","348","470","Yes","Graduate Route for 2 years","Not Applicable","Yes","348","470","September","January",0,0.42
"2021","Kuwait","Heriot-Watt University","All postgraduate","Full-time","2021/2022","Student Visa","348","470","Yes","Graduate Route for 2 years","Not Applicable","Yes","348","470","September","January",40,0.42
"2021","Kuwait","Queen Margaret University, Edinburgh","All postgraduate","Full-time","2021/2022","Student Visa","348","470","Yes","Graduate Route for 2 years","Not Applicable","Yes","348","470","September","January",0,0.42
"2021","Kuwait","Robert Gordon University","All postgraduate","Full-time","2021/2022","Student Visa","348","470","Yes","Graduate Route for 2 years","Not Applicable","Yes","348","470","September","January",20,0.42
"2021","Kuwait","Royal Conservatoire of Scotland","All postgraduate","Full-time","2021/2022","Student Visa","348","470","Yes","Graduate Route for 2 years","Not Applicable","Yes","348","470","September","January",0,0.42
"2021","Kuwait","The University of Aberdeen","All postgraduate","Full-time","2021/2022","Student Visa","348","470","Yes","Graduate Route for 2 years","Not Applicable","Yes","348","470","September","January",40,0.42
"2021","Kuwait","The University of Dundee","All postgraduate","Full-time","2021/2022","Student Visa","348","470","Yes","Graduate Route for 2 years","Not Applicable","Yes","348","470","September","January",40,0.42
"2021","Kuwait","The University of Edinburgh","All postgraduate","Full-time","2021/2022","Student Visa","348","470","Yes","Graduate Route for 2 years","Not Applicable","Yes","348","470","September","January",60,0.42
"2021","Kuwait","The University of Glasgow","All postgraduate","Full-time","2021/2022","Student Visa","348","470","Yes","Graduate Route for 2 years","Not Applicable","Yes","348","470","September","January",120,0.42
"2021","Kuwait","The University of St. Andrews","All postgraduate","Full-time","2021/2022","Student Visa","348","470","Yes","Graduate Route for 2 years","Not Applicable","Yes","348","470","September","January",0,0.42
"2021","Kuwait","The University of Stirling","All postgraduate","Full-time","2021/2022","Student Visa","348","470","Yes","Graduate Route for 2 years","Not Applicable","Yes","348","470","September","January",40,0.42
"2021","Kuwait","The University of Strathclyde","All postgraduate","Full-time","2021/2022","Student Visa","348","470","Yes","Graduate Route for 2 years","Not Applicable","Yes","348","470","September","January",220,0.42
"2021","Kuwait","The University of the West of Scotland","All postgraduate","Full-time","2021/2022","Student Visa","348","470","Yes","Graduate Route for 2 years","Not Applicable","Yes","348","470","September","January",0,0.42
"2021","Kuwait","University of the Highlands and Islands","All postgraduate","Full-time","2021/2022","Student Visa","348","470","Yes","Graduate Route for 2 years","Not Applicable","Yes","348","470","September","January",0,0.42
"2021","Libya","Abertay University","All postgraduate","Full-time","2021/2022","Student Visa","348","470","Yes","Graduate Route for 2 years","Not Applicable","Yes","348","470","September","January",0,6.07
"2021","Libya","Edinburgh Napier University","All postgraduate","Full-time","2021/2022","Student Visa","348","470","Yes","Graduate Route for 2 years","Not Applicable","Yes","348","470","September","January",0,6.07
"2021","Libya","Glasgow Caledonian University","All postgraduate","Full-time","2021/2022","Student Visa","348","470","Yes","Graduate Route for 2 years","Not Applicable","Yes","348","470","September","January",0,6.07
"2021","Libya","Glasgow School of Art","All postgraduate","Full-time","2021/2022","Student Visa","348","470","Yes","Graduate Route for 2 years","Not Applicable","Yes","348","470","September","January",0,6.07
"2021","Libya","Heriot-Watt University","All postgraduate","Full-time","2021/2022","Student Visa","348","470","Yes","Graduate Route for 2 years","Not Applicable","Yes","348","470","September","January",90,6.07
"2021","Libya","Queen Margaret University, Edinburgh","All postgraduate","Full-time","2021/2022","Student Visa","348","470","Yes","Graduate Route for 2 years","Not Applicable","Yes","348","470","September","January",0,6.07
"2021","Libya","Robert Gordon University","All postgraduate","Full-time","2021/2022","Student Visa","348","470","Yes","Graduate Route for 2 years","Not Applicable","Yes","348","470","September","January",0,6.07
"2021","Libya","Royal Conservatoire of Scotland","All postgraduate","Full-time","2021/2022","Student Visa","348","470","Yes","Graduate Route for 2 years","Not Applicable","Yes","348","470","September","January",0,6.07
"2021","Libya","The University of Aberdeen","All postgraduate","Full-time","2021/2022","Student Visa","348","470","Yes","Graduate Route for 2 years","Not Applicable","Yes","348","470","September","January",180,6.07
"2021","Libya","The University of Dundee","All postgraduate","Full-time","2021/2022","Student Visa","348","470","Yes","Graduate Route for 2 years","Not Applicable","Yes","348","470","September","January",180,6.07
"2021","Libya","The University of Edinburgh","All postgraduate","Full-time","2021/2022","Student Visa","348","470","Yes","Graduate Route for 2 years","Not Applicable","Yes","348","470","September","January",0,6.07
"2021","Libya","The University of Glasgow","All postgraduate","Full-time","2021/2022","Student Visa","348","470","Yes","Graduate Route for 2 years","Not Applicable","Yes","348","470","September","January",135,6.07
"2021","Libya","The University of St. Andrews","All postgraduate","Full-time","2021/2022","Student Visa","348","470","Yes","Graduate Route for 2 years","Not Applicable","Yes","348","470","September","January",0,6.07
"2021","Libya","The University of Stirling","All postgraduate","Full-time","2021/2022","Student Visa","348","470","Yes","Graduate Route for 2 years","Not Applicable","Yes","348","470","September","January",0,6.07
"2021","Libya","The University of Strathclyde","All postgraduate","Full-time","2021/2022","Student Visa","348","470","Yes","Graduate Route for 2 years","Not Applicable","Yes","348","470","September","January",180,6.07
"2021","Libya","The University of the West of Scotland","All postgraduate","Full-time","2021/2022","Student Visa","348","470","Yes","Graduate Route for 2 years","Not Applicable","Yes","348","470","September","January",0,6.07
"2021","Libya","University of the Highlands and Islands","All postgraduate","Full-time","2021/2022","Student Visa","348","470","Yes","Graduate Route for 2 years","Not Applicable","Yes","348","470","September","January",0,6.07
"2021","Nigeria","Abertay University","All postgraduate","Full-time","2021/2022","Student Visa","348","470","Yes","Graduate Route for 2 years","Not Applicable","Yes","348","470","September","January",0,550.42
"2021","Nigeria","Edinburgh Napier University","All postgraduate","Full-time","2021/2022","Student Visa","348","470","Yes","Graduate Route for 2 years","Not Applicable","Yes","348","470","September","January",0,550.42
"2021","Nigeria","Glasgow Caledonian University","All postgraduate","Full-time","2021/2022","Student Visa","348","470","Yes","Graduate Route for 2 years","Not Applicable","Yes","348","470","September","January",0,550.42
"2021","Nigeria","Glasgow School of Art","All postgraduate","Full-time","2021/2022","Student Visa","348","470","Yes","Graduate Route for 2 years","Not Applicable","Yes","348","470","September","January",0,550.42
"2021","Nigeria","Heriot-Watt University","All postgraduate","Full-time","2021/2022","Student Visa","348","470","Yes","Graduate Route for 2 years","Not Applicable","Yes","348","470","September","January",0,550.42
"2021","Nigeria","Queen Margaret University, Edinburgh","All postgraduate","Full-time","2021/2022","Student Visa","348","470","Yes","Graduate Route for 2 years","Not Applicable","Yes","348","470","September","January",0,550.42
"2021","Nigeria","Robert Gordon University","All postgraduate","Full-time","2021/2022","Student Visa","348","470","Yes","Graduate Route for 2 years","Not Applicable","Yes","348","470","September","January",0,550.42
"2021","Nigeria","Royal Conservatoire of Scotland","All postgraduate","Full-time","2021/2022","Student Visa","348","470","Yes","Graduate Route for 2 years","Not Applicable","Yes","348","470","September","January",0,550.42
"2021","Nigeria","The University of Aberdeen","All postgraduate","Full-time","2021/2022","Student Visa","348","470","Yes","Graduate Route for 2 years","Not Applicable","Yes","348","470","September","January",0,550.42
"2021","Nigeria","The University of Dundee","All postgraduate","Full-time","2021/2022","Student Visa","348","470","Yes","Graduate Route for 2 years","Not Applicable","Yes","348","470","September","January",0,550.42
"2021","Nigeria","The University of Edinburgh","All postgraduate","Full-time","2021/2022","Student Visa","348","470","Yes","Graduate Route for 2 years","Not Applicable","Yes","348","470","September","January",60,550.42
"2021","Nigeria","The University of Glasgow","All postgraduate","Full-time","2021/2022","Student Visa","348","470","Yes","Graduate Route for 2 years","Not Applicable","Yes","348","470","September","January",0,550.42
"2021","Nigeria","The University of St. Andrews","All postgraduate","Full-time","2021/2022","Student Visa","348","470","Yes","Graduate Route for 2 years","Not Applicable","Yes","348","470","September","January",0,550.42
"2021","Nigeria","The University of Stirling","All postgraduate","Full-time","2021/2022","Student Visa","348","470","Yes","Graduate Route for 2 years","Not Applicable","Yes","348","470","September","January",0,550.42
"2021","Nigeria","The University of Strathclyde","All postgraduate","Full-time","2021/2022","Student Visa","348","470","Yes","Graduate Route for 2 years","Not Applicable","Yes","348","470","September","January",0,550.42
"2021","Nigeria","The University of the West of Scotland","All postgraduate","Full-time","2021/2022","Student Visa","348","470","Yes","Graduate Route for 2 years","Not Applicable","Yes","348","470","September","January",0,550.42
"2021","Nigeria","University of the Highlands and Islands","All postgraduate","Full-time","2021/2022","Student Visa","348","470","Yes","Graduate Route for 2 years","Not Applicable","Yes","348","470","September","January",0,550.42
"2021","Oman","Abertay University","All postgraduate","Full-time","2021/2022","Student Visa","348","470","Yes","Graduate Route for 2 years","Not Applicable","Yes","348","470","September","January",0,0.53
"2021","Oman","Edinburgh Napier University","All postgraduate","Full-time","2021/2022","Student Visa","348","470","Yes","Graduate Route for 2 years","Not Applicable","Yes","348","470","September","January",0,0.53
"2021","Oman","Glasgow Caledonian University","All postgraduate","Full-time","2021/2022","Student Visa","348","470","Yes","Graduate Route for 2 years","Not Applicable","Yes","348","470","September","January",25,0.53
"2021","Oman","Glasgow School of Art","All postgraduate","Full-time","2021/2022","Student Visa","348","470","Yes","Graduate Route for 2 years","Not Applicable","Yes","348","470","September","January",0,0.53
"2021","Oman","Heriot-Watt University","All postgraduate","Full-time","2021/2022","Student Visa","348","470","Yes","Graduate Route for 2 years","Not Applicable","Yes","348","470","September","January",50,0.53
"2021","Oman","Queen Margaret University, Edinburgh","All postgraduate","Full-time","2021/2022","Student Visa","348","470","Yes","Graduate Route for 2 years","Not Applicable","Yes","348","470","September","January",0,0.53
"2021","Oman","Robert Gordon University","All postgraduate","Full-time","2021/2022","Student Visa","348","470","Yes","Graduate Route for 2 years","Not Applicable","Yes","348","470","September","January",25,0.53
"2021","Oman","Royal Conservatoire of Scotland","All postgraduate","Full-time","2021/2022","Student Visa","348","470","Yes","Graduate Route for 2 years","Not Applicable","Yes","348","470","September","January",0,0.53
"2021","Oman","The University of Aberdeen","All postgraduate","Full-time","2021/2022","Student Visa","348","470","Yes","Graduate Route for 2 years","Not Applicable","Yes","348","470","September","January",50,0.53
"2021","Oman","The University of Dundee","All postgraduate","Full-time","2021/2022","Student Visa","348","470","Yes","Graduate Route for 2 years","Not Applicable","Yes","348","470","September","January",25,0.53
"2021","Oman","The University of Edinburgh","All postgraduate","Full-time","2021/2022","Student Visa","348","470","Yes","Graduate Route for 2 years","Not Applicable","Yes","348","470","September","January",25,0.53
"2021","Oman","The University of Glasgow","All postgraduate","Full-time","2021/2022","Student Visa","348","470","Yes","Graduate Route for 2 years","Not Applicable","Yes","348","470","September","January",75,0.53
"2021","Oman","The University of St. Andrews","All postgraduate","Full-time","2021/2022","Student Visa","348","470","Yes","Graduate Route for 2 years","Not Applicable","Yes","348","470","September","January",0,0.53
"2021","Oman","The University of Stirling","All postgraduate","Full-time","2021/2022","Student Visa","348","470","Yes","Graduate Route for 2 years","Not Applicable","Yes","348","470","September","January",0,0.53
"2021","Oman","The University of Strathclyde","All postgraduate","Full-time","2021/2022","Student Visa","348","470","Yes","Graduate Route for 2 years","Not Applicable","Yes","348","470","September","January",75,0.53
"2021","Oman","The University of the West of Scotland","All postgraduate","Full-time","2021/2022","Student Visa","348","470","Yes","Graduate Route for 2 years","Not Applicable","Yes","348","470","September","January",0,0.53
"2021","Oman","University of the Highlands and Islands","All postgraduate","Full-time","2021/2022","Student Visa","348","470","Yes","Graduate Route for 2 years","Not Applicable","Yes","348","470","September","January",0,0.53
"2021","Pakistan","Abertay University","All postgraduate","Full-time","2021/2022","Student Visa","348","470","Yes","Graduate Route for 2 years","Not Applicable","Yes","348","470","September","January",0,223.59
"2021","Pakistan","Edinburgh Napier University","All postgraduate","Full-time","2021/2022","Student Visa","348","470","Yes","Graduate Route for 2 years","Not Applicable","Yes","348","470","September","January",4440,223.59
"2021","Pakistan","Glasgow Caledonian University","All postgraduate","Full-time","2021/2022","Student Visa","348","470","Yes","Graduate Route for 2 years","Not Applicable","Yes","348","470","September","January",6780,223.59
"2021","Pakistan","Glasgow School of Art","All postgraduate","Full-time","2021/2022","Student Visa","348","470","Yes","Graduate Route for 2 years","Not Applicable","Yes","348","470","September","January",0,223.59
"2021","Pakistan","Heriot-Watt University","All postgraduate","Full-time","2021/2022","Student Visa","348","470","Yes","Graduate Route for 2 years","Not Applicable","Yes","348","470","September","January",2760,223.59
"2021","Pakistan","Queen Margaret University, Edinburgh","All postgraduate","Full-time","2021/2022","Student Visa","348","470","Yes","Graduate Route for 2 years","Not Applicable","Yes","348","470","September","January",60,223.59
"2021","Pakistan","Robert Gordon University","All postgraduate","Full-time","2021/2022","Student Visa","348","470","Yes","Graduate Route for 2 years","Not Applicable","Yes","348","470","September","January",480,223.59
"2021","Pakistan","Royal Conservatoire of Scotland","All postgraduate","Full-time","2021/2022","Student Visa","348","470","Yes","Graduate Route for 2 years","Not Applicable","Yes","348","470","September","January",0,223.59
"2021","Pakistan","The University of Aberdeen","All postgraduate","Full-time","2021/2022","Student Visa","348","470","Yes","Graduate Route for 2 years","Not Applicable","Yes","348","470","September","January",180,223.59
"2021","Pakistan","The University of Dundee","All postgraduate","Full-time","2021/2022","Student Visa","348","470","Yes","Graduate Route for 2 years","Not Applicable","Yes","348","470","September","January",1680,223.59
"2021","Pakistan","The University of Edinburgh","All postgraduate","Full-time","2021/2022","Student Visa","348","470","Yes","Graduate Route for 2 years","Not Applicable","Yes","348","470","September","January",840,223.59
"2021","Pakistan","The University of Glasgow","All postgraduate","Full-time","2021/2022","Student Visa","348","470","Yes","Graduate Route for 2 years","Not Applicable","Yes","348","470","September","January",1080,223.59
"2021","Pakistan","The University of St. Andrews","All postgraduate","Full-time","2021/2022","Student Visa","348","470","Yes","Graduate Route for 2 years","Not Applicable","Yes","348","470","September","January",60,223.59
"2021","Pakistan","The University of Stirling","All postgraduate","Full-time","2021/2022","Student Visa","348","470","Yes","Graduate Route for 2 years","Not Applicable","Yes","348","470","September","January",5520,223.59
"2021","Pakistan","The University of Strathclyde","All postgraduate","Full-time","2021/2022","Student Visa","348","470","Yes","Graduate Route for 2 years","Not Applicable","Yes","348","470","September","January",1080,223.59
"2021","Pakistan","The University of the West of Scotland","All postgraduate","Full-time","2021/2022","Student Visa","348","470","Yes","Graduate Route for 2 years","Not Applicable","Yes","348","470","September","January",10500,223.59
"2021","Pakistan","University of the Highlands and Islands","All postgraduate","Full-time","2021/2022","Student Visa","348","470","Yes","Graduate Route for 2 years","Not Applicable","Yes","348","470","September","January",0,223.59
"2021","Tanzania","Abertay University","All postgraduate","Full-time","2021/2022","Student Visa","348","470","Yes","Graduate Route for 2 years","Not Applicable","Yes","348","470","September","January",0,3173.56
"2021","Tanzania","Edinburgh Napier University","All postgraduate","Full-time","2021/2022","Student Visa","348","470","Yes","Graduate Route for 2 years","Not Applicable","Yes","348","470","September","January",0,3173.56
"2021","Tanzania","Glasgow Caledonian University","All postgraduate","Full-time","2021/2022","Student Visa","348","470","Yes","Graduate Route for 2 years","Not Applicable","Yes","348","470","September","January",0,3173.56
"2021","Tanzania","Glasgow School of Art","All postgraduate","Full-time","2021/2022","Student Visa","348","470","Yes","Graduate Route for 2 years","Not Applicable","Yes","348","470","September","January",0,3173.56
"2021","Tanzania","Heriot-Watt University","All postgraduate","Full-time","2021/2022","Student Visa","348","470","Yes","Graduate Route for 2 years","Not Applicable","Yes","348","470","September","January",0,3173.56
"2021","Tanzania","Queen Margaret University, Edinburgh","All postgraduate","Full-time","2021/2022","Student Visa","348","470","Yes","Graduate Route for 2 years","Not Applicable","Yes","348","470","September","January",0,3173.56
"2021","Tanzania","Robert Gordon University","All postgraduate","Full-time","2021/2022","Student Visa","348","470","Yes","Graduate Route for 2 years","Not Applicable","Yes","348","470","September","January",0,3173.56
"2021","Tanzania","Royal Conservatoire of Scotland","All postgraduate","Full-time","2021/2022","Student Visa","348","470","Yes","Graduate Route for 2 years","Not Applicable","Yes","348","470","September","January",0,3173.56
"2021","Tanzania","The University of Aberdeen","All postgraduate","Full-time","2021/2022","Student Visa","348","470","Yes","Graduate Route for 2 years","Not Applicable","Yes","348","470","September","January",0,3173.56
"2021","Tanzania","The University of Dundee","All postgraduate","Full-time","2021/2022","Student Visa","348","470","Yes","Graduate Route for 2 years","Not Applicable","Yes","348","470","September","January",0,3173.56
"2021","Tanzania","The University of Edinburgh","All postgraduate","Full-time","2021/2022","Student Visa","348","470","Yes","Graduate Route for 2 years","Not Applicable","Yes","348","470","September","January",0,3173.56
"2021","Tanzania","The University of Glasgow","All postgraduate","Full-time","2021/2022","Student Visa","348","470","Yes","Graduate Route for 2 years","Not Applicable","Yes","348","470","September","January",0,3173.56
"2021","Tanzania","The University of St. Andrews","All postgraduate","Full-time","2021/2022","Student Visa","348","470","Yes","Graduate Route for 2 years","Not Applicable","Yes","348","470","September","January",0,3173.56
"2021","Tanzania","The University of Stirling","All postgraduate","Full-time","2021/2022","Student Visa","348","470","Yes","Graduate Route for 2 years","Not Applicable","Yes","348","470","September","January",0,3173.56
"2021","Tanzania","The University of Strathclyde","All postgraduate","Full-time","2021/2022","Student Visa","348","470","Yes","Graduate Route for 2 years","Not Applicable","Yes","348","470","September","January",0,3173.56
"2021","Tanzania","The University of the West of Scotland","All postgraduate","Full-time","2021/2022","Student Visa","348","470","Yes","Graduate Route for 2 years","Not Applicable","Yes","348","470","September","January",0,3173.56
"2021","Tanzania","University of the Highlands and Islands","All postgraduate","Full-time","2021/2022","Student Visa","348","470","Yes","Graduate Route for 2 years","Not Applicable","Yes","348","470","September","January",0,3173.56
"2021","Thailand","Abertay University","All postgraduate","Full-time","2021/2022","Student Visa","348","470","Yes","Graduate Route for 2 years","Not Applicable","Yes","348","470","September","January",0,44.04
"2021","Thailand","Edinburgh Napier University","All postgraduate","Full-time","2021/2022","Student Visa","348","470","Yes","Graduate Route for 2 years","Not Applicable","Yes","348","470","September","January",0,44.04
"2021","Thailand","Glasgow Caledonian University","All postgraduate","Full-time","2021/2022","Student Visa","348","470","Yes","Graduate Route for 2 years","Not Applicable","Yes","348","470","September","January",55,44.04
"2021","Thailand","Glasgow School of Art","All postgraduate","Full-time","2021/2022","Student Visa","348","470","Yes","Graduate Route for 2 years","Not Applicable","Yes","348","470","September","January",0,44.04
"2021","Thailand","Heriot-Watt University","All postgraduate","Full-time","2021/2022","Student Visa","348","470","Yes","Graduate Route for 2 years","Not Applicable","Yes","348","470","September","January",110,44.04
"2021","Thailand","Queen Margaret University, Edinburgh","All postgraduate","Full-time","2021/2022","Student Visa","348","470","Yes","Graduate Route for 2 years","Not Applicable","Yes","348","470","September","January",0,44.04
"2021","Thailand","Robert Gordon University","All postgraduate","Full-time","2021/2022","Student Visa","348","470","Yes","Graduate Route for 2 years","Not Applicable","Yes","348","470","September","January",0,44.04
"2021","Thailand","Royal Conservatoire of Scotland","All postgraduate","Full-time","2021/2022","Student Visa","348","470","Yes","Graduate Route for 2 years","Not Applicable","Yes","348","470","September","January",0,44.04
"2021","Thailand","The University of Aberdeen","All postgraduate","Full-time","2021/2022","Student Visa","348","470","Yes","Graduate Route for 2 years","Not Applicable","Yes","348","470","September","January",330,44.04
"2021","Thailand","The University of Dundee","All postgraduate","Full-time","2021/2022","Student Visa","348","470","Yes","Graduate Route for 2 years","Not Applicable","Yes","348","470","September","January",385,44.04
"2021","Thailand","The University of Edinburgh","All postgraduate","Full-time","2021/2022","Student Visa","348","470","Yes","Graduate Route for 2 years","Not Applicable","Yes","348","470","September","January",660,44.04
"2021","Thailand","The University of Glasgow","All postgraduate","Full-time","2021/2022","Student Visa","348","470","Yes","Graduate Route for 2 years","Not Applicable","Yes","348","470","September","January",1210,44.04
"2021","Thailand","The University of St. Andrews","All postgraduate","Full-time","2021/2022","Student Visa","348","470","Yes","Graduate Route for 2 years","Not Applicable","Yes","348","470","September","January",110,44.04
"2021","Thailand","The University of Stirling","All postgraduate","Full-time","2021/2022","Student Visa","348","470","Yes","Graduate Route for 2 years","Not Applicable","Yes","348","470","September","January",220,44.04
"2021","Thailand","The University of Strathclyde","All postgraduate","Full-time","2021/2022","Student Visa","348","470","Yes","Graduate Route for 2 years","Not Applicable","Yes","348","470","September","January",1375,44.04
"2021","Thailand","The University of the West of Scotland","All postgraduate","Full-time","2021/2022","Student Visa","348","470","Yes","Graduate Route for 2 years","Not Applicable","Yes","348","470","September","January",55,44.04
"2021","Thailand","University of the Highlands and Islands","All postgraduate","Full-time","2021/2022","Student Visa","348","470","Yes","Graduate Route for 2 years","Not Applicable","Yes","348","470","September","January",0,44.04
"2021","Turkey","Abertay University","All postgraduate","Full-time","2021/2022","Student Visa","348","470","Yes","Graduate Route for 2 years","Not Applicable","Yes","348","470","September","January",0,12.62
"2021","Turkey","Edinburgh Napier University","All postgraduate","Full-time","2021/2022","Student Visa","348","470","Yes","Graduate Route for 2 years","Not Applicable","Yes","348","470","September","January",0,12.62
"2021","Turkey","Glasgow Caledonian University","All postgraduate","Full-time","2021/2022","Student Visa","348","470","Yes","Graduate Route for 2 years","Not Applicable","Yes","348","470","September","January",0,12.62
"2021","Turkey","Glasgow School of Art","All postgraduate","Full-time","2021/2022","Student Visa","348","470","Yes","Graduate Route for 2 years","Not Applicable","Yes","348","470","September","January",0,12.62
"2021","Turkey","Heriot-Watt University","All postgraduate","Full-time","2021/2022","Student Visa","348","470","Yes","Graduate Route for 2 years","Not Applicable","Yes","348","470","September","January",120,12.62
"2021","Turkey","Queen Margaret University, Edinburgh","All postgraduate","Full-time","2021/2022","Student Visa","348","470","Yes","Graduate Route for 2 years","Not Applicable","Yes","348","470","September","January",60,12.62
"2021","Turkey","Robert Gordon University","All postgraduate","Full-time","2021/2022","Student Visa","348","470","Yes","Graduate Route for 2 years","Not Applicable","Yes","348","470","September","January",0,12.62
"2021","Turkey","Royal Conservatoire of Scotland","All postgraduate","Full-time","2021/2022","Student Visa","348","470","Yes","Graduate Route for 2 years","Not Applicable","Yes","348","470","September","January",0,12.62
"2021","Turkey","The University of Aberdeen","All postgraduate","Full-time","2021/2022","Student Visa","348","470","Yes","Graduate Route for 2 years","Not Applicable","Yes","348","470","September","January",180,12.62
"2021","Turkey","The University of Dundee","All postgraduate","Full-time","2021/2022","Student Visa","348","470","Yes","Graduate Route for 2 years","Not Applicable","Yes","348","470","September","January",120,12.62
"2021","Turkey","The University of Edinburgh","All postgraduate","Full-time","2021/2022","Student Visa","348","470","Yes","Graduate Route for 2 years","Not Applicable","Yes","348","470","September","January",960,12.62
"2021","Turkey","The University of Glasgow","All postgraduate","Full-time","2021/2022","Student Visa","348","470","Yes","Graduate Route for 2 years","Not Applicable","Yes","348","470","September","January",660,12.62
"2021","Turkey","The University of St. Andrews","All postgraduate","Full-time","2021/2022","Student Visa","348","470","Yes","Graduate Route for 2 years","Not Applicable","Yes","348","470","September","January",60,12.62
"2021","Turkey","The University of Stirling","All postgraduate","Full-time","2021/2022","Student Visa","348","470","Yes","Graduate Route for 2 years","Not Applicable","Yes","348","470","September","January",240,12.62
"2021","Turkey","The University of Strathclyde","All postgraduate","Full-time","2021/2022","Student Visa","348","470","Yes","Graduate Route for 2 years","Not Applicable","Yes","348","470","September","January",540,12.62
"2021","Turkey","The University of the West of Scotland","All postgraduate","Full-time","2021/2022","Student Visa","348","470","Yes","Graduate Route for 2 years","Not Applicable","Yes","348","470","September","January",180,12.62
"2021","Turkey","University of the Highlands and Islands","All postgraduate","Full-time","2021/2022","Student Visa","348","470","Yes","Graduate Route for 2 years","Not Applicable","Yes","348","470","September","January",0,12.62
"2021","Uganda","Abertay University","All postgraduate","Full-time","2021/2022","Student Visa","348","470","Yes","Graduate Route for 2 years","Not Applicable","Yes","348","470","September","January",0,4916.32
"2021","Uganda","Edinburgh Napier University","All postgraduate","Full-time","2021/2022","Student Visa","348","470","Yes","Graduate Route for 2 years","Not Applicable","Yes","348","470","September","January",0,4916.32
"2021","Uganda","Glasgow Caledonian University","All postgraduate","Full-time","2021/2022","Student Visa","348","470","Yes","Graduate Route for 2 years","Not Applicable","Yes","348","470","September","January",0,4916.32
"2021","Uganda","Glasgow School of Art","All postgraduate","Full-time","2021/2022","Student Visa","348","470","Yes","Graduate Route for 2 years","Not Applicable","Yes","348","470","September","January",0,4916.32
"2021","Uganda","Heriot-Watt University","All postgraduate","Full-time","2021/2022","Student Visa","348","470","Yes","Graduate Route for 2 years","Not Applicable","Yes","348","470","September","January",0,4916.32
"2021","Uganda","Queen Margaret University, Edinburgh","All postgraduate","Full-time","2021/2022","Student Visa","348","470","Yes","Graduate Route for 2 years","Not Applicable","Yes","348","470","September","January",0,4916.32
"2021","Uganda","Robert Gordon University","All postgraduate","Full-time","2021/2022","Student Visa","348","470","Yes","Graduate Route for 2 years","Not Applicable","Yes","348","470","September","January",0,4916.32
"2021","Uganda","Royal Conservatoire of Scotland","All postgraduate","Full-time","2021/2022","Student Visa","348","470","Yes","Graduate Route for 2 years","Not Applicable","Yes","348","470","September","January",0,4916.32
"2021","Uganda","The University of Aberdeen","All postgraduate","Full-time","2021/2022","Student Visa","348","470","Yes","Graduate Route for 2 years","Not Applicable","Yes","348","470","September","January",0,4916.32
"2021","Uganda","The University of Dundee","All postgraduate","Full-time","2021/2022","Student Visa","348","470","Yes","Graduate Route for 2 years","Not Applicable","Yes","348","470","September","January",0,4916.32
"2021","Uganda","The University of Edinburgh","All postgraduate","Full-time","2021/2022","Student Visa","348","470","Yes","Graduate Route for 2 years","Not Applicable","Yes","348","470","September","January",0,4916.32
"2021","Uganda","The University of Glasgow","All postgraduate","Full-time","2021/2022","Student Visa","348","470","Yes","Graduate Route for 2 years","Not Applicable","Yes","348","470","September","January",0,4916.32
"2021","Uganda","The University of St. Andrews","All postgraduate","Full-time","2021/2022","Student Visa","348","470","Yes","Graduate Route for 2 years","Not Applicable","Yes","348","470","September","January",0,4916.32
"2021","Uganda","The University of Stirling","All postgraduate","Full-time","2021/2022","Student Visa","348","470","Yes","Graduate Route for 2 years","Not Applicable","Yes","348","470","September","January",0,4916.32
"2021","Uganda","The University of Strathclyde","All postgraduate","Full-time","2021/2022","Student Visa","348","470","Yes","Graduate Route for 2 years","Not Applicable","Yes","348","470","September","January",0,4916.32
"2021","Uganda","The University of the West of Scotland","All postgraduate","Full-time","2021/2022","Student Visa","348","470","Yes","Graduate Route for 2 years","Not Applicable","Yes","348","470","September","January",0,4916.32
"2021","Uganda","University of the Highlands and Islands","All postgraduate","Full-time","2021/2022","Student Visa","348","470","Yes","Graduate Route for 2 years","Not Applicable","Yes","348","470","September","January",0,4916.32
